#0 building with "pmultiarch" instance using docker-container driver

#1 [internal] load build definition from Dockerfile
#1 transferring dockerfile: 1.55kB 0.0s done
#1 DONE 0.0s

#2 [linux/amd64 internal] load metadata for docker.io/library/eclipse-temurin:25-jdk-jammy
#2 ...

#3 [auth] library/eclipse-temurin:pull token for registry-1.docker.io
#3 DONE 0.0s

#4 [linux/arm64 internal] load metadata for docker.io/library/eclipse-temurin:25-jdk-jammy
#4 ...

#2 [linux/amd64 internal] load metadata for docker.io/library/eclipse-temurin:25-jdk-jammy
#2 DONE 1.5s

#5 [internal] load .dockerignore
#5 transferring context: 95B done
#5 DONE 0.0s

#4 [linux/arm64 internal] load metadata for docker.io/library/eclipse-temurin:25-jdk-jammy
#4 DONE 1.5s

#6 [linux/arm64 stage-1 1/5] FROM docker.io/library/eclipse-temurin:25-jdk-jammy@sha256:c0e0be82836e51fc78c06db5ab2b4d440f1ce1672f4c4589c9c9ec2f3f432477
#6 resolve docker.io/library/eclipse-temurin:25-jdk-jammy@sha256:c0e0be82836e51fc78c06db5ab2b4d440f1ce1672f4c4589c9c9ec2f3f432477 0.0s done
#6 sha256:10c03890044b6ccd3a11f5de624d4cb4795a132b3ea07dfe1f41744e6c296e70 0B / 2.28kB 0.2s
#6 sha256:10c03890044b6ccd3a11f5de624d4cb4795a132b3ea07dfe1f41744e6c296e70 2.28kB / 2.28kB 0.2s done
#6 sha256:7a57242b10099485d54714d0e3ff25b004c84567a7fbc274d1776211651a6167 0B / 91.64MB 0.2s
#6 sha256:7a57242b10099485d54714d0e3ff25b004c84567a7fbc274d1776211651a6167 5.24MB / 91.64MB 4.5s
#6 ...

#7 [linux/amd64 builder 1/8] FROM docker.io/library/eclipse-temurin:25-jdk-jammy@sha256:c0e0be82836e51fc78c06db5ab2b4d440f1ce1672f4c4589c9c9ec2f3f432477
#7 resolve docker.io/library/eclipse-temurin:25-jdk-jammy@sha256:c0e0be82836e51fc78c06db5ab2b4d440f1ce1672f4c4589c9c9ec2f3f432477 0.0s done
#7 sha256:d544298cabd50e7c86bfef1e52b67f01db6b3a57bfecfe37a851873dee83e52a 7.34MB / 29.74MB 6.0s
#7 sha256:3d46b942d5c192017b6735ddfdf4a4f8c49eac1078434e11dec2b66842a243e1 5.24MB / 15.91MB 6.0s
#7 sha256:320587ce9b5da9fe2a1ce2079439cba412596cec4e16bb48bba927d6e6a60a6f 49.28MB / 92.67MB 6.0s
#7 sha256:7df83caae16555606af3dd60f037f734ef29ecd9dfc4e00168fd70ccffdf3a21 2.28kB / 2.28kB 0.3s done
#7 sha256:3d46b942d5c192017b6735ddfdf4a4f8c49eac1078434e11dec2b66842a243e1 6.29MB / 15.91MB 6.5s
#7 sha256:320587ce9b5da9fe2a1ce2079439cba412596cec4e16bb48bba927d6e6a60a6f 54.53MB / 92.67MB 6.8s
#7 sha256:3d46b942d5c192017b6735ddfdf4a4f8c49eac1078434e11dec2b66842a243e1 7.34MB / 15.91MB 7.2s
#7 sha256:320587ce9b5da9fe2a1ce2079439cba412596cec4e16bb48bba927d6e6a60a6f 59.77MB / 92.67MB 7.5s
#7 sha256:d544298cabd50e7c86bfef1e52b67f01db6b3a57bfecfe37a851873dee83e52a 9.44MB / 29.74MB 7.8s
#7 sha256:3d46b942d5c192017b6735ddfdf4a4f8c49eac1078434e11dec2b66842a243e1 8.39MB / 15.91MB 8.0s
#7 sha256:320587ce9b5da9fe2a1ce2079439cba412596cec4e16bb48bba927d6e6a60a6f 65.01MB / 92.67MB 8.4s
#7 sha256:3d46b942d5c192017b6735ddfdf4a4f8c49eac1078434e11dec2b66842a243e1 9.44MB / 15.91MB 8.6s
#7 ...

#8 [internal] load build context
#8 transferring context: 158.36MB 9.0s done
#8 DONE 9.0s

#7 [linux/amd64 builder 1/8] FROM docker.io/library/eclipse-temurin:25-jdk-jammy@sha256:c0e0be82836e51fc78c06db5ab2b4d440f1ce1672f4c4589c9c9ec2f3f432477
#7 ...

#6 [linux/arm64 stage-1 1/5] FROM docker.io/library/eclipse-temurin:25-jdk-jammy@sha256:c0e0be82836e51fc78c06db5ab2b4d440f1ce1672f4c4589c9c9ec2f3f432477
#6 sha256:7a57242b10099485d54714d0e3ff25b004c84567a7fbc274d1776211651a6167 13.63MB / 91.64MB 8.4s
#6 sha256:7a57242b10099485d54714d0e3ff25b004c84567a7fbc274d1776211651a6167 18.87MB / 91.64MB 10.0s
#6 sha256:730b431c8fbcd46d36b2bd9776756c3d871df2d98f2e49402d600497eac7188a 0B / 17.34MB 0.2s
#6 sha256:730b431c8fbcd46d36b2bd9776756c3d871df2d98f2e49402d600497eac7188a 1.05MB / 17.34MB 0.8s
#6 sha256:7a57242b10099485d54714d0e3ff25b004c84567a7fbc274d1776211651a6167 24.12MB / 91.64MB 12.7s
#6 sha256:730b431c8fbcd46d36b2bd9776756c3d871df2d98f2e49402d600497eac7188a 2.10MB / 17.34MB 1.2s
#6 ...

#7 [linux/amd64 builder 1/8] FROM docker.io/library/eclipse-temurin:25-jdk-jammy@sha256:c0e0be82836e51fc78c06db5ab2b4d440f1ce1672f4c4589c9c9ec2f3f432477
#7 sha256:d544298cabd50e7c86bfef1e52b67f01db6b3a57bfecfe37a851873dee83e52a 22.02MB / 29.74MB 13.2s
#7 sha256:3d46b942d5c192017b6735ddfdf4a4f8c49eac1078434e11dec2b66842a243e1 15.91MB / 15.91MB 12.0s done
#7 sha256:320587ce9b5da9fe2a1ce2079439cba412596cec4e16bb48bba927d6e6a60a6f 89.13MB / 92.67MB 13.2s
#7 sha256:d544298cabd50e7c86bfef1e52b67f01db6b3a57bfecfe37a851873dee83e52a 24.12MB / 29.74MB 13.8s
#7 sha256:d544298cabd50e7c86bfef1e52b67f01db6b3a57bfecfe37a851873dee83e52a 26.21MB / 29.74MB 14.2s
#7 sha256:320587ce9b5da9fe2a1ce2079439cba412596cec4e16bb48bba927d6e6a60a6f 92.67MB / 92.67MB 14.3s done
#7 sha256:d544298cabd50e7c86bfef1e52b67f01db6b3a57bfecfe37a851873dee83e52a 28.31MB / 29.74MB 14.7s
#7 sha256:d544298cabd50e7c86bfef1e52b67f01db6b3a57bfecfe37a851873dee83e52a 29.74MB / 29.74MB 15.1s done
#7 DONE 15.2s

#6 [linux/arm64 stage-1 1/5] FROM docker.io/library/eclipse-temurin:25-jdk-jammy@sha256:c0e0be82836e51fc78c06db5ab2b4d440f1ce1672f4c4589c9c9ec2f3f432477
#6 sha256:730b431c8fbcd46d36b2bd9776756c3d871df2d98f2e49402d600497eac7188a 7.34MB / 17.34MB 3.0s
#6 sha256:231032373bb3b10375f5940876c5c9a4a630f4e007e3aee895f8e1687b00295e 2.10MB / 27.62MB 0.8s
#6 sha256:730b431c8fbcd46d36b2bd9776756c3d871df2d98f2e49402d600497eac7188a 8.39MB / 17.34MB 3.2s
#6 sha256:730b431c8fbcd46d36b2bd9776756c3d871df2d98f2e49402d600497eac7188a 9.44MB / 17.34MB 3.6s
#6 sha256:231032373bb3b10375f5940876c5c9a4a630f4e007e3aee895f8e1687b00295e 4.19MB / 27.62MB 1.4s
#6 sha256:730b431c8fbcd46d36b2bd9776756c3d871df2d98f2e49402d600497eac7188a 10.49MB / 17.34MB 3.9s
#6 sha256:7a57242b10099485d54714d0e3ff25b004c84567a7fbc274d1776211651a6167 30.41MB / 91.64MB 15.4s
#6 sha256:231032373bb3b10375f5940876c5c9a4a630f4e007e3aee895f8e1687b00295e 6.90MB / 27.62MB 1.8s
#6 sha256:730b431c8fbcd46d36b2bd9776756c3d871df2d98f2e49402d600497eac7188a 11.53MB / 17.34MB 4.2s
#6 sha256:231032373bb3b10375f5940876c5c9a4a630f4e007e3aee895f8e1687b00295e 9.44MB / 27.62MB 2.1s
#6 sha256:730b431c8fbcd46d36b2bd9776756c3d871df2d98f2e49402d600497eac7188a 12.58MB / 17.34MB 4.5s
#6 sha256:231032373bb3b10375f5940876c5c9a4a630f4e007e3aee895f8e1687b00295e 11.53MB / 27.62MB 2.6s
#6 sha256:730b431c8fbcd46d36b2bd9776756c3d871df2d98f2e49402d600497eac7188a 13.63MB / 17.34MB 5.0s
#6 sha256:231032373bb3b10375f5940876c5c9a4a630f4e007e3aee895f8e1687b00295e 13.63MB / 27.62MB 2.9s
#6 sha256:730b431c8fbcd46d36b2bd9776756c3d871df2d98f2e49402d600497eac7188a 14.68MB / 17.34MB 5.3s
#6 sha256:231032373bb3b10375f5940876c5c9a4a630f4e007e3aee895f8e1687b00295e 15.73MB / 27.62MB 3.2s
#6 ...

#7 [linux/amd64 builder 1/8] FROM docker.io/library/eclipse-temurin:25-jdk-jammy@sha256:c0e0be82836e51fc78c06db5ab2b4d440f1ce1672f4c4589c9c9ec2f3f432477
#7 extracting sha256:d544298cabd50e7c86bfef1e52b67f01db6b3a57bfecfe37a851873dee83e52a 0.8s done
#7 extracting sha256:3d46b942d5c192017b6735ddfdf4a4f8c49eac1078434e11dec2b66842a243e1 0.8s done
#7 extracting sha256:320587ce9b5da9fe2a1ce2079439cba412596cec4e16bb48bba927d6e6a60a6f 1.0s done
#7 DONE 17.8s

#6 [linux/arm64 stage-1 1/5] FROM docker.io/library/eclipse-temurin:25-jdk-jammy@sha256:c0e0be82836e51fc78c06db5ab2b4d440f1ce1672f4c4589c9c9ec2f3f432477
#6 ...

#7 [linux/amd64 builder 1/8] FROM docker.io/library/eclipse-temurin:25-jdk-jammy@sha256:c0e0be82836e51fc78c06db5ab2b4d440f1ce1672f4c4589c9c9ec2f3f432477
#7 extracting sha256:4f4fb700ef54461cfa02571ae0db9a0dc1e0cdb5577484a6d75e68dc38e8acc1 0.0s done
#7 extracting sha256:7df83caae16555606af3dd60f037f734ef29ecd9dfc4e00168fd70ccffdf3a21 0.0s done
#7 DONE 17.8s

#6 [linux/arm64 stage-1 1/5] FROM docker.io/library/eclipse-temurin:25-jdk-jammy@sha256:c0e0be82836e51fc78c06db5ab2b4d440f1ce1672f4c4589c9c9ec2f3f432477
#6 sha256:730b431c8fbcd46d36b2bd9776756c3d871df2d98f2e49402d600497eac7188a 15.73MB / 17.34MB 5.7s
#6 sha256:231032373bb3b10375f5940876c5c9a4a630f4e007e3aee895f8e1687b00295e 17.83MB / 27.62MB 3.5s
#6 sha256:231032373bb3b10375f5940876c5c9a4a630f4e007e3aee895f8e1687b00295e 19.92MB / 27.62MB 3.8s
#6 sha256:7a57242b10099485d54714d0e3ff25b004c84567a7fbc274d1776211651a6167 35.65MB / 91.64MB 17.7s
#6 sha256:730b431c8fbcd46d36b2bd9776756c3d871df2d98f2e49402d600497eac7188a 16.78MB / 17.34MB 6.2s
#6 sha256:231032373bb3b10375f5940876c5c9a4a630f4e007e3aee895f8e1687b00295e 22.02MB / 27.62MB 3.9s
#6 sha256:730b431c8fbcd46d36b2bd9776756c3d871df2d98f2e49402d600497eac7188a 17.34MB / 17.34MB 6.5s done
#6 sha256:231032373bb3b10375f5940876c5c9a4a630f4e007e3aee895f8e1687b00295e 24.12MB / 27.62MB 4.2s
#6 sha256:231032373bb3b10375f5940876c5c9a4a630f4e007e3aee895f8e1687b00295e 27.26MB / 27.62MB 4.5s
#6 ...

#9 [linux/amd64 builder 2/8] WORKDIR /app
#9 DONE 1.5s

#6 [linux/arm64 stage-1 1/5] FROM docker.io/library/eclipse-temurin:25-jdk-jammy@sha256:c0e0be82836e51fc78c06db5ab2b4d440f1ce1672f4c4589c9c9ec2f3f432477
#6 sha256:7a57242b10099485d54714d0e3ff25b004c84567a7fbc274d1776211651a6167 41.94MB / 91.64MB 18.7s
#6 sha256:231032373bb3b10375f5940876c5c9a4a630f4e007e3aee895f8e1687b00295e 27.62MB / 27.62MB 4.9s done
#6 extracting sha256:231032373bb3b10375f5940876c5c9a4a630f4e007e3aee895f8e1687b00295e
#6 sha256:7a57242b10099485d54714d0e3ff25b004c84567a7fbc274d1776211651a6167 47.19MB / 91.64MB 19.3s
#6 extracting sha256:231032373bb3b10375f5940876c5c9a4a630f4e007e3aee895f8e1687b00295e 0.6s done
#6 extracting sha256:730b431c8fbcd46d36b2bd9776756c3d871df2d98f2e49402d600497eac7188a
#6 extracting sha256:730b431c8fbcd46d36b2bd9776756c3d871df2d98f2e49402d600497eac7188a 0.4s done
#6 sha256:7a57242b10099485d54714d0e3ff25b004c84567a7fbc274d1776211651a6167 52.43MB / 91.64MB 21.3s
#6 sha256:7a57242b10099485d54714d0e3ff25b004c84567a7fbc274d1776211651a6167 57.67MB / 91.64MB 22.6s
#6 sha256:7a57242b10099485d54714d0e3ff25b004c84567a7fbc274d1776211651a6167 62.91MB / 91.64MB 23.5s
#6 sha256:7a57242b10099485d54714d0e3ff25b004c84567a7fbc274d1776211651a6167 68.16MB / 91.64MB 24.4s
#6 sha256:7a57242b10099485d54714d0e3ff25b004c84567a7fbc274d1776211651a6167 73.40MB / 91.64MB 25.5s
#6 sha256:7a57242b10099485d54714d0e3ff25b004c84567a7fbc274d1776211651a6167 78.64MB / 91.64MB 25.9s
#6 sha256:7a57242b10099485d54714d0e3ff25b004c84567a7fbc274d1776211651a6167 83.89MB / 91.64MB 26.4s
#6 sha256:7a57242b10099485d54714d0e3ff25b004c84567a7fbc274d1776211651a6167 89.13MB / 91.64MB 26.8s
#6 sha256:7a57242b10099485d54714d0e3ff25b004c84567a7fbc274d1776211651a6167 91.64MB / 91.64MB 27.1s done
#6 extracting sha256:7a57242b10099485d54714d0e3ff25b004c84567a7fbc274d1776211651a6167
#6 extracting sha256:7a57242b10099485d54714d0e3ff25b004c84567a7fbc274d1776211651a6167 0.9s done
#6 DONE 28.8s

#10 [linux/amd64 builder 3/8] RUN apt update -q     && apt upgrade -q -y     && apt install -q -y --no-install-recommends         curl         jq         nodejs         npm     && apt clean -q -y     && apt autoremove --purge -q -y     && echo node: $(node --version)     && echo npm: $(npm --version)     && echo npx: $(npx --version)
#10 0.153 
#10 0.153 WARNING: apt does not have a stable CLI interface. Use with caution in scripts.
#10 0.153 
#10 0.263 Get:1 http://archive.ubuntu.com/ubuntu jammy InRelease [270 kB]
#10 0.266 Get:2 http://security.ubuntu.com/ubuntu jammy-security InRelease [129 kB]
#10 0.472 Get:3 http://archive.ubuntu.com/ubuntu jammy-updates InRelease [128 kB]
#10 0.493 Get:4 http://security.ubuntu.com/ubuntu jammy-security/restricted amd64 Packages [7,569 kB]
#10 0.525 Get:5 http://archive.ubuntu.com/ubuntu jammy-backports InRelease [127 kB]
#10 0.581 Get:6 http://archive.ubuntu.com/ubuntu jammy/main amd64 Packages [1,792 kB]
#10 1.048 Get:7 http://archive.ubuntu.com/ubuntu jammy/multiverse amd64 Packages [266 kB]
#10 1.102 Get:8 http://archive.ubuntu.com/ubuntu jammy/restricted amd64 Packages [164 kB]
#10 1.138 Get:9 http://archive.ubuntu.com/ubuntu jammy/universe amd64 Packages [17.5 MB]
#10 2.122 Get:10 http://security.ubuntu.com/ubuntu jammy-security/multiverse amd64 Packages [84.1 kB]
#10 2.135 Get:11 http://security.ubuntu.com/ubuntu jammy-security/universe amd64 Packages [1,314 kB]
#10 2.375 Get:12 http://security.ubuntu.com/ubuntu jammy-security/main amd64 Packages [4,202 kB]
#10 4.642 Get:13 http://archive.ubuntu.com/ubuntu jammy-updates/main amd64 Packages [4,563 kB]
#10 5.389 Get:14 http://archive.ubuntu.com/ubuntu jammy-updates/restricted amd64 Packages [7,914 kB]
#10 6.635 Get:15 http://archive.ubuntu.com/ubuntu jammy-updates/universe amd64 Packages [1,617 kB]
#10 6.904 Get:16 http://archive.ubuntu.com/ubuntu jammy-updates/multiverse amd64 Packages [92.7 kB]
#10 6.920 Get:17 http://archive.ubuntu.com/ubuntu jammy-backports/main amd64 Packages [82.8 kB]
#10 6.933 Get:18 http://archive.ubuntu.com/ubuntu jammy-backports/universe amd64 Packages [35.6 kB]
#10 6.969 Fetched 47.8 MB in 7s (7,033 kB/s)
#10 6.969 Reading package lists...
#10 7.817 Building dependency tree...
#10 7.982 Reading state information...
#10 7.993 All packages are up to date.
#10 7.998 
#10 7.998 WARNING: apt does not have a stable CLI interface. Use with caution in scripts.
#10 7.998 
#10 8.019 Reading package lists...
#10 8.895 Building dependency tree...
#10 9.054 Reading state information...
#10 9.093 Calculating upgrade...
#10 9.265 0 upgraded, 0 newly installed, 0 to remove and 0 not upgraded.
#10 9.268 
#10 9.268 WARNING: apt does not have a stable CLI interface. Use with caution in scripts.
#10 9.268 
#10 9.288 Reading package lists...
#10 ...

#6 [linux/arm64 stage-1 1/5] FROM docker.io/library/eclipse-temurin:25-jdk-jammy@sha256:c0e0be82836e51fc78c06db5ab2b4d440f1ce1672f4c4589c9c9ec2f3f432477
#6 extracting sha256:4f4fb700ef54461cfa02571ae0db9a0dc1e0cdb5577484a6d75e68dc38e8acc1 done
#6 extracting sha256:10c03890044b6ccd3a11f5de624d4cb4795a132b3ea07dfe1f41744e6c296e70 0.0s done
#6 DONE 28.8s

#11 [linux/arm64 stage-1 2/5] WORKDIR /app
#11 DONE 1.2s

#10 [linux/amd64 builder 3/8] RUN apt update -q     && apt upgrade -q -y     && apt install -q -y --no-install-recommends         curl         jq         nodejs         npm     && apt clean -q -y     && apt autoremove --purge -q -y     && echo node: $(node --version)     && echo npm: $(npm --version)     && echo npx: $(npx --version)
#10 9.288 Reading package lists...
#10 10.11 Building dependency tree...
#10 10.29 Reading state information...
#10 10.45 The following additional packages will be installed:
#10 10.45   gyp libc-ares2 libcurl4 libicu70 libjq1 libjs-events libjs-inherits
#10 10.45   libjs-is-typedarray libjs-typedarray-to-buffer libldap-2.5-0 libmpdec3
#10 10.45   libnghttp2-14 libnode-dev libnode72 libonig5 libpsl5 libpython3-stdlib
#10 10.45   libpython3.10-minimal libpython3.10-stdlib libreadline8 librtmp1 libsasl2-2
#10 10.45   libsasl2-modules-db libsqlite3-0 libssh-4 libssl-dev libuv1 libuv1-dev
#10 10.45   media-types node-abbrev node-agent-base node-ansi-regex node-ansi-styles
#10 10.45   node-ansistyles node-aproba node-archy node-are-we-there-yet node-asap
#10 10.45   node-balanced-match node-brace-expansion node-builtins node-cacache
#10 10.45   node-chalk node-chownr node-cli-table node-clone node-color-convert
#10 10.45   node-color-name node-colors node-columnify node-console-control-strings
#10 10.45   node-copy-concurrently node-core-util-is node-debug node-decompress-response
#10 10.45   node-defaults node-delegates node-depd node-encoding node-end-of-stream
#10 10.45   node-err-code node-escape-string-regexp node-events node-fancy-log
#10 10.45   node-fs-write-stream-atomic node-fs.realpath node-function-bind node-gauge
#10 10.45   node-get-stream node-glob node-got node-graceful-fs node-gyp node-has-flag
#10 10.45   node-has-unicode node-hosted-git-info node-https-proxy-agent node-iconv-lite
#10 10.45   node-iferr node-imurmurhash node-indent-string node-inflight node-inherits
#10 10.45   node-ini node-ip node-ip-regex node-is-typedarray node-isarray node-isexe
#10 10.45   node-json-buffer node-json-parse-better-errors node-jsonparse
#10 10.45   node-lowercase-keys node-lru-cache node-mimic-response node-minimatch
#10 10.45   node-minipass node-mkdirp node-move-concurrently node-ms node-mute-stream
#10 10.45   node-negotiator node-nopt node-normalize-package-data node-npm-bundled
#10 10.45   node-npm-package-arg node-npmlog node-object-assign node-once node-osenv
#10 10.45   node-p-cancelable node-p-map node-path-is-absolute node-process-nextick-args
#10 10.45   node-promise-inflight node-promise-retry node-promzard node-pump
#10 10.45   node-quick-lru node-read node-read-package-json node-readable-stream
#10 10.45   node-resolve node-retry node-rimraf node-run-queue node-safe-buffer
#10 10.45   node-semver node-set-blocking node-signal-exit node-slash node-slice-ansi
#10 10.45   node-spdx-correct node-spdx-exceptions node-spdx-expression-parse
#10 10.45   node-spdx-license-ids node-ssri node-string-decoder node-string-width
#10 10.45   node-strip-ansi node-supports-color node-tar node-text-table node-time-stamp
#10 10.45   node-typedarray-to-buffer node-unique-filename node-util-deprecate
#10 10.45   node-validate-npm-package-license node-validate-npm-package-name
#10 10.45   node-wcwidth.js node-whatwg-fetch node-which node-wide-align node-wrappy
#10 10.45   node-write-file-atomic node-yallist python3 python3-minimal
#10 10.45   python3-pkg-resources python3.10 python3.10-minimal readline-common
#10 10.45 Suggested packages:
#10 10.45   libssl-doc node-opener python3-doc python3-tk python3-venv
#10 10.45   python3-setuptools python3.10-venv python3.10-doc binfmt-support
#10 10.45   readline-doc
#10 10.45 Recommended packages:
#10 10.45   javascript-common libldap-common publicsuffix libsasl2-modules
#10 10.45   build-essential nodejs-doc git node-tap
#10 10.95 The following NEW packages will be installed:
#10 10.95   curl gyp jq libc-ares2 libcurl4 libicu70 libjq1 libjs-events libjs-inherits
#10 10.95   libjs-is-typedarray libjs-typedarray-to-buffer libldap-2.5-0 libmpdec3
#10 10.95   libnghttp2-14 libnode-dev libnode72 libonig5 libpsl5 libpython3-stdlib
#10 10.95   libpython3.10-minimal libpython3.10-stdlib libreadline8 librtmp1 libsasl2-2
#10 10.95   libsasl2-modules-db libsqlite3-0 libssh-4 libssl-dev libuv1 libuv1-dev
#10 10.95   media-types node-abbrev node-agent-base node-ansi-regex node-ansi-styles
#10 10.95   node-ansistyles node-aproba node-archy node-are-we-there-yet node-asap
#10 10.95   node-balanced-match node-brace-expansion node-builtins node-cacache
#10 10.95   node-chalk node-chownr node-cli-table node-clone node-color-convert
#10 10.95   node-color-name node-colors node-columnify node-console-control-strings
#10 10.95   node-copy-concurrently node-core-util-is node-debug node-decompress-response
#10 10.95   node-defaults node-delegates node-depd node-encoding node-end-of-stream
#10 10.95   node-err-code node-escape-string-regexp node-events node-fancy-log
#10 10.95   node-fs-write-stream-atomic node-fs.realpath node-function-bind node-gauge
#10 10.95   node-get-stream node-glob node-got node-graceful-fs node-gyp node-has-flag
#10 10.95   node-has-unicode node-hosted-git-info node-https-proxy-agent node-iconv-lite
#10 10.95   node-iferr node-imurmurhash node-indent-string node-inflight node-inherits
#10 10.95   node-ini node-ip node-ip-regex node-is-typedarray node-isarray node-isexe
#10 10.95   node-json-buffer node-json-parse-better-errors node-jsonparse
#10 10.95   node-lowercase-keys node-lru-cache node-mimic-response node-minimatch
#10 10.95   node-minipass node-mkdirp node-move-concurrently node-ms node-mute-stream
#10 10.95   node-negotiator node-nopt node-normalize-package-data node-npm-bundled
#10 10.95   node-npm-package-arg node-npmlog node-object-assign node-once node-osenv
#10 10.95   node-p-cancelable node-p-map node-path-is-absolute node-process-nextick-args
#10 10.95   node-promise-inflight node-promise-retry node-promzard node-pump
#10 10.95   node-quick-lru node-read node-read-package-json node-readable-stream
#10 10.95   node-resolve node-retry node-rimraf node-run-queue node-safe-buffer
#10 10.95   node-semver node-set-blocking node-signal-exit node-slash node-slice-ansi
#10 10.95   node-spdx-correct node-spdx-exceptions node-spdx-expression-parse
#10 10.95   node-spdx-license-ids node-ssri node-string-decoder node-string-width
#10 10.95   node-strip-ansi node-supports-color node-tar node-text-table node-time-stamp
#10 10.95   node-typedarray-to-buffer node-unique-filename node-util-deprecate
#10 10.95   node-validate-npm-package-license node-validate-npm-package-name
#10 10.95   node-wcwidth.js node-whatwg-fetch node-which node-wide-align node-wrappy
#10 10.95   node-write-file-atomic node-yallist nodejs npm python3 python3-minimal
#10 10.95   python3-pkg-resources python3.10 python3.10-minimal readline-common
#10 11.00 0 upgraded, 166 newly installed, 0 to remove and 0 not upgraded.
#10 11.00 Need to get 35.5 MB of archives.
#10 11.00 After this operation, 134 MB of additional disk space will be used.
#10 11.00 Get:1 http://archive.ubuntu.com/ubuntu jammy-updates/main amd64 libpython3.10-minimal amd64 3.10.12-1~22.04.16 [817 kB]
#10 11.09 Get:2 http://archive.ubuntu.com/ubuntu jammy-updates/main amd64 python3.10-minimal amd64 3.10.12-1~22.04.16 [2,254 kB]
#10 11.28 Get:3 http://archive.ubuntu.com/ubuntu jammy-updates/main amd64 python3-minimal amd64 3.10.6-1~22.04.1 [24.3 kB]
#10 11.29 Get:4 http://archive.ubuntu.com/ubuntu jammy/main amd64 media-types all 7.0.0 [25.5 kB]
#10 11.29 Get:5 http://archive.ubuntu.com/ubuntu jammy/main amd64 libmpdec3 amd64 2.5.1-2build2 [86.8 kB]
#10 11.29 Get:6 http://archive.ubuntu.com/ubuntu jammy/main amd64 readline-common all 8.1.2-1 [53.5 kB]
#10 11.30 Get:7 http://archive.ubuntu.com/ubuntu jammy/main amd64 libreadline8 amd64 8.1.2-1 [153 kB]
#10 11.31 Get:8 http://archive.ubuntu.com/ubuntu jammy-updates/main amd64 libsqlite3-0 amd64 3.37.2-2ubuntu0.7 [643 kB]
#10 11.36 Get:9 http://archive.ubuntu.com/ubuntu jammy-updates/main amd64 libpython3.10-stdlib amd64 3.10.12-1~22.04.16 [1,850 kB]
#10 11.52 Get:10 http://archive.ubuntu.com/ubuntu jammy-updates/main amd64 python3.10 amd64 3.10.12-1~22.04.16 [508 kB]
#10 11.56 Get:11 http://archive.ubuntu.com/ubuntu jammy-updates/main amd64 libpython3-stdlib amd64 3.10.6-1~22.04.1 [6,812 B]
#10 11.56 Get:12 http://archive.ubuntu.com/ubuntu jammy-updates/main amd64 python3 amd64 3.10.6-1~22.04.1 [22.8 kB]
#10 11.56 Get:13 http://archive.ubuntu.com/ubuntu jammy/main amd64 libicu70 amd64 70.1-2 [10.6 MB]
#10 12.46 Get:14 http://archive.ubuntu.com/ubuntu jammy-updates/main amd64 python3-pkg-resources all 59.6.0-1.2ubuntu0.22.04.3 [133 kB]
#10 12.47 Get:15 http://archive.ubuntu.com/ubuntu jammy-updates/main amd64 libnghttp2-14 amd64 1.43.0-1ubuntu0.4 [76.9 kB]
#10 12.47 Get:16 http://archive.ubuntu.com/ubuntu jammy/main amd64 libpsl5 amd64 0.21.0-1.2build2 [58.4 kB]
#10 12.48 Get:17 http://archive.ubuntu.com/ubuntu jammy-updates/main amd64 libuv1 amd64 1.43.0-1ubuntu0.1 [92.7 kB]
#10 12.48 Get:18 http://archive.ubuntu.com/ubuntu jammy-updates/main amd64 libsasl2-modules-db amd64 2.1.27+dfsg2-3ubuntu1.2 [20.5 kB]
#10 12.49 Get:19 http://archive.ubuntu.com/ubuntu jammy-updates/main amd64 libsasl2-2 amd64 2.1.27+dfsg2-3ubuntu1.2 [53.8 kB]
#10 12.49 Get:20 http://archive.ubuntu.com/ubuntu jammy-updates/main amd64 libldap-2.5-0 amd64 2.5.20+dfsg-0ubuntu0.22.04.1 [184 kB]
#10 12.51 Get:21 http://archive.ubuntu.com/ubuntu jammy/main amd64 librtmp1 amd64 2.4+20151223.gitfa8646d.1-2build4 [58.2 kB]
#10 12.51 Get:22 http://archive.ubuntu.com/ubuntu jammy-updates/main amd64 libssh-4 amd64 0.9.6-2ubuntu0.22.04.7 [187 kB]
#10 12.53 Get:23 http://archive.ubuntu.com/ubuntu jammy-updates/main amd64 libcurl4 amd64 7.81.0-1ubuntu1.25 [291 kB]
#10 12.55 Get:24 http://archive.ubuntu.com/ubuntu jammy-updates/main amd64 curl amd64 7.81.0-1ubuntu1.25 [194 kB]
#10 12.57 Get:25 http://archive.ubuntu.com/ubuntu jammy/universe amd64 gyp all 0.1+20210831gitd6c5dd5-5 [238 kB]
#10 12.59 Get:26 http://archive.ubuntu.com/ubuntu jammy/main amd64 libonig5 amd64 6.9.7.1-2build1 [172 kB]
#10 12.60 Get:27 http://archive.ubuntu.com/ubuntu jammy-updates/main amd64 libjq1 amd64 1.6-2.1ubuntu3.2 [135 kB]
#10 12.61 Get:28 http://archive.ubuntu.com/ubuntu jammy-updates/main amd64 jq amd64 1.6-2.1ubuntu3.2 [52.5 kB]
#10 12.62 Get:29 http://archive.ubuntu.com/ubuntu jammy/universe amd64 libjs-events all 3.3.0+~3.0.0-2 [9,734 B]
#10 12.62 Get:30 http://archive.ubuntu.com/ubuntu jammy/universe amd64 libjs-is-typedarray all 1.0.0-4 [3,804 B]
#10 12.63 Get:31 http://archive.ubuntu.com/ubuntu jammy/universe amd64 libjs-typedarray-to-buffer all 4.0.0-2 [4,658 B]
#10 12.63 Get:32 http://archive.ubuntu.com/ubuntu jammy-updates/main amd64 libssl-dev amd64 3.0.2-0ubuntu1.26 [2,377 kB]
#10 12.84 Get:33 http://archive.ubuntu.com/ubuntu jammy-updates/main amd64 libuv1-dev amd64 1.43.0-1ubuntu0.1 [130 kB]
#10 12.85 Get:34 http://archive.ubuntu.com/ubuntu jammy-updates/main amd64 libc-ares2 amd64 1.18.1-1ubuntu0.22.04.3 [45.1 kB]
#10 12.85 Get:35 http://archive.ubuntu.com/ubuntu jammy-updates/universe amd64 libnode72 amd64 12.22.9~dfsg-1ubuntu3.6 [10.8 MB]
#10 13.77 Get:36 http://archive.ubuntu.com/ubuntu jammy-updates/universe amd64 libnode-dev amd64 12.22.9~dfsg-1ubuntu3.6 [609 kB]
#10 13.82 Get:37 http://archive.ubuntu.com/ubuntu jammy-updates/universe amd64 nodejs amd64 12.22.9~dfsg-1ubuntu3.6 [122 kB]
#10 13.84 Get:38 http://archive.ubuntu.com/ubuntu jammy/universe amd64 node-ms all 2.1.3+~cs0.7.31-2 [5,782 B]
#10 13.86 Get:39 http://archive.ubuntu.com/ubuntu jammy/universe amd64 node-debug all 4.3.2+~cs4.1.7-1 [17.6 kB]
#10 13.86 Get:40 http://archive.ubuntu.com/ubuntu jammy/universe amd64 node-yallist all 4.0.0+~4.0.1-1 [8,322 B]
#10 13.88 Get:41 http://archive.ubuntu.com/ubuntu jammy/universe amd64 node-lru-cache all 6.0.0+~5.1.1-1 [11.3 kB]
#10 13.90 Get:42 http://archive.ubuntu.com/ubuntu jammy/universe amd64 node-semver all 7.3.5+~7.3.8-1 [41.5 kB]
#10 13.92 Get:43 http://archive.ubuntu.com/ubuntu jammy/universe amd64 node-agent-base all 6.0.2+~cs5.4.2-1 [17.9 kB]
#10 13.93 Get:44 http://archive.ubuntu.com/ubuntu jammy/universe amd64 node-ansi-regex all 5.0.1-1 [4,984 B]
#10 13.95 Get:45 http://archive.ubuntu.com/ubuntu jammy/universe amd64 node-ansistyles all 0.1.3-5 [4,546 B]
#10 13.98 Get:46 http://archive.ubuntu.com/ubuntu jammy/universe amd64 node-aproba all 2.0.0-2 [5,620 B]
#10 13.99 Get:47 http://archive.ubuntu.com/ubuntu jammy/universe amd64 node-delegates all 1.0.0-3 [4,280 B]
#10 13.99 Get:48 http://archive.ubuntu.com/ubuntu jammy/universe amd64 libjs-inherits all 2.0.4-4 [3,468 B]
#10 14.01 Get:49 http://archive.ubuntu.com/ubuntu jammy/universe amd64 node-inherits all 2.0.4-4 [3,010 B]
#10 14.02 Get:50 http://archive.ubuntu.com/ubuntu jammy/universe amd64 node-core-util-is all 1.0.3-1 [4,066 B]
#10 14.03 Get:51 http://archive.ubuntu.com/ubuntu jammy/universe amd64 node-safe-buffer all 5.2.1+~cs2.1.2-2 [15.7 kB]
#10 14.05 Get:52 http://archive.ubuntu.com/ubuntu jammy/universe amd64 node-string-decoder all 1.3.0-5 [7,046 B]
#10 14.07 Get:53 http://archive.ubuntu.com/ubuntu jammy/universe amd64 node-process-nextick-args all 2.0.1-2 [3,730 B]
#10 14.07 Get:54 http://archive.ubuntu.com/ubuntu jammy/universe amd64 node-util-deprecate all 1.0.2-3 [4,202 B]
#10 14.10 Get:55 http://archive.ubuntu.com/ubuntu jammy/universe amd64 node-isarray all 2.0.5-3 [3,934 B]
#10 14.13 Get:56 http://archive.ubuntu.com/ubuntu jammy/universe amd64 node-readable-stream all 3.6.0+~cs3.0.0-1 [32.6 kB]
#10 14.16 Get:57 http://archive.ubuntu.com/ubuntu jammy/universe amd64 node-are-we-there-yet all 3.0.0+~1.1.0-1 [8,920 B]
#10 14.18 Get:58 http://archive.ubuntu.com/ubuntu jammy/universe amd64 node-asap all 2.0.6+~2.0.0-1 [14.4 kB]
#10 14.20 Get:59 http://archive.ubuntu.com/ubuntu jammy/universe amd64 node-builtins all 4.0.0-1 [3,860 B]
#10 14.22 Get:60 http://archive.ubuntu.com/ubuntu jammy/universe amd64 node-chownr all 2.0.0-1 [4,404 B]
#10 14.23 Get:61 http://archive.ubuntu.com/ubuntu jammy/universe amd64 node-fs.realpath all 1.0.0-2 [6,106 B]
#10 14.26 Get:62 http://archive.ubuntu.com/ubuntu jammy/universe amd64 node-wrappy all 1.0.2-2 [3,658 B]
#10 14.27 Get:63 http://archive.ubuntu.com/ubuntu jammy/universe amd64 node-once all 1.4.0-4 [4,708 B]
#10 14.28 Get:64 http://archive.ubuntu.com/ubuntu jammy/universe amd64 node-inflight all 1.0.6-2 [3,940 B]
#10 14.29 Get:65 http://archive.ubuntu.com/ubuntu jammy/universe amd64 node-balanced-match all 2.0.0-1 [4,910 B]
#10 14.32 Get:66 http://archive.ubuntu.com/ubuntu jammy/universe amd64 node-brace-expansion all 2.0.1-1 [7,458 B]
#10 14.35 Get:67 http://archive.ubuntu.com/ubuntu jammy/universe amd64 node-minimatch all 3.1.1+~3.0.5-1 [16.9 kB]
#10 14.35 Get:68 http://archive.ubuntu.com/ubuntu jammy/universe amd64 node-path-is-absolute all 2.0.0-2 [4,062 B]
#10 14.38 Get:69 http://archive.ubuntu.com/ubuntu jammy/universe amd64 node-glob all 7.2.1+~cs7.6.15-1 [131 kB]
#10 14.41 Get:70 http://archive.ubuntu.com/ubuntu jammy/universe amd64 node-graceful-fs all 4.2.4+repack-1 [12.5 kB]
#10 14.44 Get:71 http://archive.ubuntu.com/ubuntu jammy/universe amd64 node-mkdirp all 1.0.4+~1.0.2-1 [11.4 kB]
#10 14.44 Get:72 http://archive.ubuntu.com/ubuntu jammy/universe amd64 node-iferr all 1.0.2+~1.0.2-1 [4,610 B]
#10 14.46 Get:73 http://archive.ubuntu.com/ubuntu jammy/universe amd64 node-imurmurhash all 0.1.4+dfsg+~0.1.1-1 [8,510 B]
#10 14.49 Get:74 http://archive.ubuntu.com/ubuntu jammy/universe amd64 node-fs-write-stream-atomic all 1.0.10-5 [5,256 B]
#10 14.52 Get:75 http://archive.ubuntu.com/ubuntu jammy/universe amd64 node-rimraf all 3.0.2-1 [10.1 kB]
#10 14.53 Get:76 http://archive.ubuntu.com/ubuntu jammy/universe amd64 node-run-queue all 2.0.0-2 [5,092 B]
#10 14.56 Get:77 http://archive.ubuntu.com/ubuntu jammy/universe amd64 node-copy-concurrently all 1.0.5-8 [7,118 B]
#10 14.59 Get:78 http://archive.ubuntu.com/ubuntu jammy/universe amd64 node-move-concurrently all 1.0.1-4 [5,120 B]
#10 14.59 Get:79 http://archive.ubuntu.com/ubuntu jammy/universe amd64 node-escape-string-regexp all 4.0.0-2 [4,328 B]
#10 14.60 Get:80 http://archive.ubuntu.com/ubuntu jammy/universe amd64 node-indent-string all 4.0.0-2 [4,122 B]
#10 14.60 Get:81 http://archive.ubuntu.com/ubuntu jammy/universe amd64 node-p-map all 4.0.0+~3.1.0+~3.0.1-1 [8,058 B]
#10 14.61 Get:82 http://archive.ubuntu.com/ubuntu jammy/universe amd64 node-promise-inflight all 1.0.1+~1.0.0-1 [4,896 B]
#10 14.64 Get:83 http://archive.ubuntu.com/ubuntu jammy/universe amd64 node-ssri all 8.0.1-2 [19.6 kB]
#10 14.65 Get:84 http://archive.ubuntu.com/ubuntu jammy/universe amd64 node-unique-filename all 1.1.1+ds-1 [3,832 B]
#10 14.68 Get:85 http://archive.ubuntu.com/ubuntu jammy/universe amd64 node-cacache all 15.0.5+~cs13.9.21-3 [34.9 kB]
#10 14.70 Get:86 http://archive.ubuntu.com/ubuntu jammy/universe amd64 node-clone all 2.1.2-3 [8,344 B]
#10 14.71 Get:87 http://archive.ubuntu.com/ubuntu jammy/universe amd64 node-color-name all 1.1.4+~1.1.1-2 [6,076 B]
#10 14.73 Get:88 http://archive.ubuntu.com/ubuntu jammy/universe amd64 node-color-convert all 2.0.1-1 [10.2 kB]
#10 14.75 Get:89 http://archive.ubuntu.com/ubuntu jammy/universe amd64 node-colors all 1.4.0-3 [12.3 kB]
#10 14.77 Get:90 http://archive.ubuntu.com/ubuntu jammy/universe amd64 node-strip-ansi all 6.0.1-1 [4,184 B]
#10 14.80 Get:91 http://archive.ubuntu.com/ubuntu jammy/universe amd64 node-defaults all 1.0.3+~1.0.3-1 [4,288 B]
#10 14.82 Get:92 http://archive.ubuntu.com/ubuntu jammy/universe amd64 node-wcwidth.js all 1.0.2-1 [7,278 B]
#10 14.84 Get:93 http://archive.ubuntu.com/ubuntu jammy/universe amd64 node-columnify all 1.5.4+~1.5.1-1 [12.6 kB]
#10 14.85 Get:94 http://archive.ubuntu.com/ubuntu jammy/universe amd64 node-console-control-strings all 1.1.0-2 [5,428 B]
#10 14.87 Get:95 http://archive.ubuntu.com/ubuntu jammy/universe amd64 node-mimic-response all 3.1.0-7 [5,430 B]
#10 14.88 Get:96 http://archive.ubuntu.com/ubuntu jammy/universe amd64 node-decompress-response all 6.0.0-2 [4,656 B]
#10 14.88 Get:97 http://archive.ubuntu.com/ubuntu jammy/universe amd64 node-err-code all 2.0.3+dfsg-3 [4,918 B]
#10 14.92 Get:98 http://archive.ubuntu.com/ubuntu jammy/universe amd64 node-events all 3.3.0+~3.0.0-2 [3,090 B]
#10 14.93 Get:99 http://archive.ubuntu.com/ubuntu jammy/universe amd64 node-time-stamp all 2.2.0-1 [5,984 B]
#10 14.94 Get:100 http://archive.ubuntu.com/ubuntu jammy/universe amd64 node-fancy-log all 1.3.3+~cs1.3.1-2 [8,102 B]
#10 14.97 Get:101 http://archive.ubuntu.com/ubuntu jammy/universe amd64 node-function-bind all 1.1.1+repacked+~1.0.3-1 [5,244 B]
#10 14.98 Get:102 http://archive.ubuntu.com/ubuntu jammy/universe amd64 node-has-unicode all 2.0.1-4 [3,948 B]
#10 15.00 Get:103 http://archive.ubuntu.com/ubuntu jammy/universe amd64 node-signal-exit all 3.0.6+~3.0.1-1 [7,000 B]
#10 15.03 Get:104 http://archive.ubuntu.com/ubuntu jammy/universe amd64 node-ansi-styles all 4.3.0+~4.2.0-1 [8,968 B]
#10 15.06 Get:105 http://archive.ubuntu.com/ubuntu jammy/universe amd64 node-slice-ansi all 5.0.0+~cs9.0.0-4 [8,044 B]
#10 15.06 Get:106 http://archive.ubuntu.com/ubuntu jammy/universe amd64 node-string-width all 4.2.3+~cs13.2.3-1 [11.4 kB]
#10 15.07 Get:107 http://archive.ubuntu.com/ubuntu jammy/universe amd64 node-wide-align all 1.1.3-4 [4,228 B]
#10 15.09 Get:108 http://archive.ubuntu.com/ubuntu jammy/universe amd64 node-gauge all 4.0.2-1 [16.3 kB]
#10 15.09 Get:109 http://archive.ubuntu.com/ubuntu jammy/universe amd64 node-end-of-stream all 1.4.4+~1.4.1-1 [5,340 B]
#10 15.10 Get:110 http://archive.ubuntu.com/ubuntu jammy/universe amd64 node-pump all 3.0.0-5 [5,160 B]
#10 15.11 Get:111 http://archive.ubuntu.com/ubuntu jammy/universe amd64 node-get-stream all 6.0.1-1 [7,324 B]
#10 15.11 Get:112 http://archive.ubuntu.com/ubuntu jammy/universe amd64 node-lowercase-keys all 2.0.0-2 [3,754 B]
#10 15.13 Get:113 http://archive.ubuntu.com/ubuntu jammy/universe amd64 node-json-buffer all 3.0.1-1 [3,812 B]
#10 15.14 Get:114 http://archive.ubuntu.com/ubuntu jammy/universe amd64 node-p-cancelable all 2.1.1-1 [7,358 B]
#10 15.16 Get:115 http://archive.ubuntu.com/ubuntu jammy/universe amd64 node-quick-lru all 5.1.1-1 [5,532 B]
#10 15.19 Get:116 http://archive.ubuntu.com/ubuntu jammy/universe amd64 node-got all 11.8.3+~cs58.7.37-1 [122 kB]
#10 15.22 Get:117 http://archive.ubuntu.com/ubuntu jammy/universe amd64 node-has-flag all 4.0.0-2 [4,228 B]
#10 15.24 Get:118 http://archive.ubuntu.com/ubuntu jammy/universe amd64 node-hosted-git-info all 4.0.2-1 [9,006 B]
#10 15.26 Get:119 http://archive.ubuntu.com/ubuntu jammy/universe amd64 node-https-proxy-agent all 5.0.0+~cs8.0.0-3 [16.4 kB]
#10 15.28 Get:120 http://archive.ubuntu.com/ubuntu jammy/universe amd64 node-iconv-lite all 0.6.3-2 [167 kB]
#10 15.31 Get:121 http://archive.ubuntu.com/ubuntu jammy/universe amd64 node-ip all 1.1.5+~1.1.0-1 [8,140 B]
#10 15.32 Get:122 http://archive.ubuntu.com/ubuntu jammy/universe amd64 node-ip-regex all 4.3.0+~4.1.1-1 [5,254 B]
#10 15.32 Get:123 http://archive.ubuntu.com/ubuntu jammy/universe amd64 node-is-typedarray all 1.0.0-4 [2,072 B]
#10 15.35 Get:124 http://archive.ubuntu.com/ubuntu jammy/universe amd64 node-isexe all 2.0.0+~2.0.1-4 [6,102 B]
#10 15.37 Get:125 http://archive.ubuntu.com/ubuntu jammy/universe amd64 node-json-parse-better-errors all 1.0.2+~cs3.3.1-1 [7,328 B]
#10 15.37 Get:126 http://archive.ubuntu.com/ubuntu jammy/universe amd64 node-encoding all 0.1.13-2 [4,366 B]
#10 15.38 Get:127 http://archive.ubuntu.com/ubuntu jammy/universe amd64 node-jsonparse all 1.3.1-10 [8,060 B]
#10 15.40 Get:128 http://archive.ubuntu.com/ubuntu jammy/universe amd64 node-minipass all 3.1.6+~cs8.7.18-1 [32.9 kB]
#10 15.41 Get:129 http://archive.ubuntu.com/ubuntu jammy/universe amd64 node-npm-bundled all 1.1.2-1 [6,228 B]
#10 15.43 Get:130 http://archive.ubuntu.com/ubuntu jammy/universe amd64 node-osenv all 0.1.5+~0.1.0-1 [5,896 B]
#10 15.45 Get:131 http://archive.ubuntu.com/ubuntu jammy/universe amd64 node-validate-npm-package-name all 3.0.0-4 [5,058 B]
#10 15.47 Get:132 http://archive.ubuntu.com/ubuntu jammy/universe amd64 node-npm-package-arg all 8.1.5-1 [8,132 B]
#10 15.50 Get:133 http://archive.ubuntu.com/ubuntu jammy/universe amd64 node-object-assign all 4.1.1-6 [4,754 B]
#10 15.50 Get:134 http://archive.ubuntu.com/ubuntu jammy/universe amd64 node-retry all 0.13.1+~0.12.1-1 [11.5 kB]
#10 15.52 Get:135 http://archive.ubuntu.com/ubuntu jammy/universe amd64 node-promise-retry all 2.0.1-2 [5,010 B]
#10 15.54 Get:136 http://archive.ubuntu.com/ubuntu jammy/universe amd64 node-mute-stream all 0.0.8+~0.0.1-1 [6,448 B]
#10 15.57 Get:137 http://archive.ubuntu.com/ubuntu jammy/universe amd64 node-read all 1.0.7-3 [5,478 B]
#10 15.57 Get:138 http://archive.ubuntu.com/ubuntu jammy/universe amd64 node-promzard all 0.3.0-2 [6,888 B]
#10 15.58 Get:139 http://archive.ubuntu.com/ubuntu jammy/universe amd64 node-set-blocking all 2.0.0-2 [3,766 B]
#10 15.60 Get:140 http://archive.ubuntu.com/ubuntu jammy/universe amd64 node-slash all 3.0.0-2 [3,922 B]
#10 15.63 Get:141 http://archive.ubuntu.com/ubuntu jammy/universe amd64 node-spdx-license-ids all 3.0.11-1 [7,306 B]
#10 15.63 Get:142 http://archive.ubuntu.com/ubuntu jammy/universe amd64 node-spdx-exceptions all 2.3.0-2 [3,978 B]
#10 15.64 Get:143 http://archive.ubuntu.com/ubuntu jammy/universe amd64 node-spdx-expression-parse all 3.0.1+~3.0.1-1 [7,658 B]
#10 15.64 Get:144 http://archive.ubuntu.com/ubuntu jammy/universe amd64 node-spdx-correct all 3.1.1-2 [5,476 B]
#10 15.65 Get:145 http://archive.ubuntu.com/ubuntu jammy/universe amd64 node-text-table all 0.2.0-4 [4,762 B]
#10 15.65 Get:146 http://archive.ubuntu.com/ubuntu jammy/universe amd64 node-typedarray-to-buffer all 4.0.0-2 [2,242 B]
#10 15.66 Get:147 http://archive.ubuntu.com/ubuntu jammy/universe amd64 node-validate-npm-package-license all 3.0.4-2 [4,252 B]
#10 15.68 Get:148 http://archive.ubuntu.com/ubuntu jammy/universe amd64 node-whatwg-fetch all 3.6.2-5 [15.0 kB]
#10 15.71 Get:149 http://archive.ubuntu.com/ubuntu jammy/universe amd64 node-write-file-atomic all 3.0.3+~3.0.2-1 [7,690 B]
#10 15.72 Get:150 http://archive.ubuntu.com/ubuntu jammy/universe amd64 node-abbrev all 1.1.1+~1.1.2-1 [5,784 B]
#10 15.75 Get:151 http://archive.ubuntu.com/ubuntu jammy/universe amd64 node-archy all 1.0.0-4 [4,728 B]
#10 15.77 Get:152 http://archive.ubuntu.com/ubuntu jammy/universe amd64 node-supports-color all 8.1.1+~8.1.1-1 [7,048 B]
#10 15.79 Get:153 http://archive.ubuntu.com/ubuntu jammy/universe amd64 node-chalk all 4.1.2-1 [15.9 kB]
#10 15.80 Get:154 http://archive.ubuntu.com/ubuntu jammy/universe amd64 node-cli-table all 0.3.11+~cs0.13.3-1 [23.2 kB]
#10 15.81 Get:155 http://archive.ubuntu.com/ubuntu jammy/universe amd64 node-depd all 2.0.0-2 [10.5 kB]
#10 15.83 Get:156 http://archive.ubuntu.com/ubuntu jammy/universe amd64 node-nopt all 5.0.0-2 [11.3 kB]
#10 15.86 Get:157 http://archive.ubuntu.com/ubuntu jammy/universe amd64 node-npmlog all 6.0.1+~4.1.4-1 [9,968 B]
#10 15.89 Get:158 http://archive.ubuntu.com/ubuntu jammy/universe amd64 node-tar all 6.1.11+ds1+~cs6.0.6-1 [38.8 kB]
#10 15.92 Get:159 http://archive.ubuntu.com/ubuntu jammy/universe amd64 node-which all 2.0.2+~cs1.3.2-2 [7,374 B]
#10 15.94 Get:160 http://archive.ubuntu.com/ubuntu jammy/universe amd64 node-gyp all 8.4.1-1 [34.7 kB]
#10 15.97 Get:161 http://archive.ubuntu.com/ubuntu jammy/universe amd64 node-ini all 2.0.1-1 [6,528 B]
#10 16.01 Get:162 http://archive.ubuntu.com/ubuntu jammy/universe amd64 node-negotiator all 0.6.2+~0.6.1-1 [10.3 kB]
#10 16.03 Get:163 http://archive.ubuntu.com/ubuntu jammy/universe amd64 node-resolve all 1.20.0+~cs5.27.9-1 [20.7 kB]
#10 16.04 Get:164 http://archive.ubuntu.com/ubuntu jammy/universe amd64 node-normalize-package-data all 3.0.3+~2.4.1-1 [12.8 kB]
#10 16.07 Get:165 http://archive.ubuntu.com/ubuntu jammy/universe amd64 node-read-package-json all 4.1.1-1 [10.4 kB]
#10 16.09 Get:166 http://archive.ubuntu.com/ubuntu jammy/universe amd64 npm all 8.5.1~ds-1 [894 kB]
#10 16.27 debconf: delaying package configuration, since apt-utils is not installed
#10 16.29 Fetched 35.5 MB in 5s (6,819 kB/s)
#10 16.32 Selecting previously unselected package libpython3.10-minimal:amd64.
#10 16.32 (Reading database ... (Reading database ... 5%(Reading database ... 10%(Reading database ... 15%(Reading database ... 20%(Reading database ... 25%(Reading database ... 30%(Reading database ... 35%(Reading database ... 40%(Reading database ... 45%(Reading database ... 50%(Reading database ... 55%(Reading database ... 60%(Reading database ... 65%(Reading database ... 70%(Reading database ... 75%(Reading database ... 80%(Reading database ... 85%(Reading database ... 90%(Reading database ... 95%(Reading database ... 100%(Reading database ... 7865 files and directories currently installed.)
#10 16.32 Preparing to unpack .../libpython3.10-minimal_3.10.12-1~22.04.16_amd64.deb ...
#10 16.33 Unpacking libpython3.10-minimal:amd64 (3.10.12-1~22.04.16) ...
#10 16.39 Selecting previously unselected package python3.10-minimal.
#10 16.39 Preparing to unpack .../python3.10-minimal_3.10.12-1~22.04.16_amd64.deb ...
#10 16.40 Unpacking python3.10-minimal (3.10.12-1~22.04.16) ...
#10 16.45 Setting up libpython3.10-minimal:amd64 (3.10.12-1~22.04.16) ...
#10 16.47 Setting up python3.10-minimal (3.10.12-1~22.04.16) ...
#10 16.84 Selecting previously unselected package python3-minimal.
#10 16.84 (Reading database ... (Reading database ... 5%(Reading database ... 10%(Reading database ... 15%(Reading database ... 20%(Reading database ... 25%(Reading database ... 30%(Reading database ... 35%(Reading database ... 40%(Reading database ... 45%(Reading database ... 50%(Reading database ... 55%(Reading database ... 60%(Reading database ... 65%(Reading database ... 70%(Reading database ... 75%(Reading database ... 80%(Reading database ... 85%(Reading database ... 90%(Reading database ... 95%(Reading database ... 100%(Reading database ... 8161 files and directories currently installed.)
#10 16.85 Preparing to unpack .../0-python3-minimal_3.10.6-1~22.04.1_amd64.deb ...
#10 16.85 Unpacking python3-minimal (3.10.6-1~22.04.1) ...
#10 16.88 Selecting previously unselected package media-types.
#10 16.88 Preparing to unpack .../1-media-types_7.0.0_all.deb ...
#10 16.88 Unpacking media-types (7.0.0) ...
#10 16.92 Selecting previously unselected package libmpdec3:amd64.
#10 16.92 Preparing to unpack .../2-libmpdec3_2.5.1-2build2_amd64.deb ...
#10 16.92 Unpacking libmpdec3:amd64 (2.5.1-2build2) ...
#10 16.95 Selecting previously unselected package readline-common.
#10 16.95 Preparing to unpack .../3-readline-common_8.1.2-1_all.deb ...
#10 16.96 Unpacking readline-common (8.1.2-1) ...
#10 16.99 Selecting previously unselected package libreadline8:amd64.
#10 16.99 Preparing to unpack .../4-libreadline8_8.1.2-1_amd64.deb ...
#10 17.00 Unpacking libreadline8:amd64 (8.1.2-1) ...
#10 17.03 Selecting previously unselected package libsqlite3-0:amd64.
#10 17.03 Preparing to unpack .../5-libsqlite3-0_3.37.2-2ubuntu0.7_amd64.deb ...
#10 17.03 Unpacking libsqlite3-0:amd64 (3.37.2-2ubuntu0.7) ...
#10 17.07 Selecting previously unselected package libpython3.10-stdlib:amd64.
#10 17.07 Preparing to unpack .../6-libpython3.10-stdlib_3.10.12-1~22.04.16_amd64.deb ...
#10 17.07 Unpacking libpython3.10-stdlib:amd64 (3.10.12-1~22.04.16) ...
#10 17.15 Selecting previously unselected package python3.10.
#10 17.15 Preparing to unpack .../7-python3.10_3.10.12-1~22.04.16_amd64.deb ...
#10 17.16 Unpacking python3.10 (3.10.12-1~22.04.16) ...
#10 17.18 Selecting previously unselected package libpython3-stdlib:amd64.
#10 17.18 Preparing to unpack .../8-libpython3-stdlib_3.10.6-1~22.04.1_amd64.deb ...
#10 17.19 Unpacking libpython3-stdlib:amd64 (3.10.6-1~22.04.1) ...
#10 17.22 Setting up python3-minimal (3.10.6-1~22.04.1) ...
#10 17.37 Selecting previously unselected package python3.
#10 17.37 (Reading database ... (Reading database ... 5%(Reading database ... 10%(Reading database ... 15%(Reading database ... 20%(Reading database ... 25%(Reading database ... 30%(Reading database ... 35%(Reading database ... 40%(Reading database ... 45%(Reading database ... 50%(Reading database ... 55%(Reading database ... 60%(Reading database ... 65%(Reading database ... 70%(Reading database ... 75%(Reading database ... 80%(Reading database ... 85%(Reading database ... 90%(Reading database ... 95%(Reading database ... 100%(Reading database ... 8591 files and directories currently installed.)
#10 17.38 Preparing to unpack .../000-python3_3.10.6-1~22.04.1_amd64.deb ...
#10 17.39 Unpacking python3 (3.10.6-1~22.04.1) ...
#10 17.41 Selecting previously unselected package libicu70:amd64.
#10 17.41 Preparing to unpack .../001-libicu70_70.1-2_amd64.deb ...
#10 17.42 Unpacking libicu70:amd64 (70.1-2) ...
#10 17.62 Selecting previously unselected package python3-pkg-resources.
#10 17.62 Preparing to unpack .../002-python3-pkg-resources_59.6.0-1.2ubuntu0.22.04.3_all.deb ...
#10 17.62 Unpacking python3-pkg-resources (59.6.0-1.2ubuntu0.22.04.3) ...
#10 17.66 Selecting previously unselected package libnghttp2-14:amd64.
#10 17.66 Preparing to unpack .../003-libnghttp2-14_1.43.0-1ubuntu0.4_amd64.deb ...
#10 17.66 Unpacking libnghttp2-14:amd64 (1.43.0-1ubuntu0.4) ...
#10 17.69 Selecting previously unselected package libpsl5:amd64.
#10 17.69 Preparing to unpack .../004-libpsl5_0.21.0-1.2build2_amd64.deb ...
#10 17.70 Unpacking libpsl5:amd64 (0.21.0-1.2build2) ...
#10 17.73 Selecting previously unselected package libuv1:amd64.
#10 17.73 Preparing to unpack .../005-libuv1_1.43.0-1ubuntu0.1_amd64.deb ...
#10 17.73 Unpacking libuv1:amd64 (1.43.0-1ubuntu0.1) ...
#10 17.76 Selecting previously unselected package libsasl2-modules-db:amd64.
#10 17.76 Preparing to unpack .../006-libsasl2-modules-db_2.1.27+dfsg2-3ubuntu1.2_amd64.deb ...
#10 17.77 Unpacking libsasl2-modules-db:amd64 (2.1.27+dfsg2-3ubuntu1.2) ...
#10 17.79 Selecting previously unselected package libsasl2-2:amd64.
#10 17.80 Preparing to unpack .../007-libsasl2-2_2.1.27+dfsg2-3ubuntu1.2_amd64.deb ...
#10 17.80 Unpacking libsasl2-2:amd64 (2.1.27+dfsg2-3ubuntu1.2) ...
#10 17.83 Selecting previously unselected package libldap-2.5-0:amd64.
#10 17.83 Preparing to unpack .../008-libldap-2.5-0_2.5.20+dfsg-0ubuntu0.22.04.1_amd64.deb ...
#10 17.83 Unpacking libldap-2.5-0:amd64 (2.5.20+dfsg-0ubuntu0.22.04.1) ...
#10 17.86 Selecting previously unselected package librtmp1:amd64.
#10 17.86 Preparing to unpack .../009-librtmp1_2.4+20151223.gitfa8646d.1-2build4_amd64.deb ...
#10 17.86 Unpacking librtmp1:amd64 (2.4+20151223.gitfa8646d.1-2build4) ...
#10 17.89 Selecting previously unselected package libssh-4:amd64.
#10 17.89 Preparing to unpack .../010-libssh-4_0.9.6-2ubuntu0.22.04.7_amd64.deb ...
#10 17.90 Unpacking libssh-4:amd64 (0.9.6-2ubuntu0.22.04.7) ...
#10 17.93 Selecting previously unselected package libcurl4:amd64.
#10 17.93 Preparing to unpack .../011-libcurl4_7.81.0-1ubuntu1.25_amd64.deb ...
#10 17.93 Unpacking libcurl4:amd64 (7.81.0-1ubuntu1.25) ...
#10 17.96 Selecting previously unselected package curl.
#10 17.96 Preparing to unpack .../012-curl_7.81.0-1ubuntu1.25_amd64.deb ...
#10 17.96 Unpacking curl (7.81.0-1ubuntu1.25) ...
#10 17.99 Selecting previously unselected package gyp.
#10 17.99 Preparing to unpack .../013-gyp_0.1+20210831gitd6c5dd5-5_all.deb ...
#10 18.00 Unpacking gyp (0.1+20210831gitd6c5dd5-5) ...
#10 18.04 Selecting previously unselected package libonig5:amd64.
#10 18.04 Preparing to unpack .../014-libonig5_6.9.7.1-2build1_amd64.deb ...
#10 18.04 Unpacking libonig5:amd64 (6.9.7.1-2build1) ...
#10 18.07 Selecting previously unselected package libjq1:amd64.
#10 18.08 Preparing to unpack .../015-libjq1_1.6-2.1ubuntu3.2_amd64.deb ...
#10 18.08 Unpacking libjq1:amd64 (1.6-2.1ubuntu3.2) ...
#10 18.11 Selecting previously unselected package jq.
#10 18.11 Preparing to unpack .../016-jq_1.6-2.1ubuntu3.2_amd64.deb ...
#10 18.11 Unpacking jq (1.6-2.1ubuntu3.2) ...
#10 18.14 Selecting previously unselected package libjs-events.
#10 18.14 Preparing to unpack .../017-libjs-events_3.3.0+~3.0.0-2_all.deb ...
#10 18.15 Unpacking libjs-events (3.3.0+~3.0.0-2) ...
#10 18.17 Selecting previously unselected package libjs-is-typedarray.
#10 18.17 Preparing to unpack .../018-libjs-is-typedarray_1.0.0-4_all.deb ...
#10 18.18 Unpacking libjs-is-typedarray (1.0.0-4) ...
#10 18.20 Selecting previously unselected package libjs-typedarray-to-buffer.
#10 18.20 Preparing to unpack .../019-libjs-typedarray-to-buffer_4.0.0-2_all.deb ...
#10 18.21 Unpacking libjs-typedarray-to-buffer (4.0.0-2) ...
#10 18.25 Selecting previously unselected package libssl-dev:amd64.
#10 18.25 Preparing to unpack .../020-libssl-dev_3.0.2-0ubuntu1.26_amd64.deb ...
#10 18.25 Unpacking libssl-dev:amd64 (3.0.2-0ubuntu1.26) ...
#10 18.33 Selecting previously unselected package libuv1-dev:amd64.
#10 18.33 Preparing to unpack .../021-libuv1-dev_1.43.0-1ubuntu0.1_amd64.deb ...
#10 18.34 Unpacking libuv1-dev:amd64 (1.43.0-1ubuntu0.1) ...
#10 18.37 Selecting previously unselected package libc-ares2:amd64.
#10 18.37 Preparing to unpack .../022-libc-ares2_1.18.1-1ubuntu0.22.04.3_amd64.deb ...
#10 18.38 Unpacking libc-ares2:amd64 (1.18.1-1ubuntu0.22.04.3) ...
#10 18.40 Selecting previously unselected package libnode72:amd64.
#10 18.40 Preparing to unpack .../023-libnode72_12.22.9~dfsg-1ubuntu3.6_amd64.deb ...
#10 18.41 Unpacking libnode72:amd64 (12.22.9~dfsg-1ubuntu3.6) ...
#10 18.57 Selecting previously unselected package libnode-dev.
#10 18.57 Preparing to unpack .../024-libnode-dev_12.22.9~dfsg-1ubuntu3.6_amd64.deb ...
#10 18.57 Unpacking libnode-dev (12.22.9~dfsg-1ubuntu3.6) ...
#10 18.73 Selecting previously unselected package nodejs.
#10 18.73 Preparing to unpack .../025-nodejs_12.22.9~dfsg-1ubuntu3.6_amd64.deb ...
#10 18.73 Unpacking nodejs (12.22.9~dfsg-1ubuntu3.6) ...
#10 18.77 Selecting previously unselected package node-ms.
#10 18.77 Preparing to unpack .../026-node-ms_2.1.3+~cs0.7.31-2_all.deb ...
#10 18.77 Unpacking node-ms (2.1.3+~cs0.7.31-2) ...
#10 18.80 Selecting previously unselected package node-debug.
#10 18.80 Preparing to unpack .../027-node-debug_4.3.2+~cs4.1.7-1_all.deb ...
#10 18.81 Unpacking node-debug (4.3.2+~cs4.1.7-1) ...
#10 18.84 Selecting previously unselected package node-yallist.
#10 18.84 Preparing to unpack .../028-node-yallist_4.0.0+~4.0.1-1_all.deb ...
#10 18.84 Unpacking node-yallist (4.0.0+~4.0.1-1) ...
#10 18.87 Selecting previously unselected package node-lru-cache.
#10 18.87 Preparing to unpack .../029-node-lru-cache_6.0.0+~5.1.1-1_all.deb ...
#10 18.87 Unpacking node-lru-cache (6.0.0+~5.1.1-1) ...
#10 18.89 Selecting previously unselected package node-semver.
#10 18.89 Preparing to unpack .../030-node-semver_7.3.5+~7.3.8-1_all.deb ...
#10 18.90 Unpacking node-semver (7.3.5+~7.3.8-1) ...
#10 18.93 Selecting previously unselected package node-agent-base.
#10 18.93 Preparing to unpack .../031-node-agent-base_6.0.2+~cs5.4.2-1_all.deb ...
#10 18.94 Unpacking node-agent-base (6.0.2+~cs5.4.2-1) ...
#10 18.96 Selecting previously unselected package node-ansi-regex.
#10 18.97 Preparing to unpack .../032-node-ansi-regex_5.0.1-1_all.deb ...
#10 18.97 Unpacking node-ansi-regex (5.0.1-1) ...
#10 18.99 Selecting previously unselected package node-ansistyles.
#10 18.99 Preparing to unpack .../033-node-ansistyles_0.1.3-5_all.deb ...
#10 19.00 Unpacking node-ansistyles (0.1.3-5) ...
#10 19.02 Selecting previously unselected package node-aproba.
#10 19.02 Preparing to unpack .../034-node-aproba_2.0.0-2_all.deb ...
#10 19.03 Unpacking node-aproba (2.0.0-2) ...
#10 19.05 Selecting previously unselected package node-delegates.
#10 19.05 Preparing to unpack .../035-node-delegates_1.0.0-3_all.deb ...
#10 19.06 Unpacking node-delegates (1.0.0-3) ...
#10 19.08 Selecting previously unselected package libjs-inherits.
#10 19.08 Preparing to unpack .../036-libjs-inherits_2.0.4-4_all.deb ...
#10 19.09 Unpacking libjs-inherits (2.0.4-4) ...
#10 19.11 Selecting previously unselected package node-inherits.
#10 19.11 Preparing to unpack .../037-node-inherits_2.0.4-4_all.deb ...
#10 19.12 Unpacking node-inherits (2.0.4-4) ...
#10 19.14 Selecting previously unselected package node-core-util-is.
#10 19.14 Preparing to unpack .../038-node-core-util-is_1.0.3-1_all.deb ...
#10 19.15 Unpacking node-core-util-is (1.0.3-1) ...
#10 19.17 Selecting previously unselected package node-safe-buffer.
#10 19.18 Preparing to unpack .../039-node-safe-buffer_5.2.1+~cs2.1.2-2_all.deb ...
#10 19.18 Unpacking node-safe-buffer (5.2.1+~cs2.1.2-2) ...
#10 19.21 Selecting previously unselected package node-string-decoder.
#10 19.21 Preparing to unpack .../040-node-string-decoder_1.3.0-5_all.deb ...
#10 19.21 Unpacking node-string-decoder (1.3.0-5) ...
#10 19.24 Selecting previously unselected package node-process-nextick-args.
#10 19.24 Preparing to unpack .../041-node-process-nextick-args_2.0.1-2_all.deb ...
#10 19.24 Unpacking node-process-nextick-args (2.0.1-2) ...
#10 19.27 Selecting previously unselected package node-util-deprecate.
#10 19.27 Preparing to unpack .../042-node-util-deprecate_1.0.2-3_all.deb ...
#10 19.27 Unpacking node-util-deprecate (1.0.2-3) ...
#10 19.30 Selecting previously unselected package node-isarray.
#10 19.30 Preparing to unpack .../043-node-isarray_2.0.5-3_all.deb ...
#10 19.31 Unpacking node-isarray (2.0.5-3) ...
#10 19.33 Selecting previously unselected package node-readable-stream.
#10 19.33 Preparing to unpack .../044-node-readable-stream_3.6.0+~cs3.0.0-1_all.deb ...
#10 19.34 Unpacking node-readable-stream (3.6.0+~cs3.0.0-1) ...
#10 19.37 Selecting previously unselected package node-are-we-there-yet.
#10 19.37 Preparing to unpack .../045-node-are-we-there-yet_3.0.0+~1.1.0-1_all.deb ...
#10 19.37 Unpacking node-are-we-there-yet (3.0.0+~1.1.0-1) ...
#10 19.40 Selecting previously unselected package node-asap.
#10 19.40 Preparing to unpack .../046-node-asap_2.0.6+~2.0.0-1_all.deb ...
#10 19.40 Unpacking node-asap (2.0.6+~2.0.0-1) ...
#10 19.43 Selecting previously unselected package node-builtins.
#10 19.43 Preparing to unpack .../047-node-builtins_4.0.0-1_all.deb ...
#10 19.43 Unpacking node-builtins (4.0.0-1) ...
#10 19.46 Selecting previously unselected package node-chownr.
#10 19.46 Preparing to unpack .../048-node-chownr_2.0.0-1_all.deb ...
#10 19.46 Unpacking node-chownr (2.0.0-1) ...
#10 19.49 Selecting previously unselected package node-fs.realpath.
#10 19.49 Preparing to unpack .../049-node-fs.realpath_1.0.0-2_all.deb ...
#10 19.49 Unpacking node-fs.realpath (1.0.0-2) ...
#10 19.52 Selecting previously unselected package node-wrappy.
#10 19.52 Preparing to unpack .../050-node-wrappy_1.0.2-2_all.deb ...
#10 19.52 Unpacking node-wrappy (1.0.2-2) ...
#10 19.55 Selecting previously unselected package node-once.
#10 19.55 Preparing to unpack .../051-node-once_1.4.0-4_all.deb ...
#10 19.55 Unpacking node-once (1.4.0-4) ...
#10 19.58 Selecting previously unselected package node-inflight.
#10 19.58 Preparing to unpack .../052-node-inflight_1.0.6-2_all.deb ...
#10 19.58 Unpacking node-inflight (1.0.6-2) ...
#10 19.61 Selecting previously unselected package node-balanced-match.
#10 19.61 Preparing to unpack .../053-node-balanced-match_2.0.0-1_all.deb ...
#10 19.61 Unpacking node-balanced-match (2.0.0-1) ...
#10 19.64 Selecting previously unselected package node-brace-expansion.
#10 19.64 Preparing to unpack .../054-node-brace-expansion_2.0.1-1_all.deb ...
#10 19.65 Unpacking node-brace-expansion (2.0.1-1) ...
#10 19.67 Selecting previously unselected package node-minimatch.
#10 19.67 Preparing to unpack .../055-node-minimatch_3.1.1+~3.0.5-1_all.deb ...
#10 19.67 Unpacking node-minimatch (3.1.1+~3.0.5-1) ...
#10 19.70 Selecting previously unselected package node-path-is-absolute.
#10 19.70 Preparing to unpack .../056-node-path-is-absolute_2.0.0-2_all.deb ...
#10 19.71 Unpacking node-path-is-absolute (2.0.0-2) ...
#10 19.73 Selecting previously unselected package node-glob.
#10 19.73 Preparing to unpack .../057-node-glob_7.2.1+~cs7.6.15-1_all.deb ...
#10 19.74 Unpacking node-glob (7.2.1+~cs7.6.15-1) ...
#10 19.76 Selecting previously unselected package node-graceful-fs.
#10 19.77 Preparing to unpack .../058-node-graceful-fs_4.2.4+repack-1_all.deb ...
#10 19.77 Unpacking node-graceful-fs (4.2.4+repack-1) ...
#10 19.80 Selecting previously unselected package node-mkdirp.
#10 19.80 Preparing to unpack .../059-node-mkdirp_1.0.4+~1.0.2-1_all.deb ...
#10 19.80 Unpacking node-mkdirp (1.0.4+~1.0.2-1) ...
#10 19.82 Selecting previously unselected package node-iferr.
#10 19.82 Preparing to unpack .../060-node-iferr_1.0.2+~1.0.2-1_all.deb ...
#10 19.83 Unpacking node-iferr (1.0.2+~1.0.2-1) ...
#10 19.86 Selecting previously unselected package node-imurmurhash.
#10 19.86 Preparing to unpack .../061-node-imurmurhash_0.1.4+dfsg+~0.1.1-1_all.deb ...
#10 19.86 Unpacking node-imurmurhash (0.1.4+dfsg+~0.1.1-1) ...
#10 19.89 Selecting previously unselected package node-fs-write-stream-atomic.
#10 19.89 Preparing to unpack .../062-node-fs-write-stream-atomic_1.0.10-5_all.deb ...
#10 19.89 Unpacking node-fs-write-stream-atomic (1.0.10-5) ...
#10 19.92 Selecting previously unselected package node-rimraf.
#10 19.92 Preparing to unpack .../063-node-rimraf_3.0.2-1_all.deb ...
#10 19.92 Unpacking node-rimraf (3.0.2-1) ...
#10 19.95 Selecting previously unselected package node-run-queue.
#10 19.95 Preparing to unpack .../064-node-run-queue_2.0.0-2_all.deb ...
#10 19.95 Unpacking node-run-queue (2.0.0-2) ...
#10 19.98 Selecting previously unselected package node-copy-concurrently.
#10 19.98 Preparing to unpack .../065-node-copy-concurrently_1.0.5-8_all.deb ...
#10 19.98 Unpacking node-copy-concurrently (1.0.5-8) ...
#10 20.01 Selecting previously unselected package node-move-concurrently.
#10 20.01 Preparing to unpack .../066-node-move-concurrently_1.0.1-4_all.deb ...
#10 20.01 Unpacking node-move-concurrently (1.0.1-4) ...
#10 20.04 Selecting previously unselected package node-escape-string-regexp.
#10 20.04 Preparing to unpack .../067-node-escape-string-regexp_4.0.0-2_all.deb ...
#10 20.04 Unpacking node-escape-string-regexp (4.0.0-2) ...
#10 20.07 Selecting previously unselected package node-indent-string.
#10 20.07 Preparing to unpack .../068-node-indent-string_4.0.0-2_all.deb ...
#10 20.07 Unpacking node-indent-string (4.0.0-2) ...
#10 20.10 Selecting previously unselected package node-p-map.
#10 20.10 Preparing to unpack .../069-node-p-map_4.0.0+~3.1.0+~3.0.1-1_all.deb ...
#10 20.10 Unpacking node-p-map (4.0.0+~3.1.0+~3.0.1-1) ...
#10 20.13 Selecting previously unselected package node-promise-inflight.
#10 20.13 Preparing to unpack .../070-node-promise-inflight_1.0.1+~1.0.0-1_all.deb ...
#10 20.13 Unpacking node-promise-inflight (1.0.1+~1.0.0-1) ...
#10 20.16 Selecting previously unselected package node-ssri.
#10 20.16 Preparing to unpack .../071-node-ssri_8.0.1-2_all.deb ...
#10 20.17 Unpacking node-ssri (8.0.1-2) ...
#10 20.19 Selecting previously unselected package node-unique-filename.
#10 20.19 Preparing to unpack .../072-node-unique-filename_1.1.1+ds-1_all.deb ...
#10 20.20 Unpacking node-unique-filename (1.1.1+ds-1) ...
#10 20.23 Selecting previously unselected package node-cacache.
#10 20.23 Preparing to unpack .../073-node-cacache_15.0.5+~cs13.9.21-3_all.deb ...
#10 20.23 Unpacking node-cacache (15.0.5+~cs13.9.21-3) ...
#10 20.26 Selecting previously unselected package node-clone.
#10 20.26 Preparing to unpack .../074-node-clone_2.1.2-3_all.deb ...
#10 20.27 Unpacking node-clone (2.1.2-3) ...
#10 20.30 Selecting previously unselected package node-color-name.
#10 20.30 Preparing to unpack .../075-node-color-name_1.1.4+~1.1.1-2_all.deb ...
#10 20.30 Unpacking node-color-name (1.1.4+~1.1.1-2) ...
#10 20.33 Selecting previously unselected package node-color-convert.
#10 20.33 Preparing to unpack .../076-node-color-convert_2.0.1-1_all.deb ...
#10 20.33 Unpacking node-color-convert (2.0.1-1) ...
#10 20.36 Selecting previously unselected package node-colors.
#10 20.36 Preparing to unpack .../077-node-colors_1.4.0-3_all.deb ...
#10 20.36 Unpacking node-colors (1.4.0-3) ...
#10 20.43 Selecting previously unselected package node-strip-ansi.
#10 20.46 Preparing to unpack .../078-node-strip-ansi_6.0.1-1_all.deb ...
#10 20.46 Unpacking node-strip-ansi (6.0.1-1) ...
#10 20.48 Selecting previously unselected package node-defaults.
#10 20.48 Preparing to unpack .../079-node-defaults_1.0.3+~1.0.3-1_all.deb ...
#10 20.48 Unpacking node-defaults (1.0.3+~1.0.3-1) ...
#10 20.51 Selecting previously unselected package node-wcwidth.js.
#10 20.51 Preparing to unpack .../080-node-wcwidth.js_1.0.2-1_all.deb ...
#10 20.51 Unpacking node-wcwidth.js (1.0.2-1) ...
#10 20.62 Selecting previously unselected package node-columnify.
#10 20.63 Preparing to unpack .../081-node-columnify_1.5.4+~1.5.1-1_all.deb ...
#10 20.63 Unpacking node-columnify (1.5.4+~1.5.1-1) ...
#10 20.66 Selecting previously unselected package node-console-control-strings.
#10 20.66 Preparing to unpack .../082-node-console-control-strings_1.1.0-2_all.deb ...
#10 20.66 Unpacking node-console-control-strings (1.1.0-2) ...
#10 20.69 Selecting previously unselected package node-mimic-response.
#10 20.69 Preparing to unpack .../083-node-mimic-response_3.1.0-7_all.deb ...
#10 20.70 Unpacking node-mimic-response (3.1.0-7) ...
#10 20.73 Selecting previously unselected package node-decompress-response.
#10 20.73 Preparing to unpack .../084-node-decompress-response_6.0.0-2_all.deb ...
#10 20.74 Unpacking node-decompress-response (6.0.0-2) ...
#10 20.76 Selecting previously unselected package node-err-code.
#10 20.76 Preparing to unpack .../085-node-err-code_2.0.3+dfsg-3_all.deb ...
#10 20.77 Unpacking node-err-code (2.0.3+dfsg-3) ...
#10 20.80 Selecting previously unselected package node-events.
#10 20.80 Preparing to unpack .../086-node-events_3.3.0+~3.0.0-2_all.deb ...
#10 20.80 Unpacking node-events (3.3.0+~3.0.0-2) ...
#10 20.83 Selecting previously unselected package node-time-stamp.
#10 20.83 Preparing to unpack .../087-node-time-stamp_2.2.0-1_all.deb ...
#10 20.83 Unpacking node-time-stamp (2.2.0-1) ...
#10 20.86 Selecting previously unselected package node-fancy-log.
#10 20.86 Preparing to unpack .../088-node-fancy-log_1.3.3+~cs1.3.1-2_all.deb ...
#10 20.86 Unpacking node-fancy-log (1.3.3+~cs1.3.1-2) ...
#10 20.89 Selecting previously unselected package node-function-bind.
#10 20.89 Preparing to unpack .../089-node-function-bind_1.1.1+repacked+~1.0.3-1_all.deb ...
#10 20.89 Unpacking node-function-bind (1.1.1+repacked+~1.0.3-1) ...
#10 20.92 Selecting previously unselected package node-has-unicode.
#10 20.92 Preparing to unpack .../090-node-has-unicode_2.0.1-4_all.deb ...
#10 20.92 Unpacking node-has-unicode (2.0.1-4) ...
#10 20.95 Selecting previously unselected package node-signal-exit.
#10 20.95 Preparing to unpack .../091-node-signal-exit_3.0.6+~3.0.1-1_all.deb ...
#10 20.95 Unpacking node-signal-exit (3.0.6+~3.0.1-1) ...
#10 20.98 Selecting previously unselected package node-ansi-styles.
#10 20.98 Preparing to unpack .../092-node-ansi-styles_4.3.0+~4.2.0-1_all.deb ...
#10 20.98 Unpacking node-ansi-styles (4.3.0+~4.2.0-1) ...
#10 21.05 Selecting previously unselected package node-slice-ansi.
#10 21.05 Preparing to unpack .../093-node-slice-ansi_5.0.0+~cs9.0.0-4_all.deb ...
#10 21.06 Unpacking node-slice-ansi (5.0.0+~cs9.0.0-4) ...
#10 21.08 Selecting previously unselected package node-string-width.
#10 21.08 Preparing to unpack .../094-node-string-width_4.2.3+~cs13.2.3-1_all.deb ...
#10 21.09 Unpacking node-string-width (4.2.3+~cs13.2.3-1) ...
#10 21.12 Selecting previously unselected package node-wide-align.
#10 21.12 Preparing to unpack .../095-node-wide-align_1.1.3-4_all.deb ...
#10 21.12 Unpacking node-wide-align (1.1.3-4) ...
#10 21.15 Selecting previously unselected package node-gauge.
#10 21.16 Preparing to unpack .../096-node-gauge_4.0.2-1_all.deb ...
#10 21.16 Unpacking node-gauge (4.0.2-1) ...
#10 21.20 Selecting previously unselected package node-end-of-stream.
#10 21.20 Preparing to unpack .../097-node-end-of-stream_1.4.4+~1.4.1-1_all.deb ...
#10 21.20 Unpacking node-end-of-stream (1.4.4+~1.4.1-1) ...
#10 21.23 Selecting previously unselected package node-pump.
#10 21.23 Preparing to unpack .../098-node-pump_3.0.0-5_all.deb ...
#10 21.23 Unpacking node-pump (3.0.0-5) ...
#10 21.26 Selecting previously unselected package node-get-stream.
#10 21.26 Preparing to unpack .../099-node-get-stream_6.0.1-1_all.deb ...
#10 21.27 Unpacking node-get-stream (6.0.1-1) ...
#10 21.31 Selecting previously unselected package node-lowercase-keys.
#10 21.31 Preparing to unpack .../100-node-lowercase-keys_2.0.0-2_all.deb ...
#10 21.32 Unpacking node-lowercase-keys (2.0.0-2) ...
#10 21.34 Selecting previously unselected package node-json-buffer.
#10 21.35 Preparing to unpack .../101-node-json-buffer_3.0.1-1_all.deb ...
#10 21.35 Unpacking node-json-buffer (3.0.1-1) ...
#10 21.37 Selecting previously unselected package node-p-cancelable.
#10 21.38 Preparing to unpack .../102-node-p-cancelable_2.1.1-1_all.deb ...
#10 21.38 Unpacking node-p-cancelable (2.1.1-1) ...
#10 21.40 Selecting previously unselected package node-quick-lru.
#10 21.40 Preparing to unpack .../103-node-quick-lru_5.1.1-1_all.deb ...
#10 21.41 Unpacking node-quick-lru (5.1.1-1) ...
#10 21.43 Selecting previously unselected package node-got.
#10 21.43 Preparing to unpack .../104-node-got_11.8.3+~cs58.7.37-1_all.deb ...
#10 21.44 Unpacking node-got (11.8.3+~cs58.7.37-1) ...
#10 21.48 Selecting previously unselected package node-has-flag.
#10 21.48 Preparing to unpack .../105-node-has-flag_4.0.0-2_all.deb ...
#10 21.48 Unpacking node-has-flag (4.0.0-2) ...
#10 21.51 Selecting previously unselected package node-hosted-git-info.
#10 21.51 Preparing to unpack .../106-node-hosted-git-info_4.0.2-1_all.deb ...
#10 21.51 Unpacking node-hosted-git-info (4.0.2-1) ...
#10 21.54 Selecting previously unselected package node-https-proxy-agent.
#10 21.54 Preparing to unpack .../107-node-https-proxy-agent_5.0.0+~cs8.0.0-3_all.deb ...
#10 21.54 Unpacking node-https-proxy-agent (5.0.0+~cs8.0.0-3) ...
#10 21.57 Selecting previously unselected package node-iconv-lite.
#10 21.58 Preparing to unpack .../108-node-iconv-lite_0.6.3-2_all.deb ...
#10 21.58 Unpacking node-iconv-lite (0.6.3-2) ...
#10 21.61 Selecting previously unselected package node-ip.
#10 21.61 Preparing to unpack .../109-node-ip_1.1.5+~1.1.0-1_all.deb ...
#10 21.61 Unpacking node-ip (1.1.5+~1.1.0-1) ...
#10 21.64 Selecting previously unselected package node-ip-regex.
#10 21.64 Preparing to unpack .../110-node-ip-regex_4.3.0+~4.1.1-1_all.deb ...
#10 21.64 Unpacking node-ip-regex (4.3.0+~4.1.1-1) ...
#10 21.67 Selecting previously unselected package node-is-typedarray.
#10 21.67 Preparing to unpack .../111-node-is-typedarray_1.0.0-4_all.deb ...
#10 21.67 Unpacking node-is-typedarray (1.0.0-4) ...
#10 21.70 Selecting previously unselected package node-isexe.
#10 21.70 Preparing to unpack .../112-node-isexe_2.0.0+~2.0.1-4_all.deb ...
#10 21.70 Unpacking node-isexe (2.0.0+~2.0.1-4) ...
#10 21.73 Selecting previously unselected package node-json-parse-better-errors.
#10 21.73 Preparing to unpack .../113-node-json-parse-better-errors_1.0.2+~cs3.3.1-1_all.deb ...
#10 21.73 Unpacking node-json-parse-better-errors (1.0.2+~cs3.3.1-1) ...
#10 21.76 Selecting previously unselected package node-encoding.
#10 21.76 Preparing to unpack .../114-node-encoding_0.1.13-2_all.deb ...
#10 21.77 Unpacking node-encoding (0.1.13-2) ...
#10 21.79 Selecting previously unselected package node-jsonparse.
#10 21.79 Preparing to unpack .../115-node-jsonparse_1.3.1-10_all.deb ...
#10 21.80 Unpacking node-jsonparse (1.3.1-10) ...
#10 21.82 Selecting previously unselected package node-minipass.
#10 21.82 Preparing to unpack .../116-node-minipass_3.1.6+~cs8.7.18-1_all.deb ...
#10 21.82 Unpacking node-minipass (3.1.6+~cs8.7.18-1) ...
#10 21.85 Selecting previously unselected package node-npm-bundled.
#10 21.85 Preparing to unpack .../117-node-npm-bundled_1.1.2-1_all.deb ...
#10 21.86 Unpacking node-npm-bundled (1.1.2-1) ...
#10 21.88 Selecting previously unselected package node-osenv.
#10 21.88 Preparing to unpack .../118-node-osenv_0.1.5+~0.1.0-1_all.deb ...
#10 21.89 Unpacking node-osenv (0.1.5+~0.1.0-1) ...
#10 21.91 Selecting previously unselected package node-validate-npm-package-name.
#10 21.91 Preparing to unpack .../119-node-validate-npm-package-name_3.0.0-4_all.deb ...
#10 21.91 Unpacking node-validate-npm-package-name (3.0.0-4) ...
#10 21.94 Selecting previously unselected package node-npm-package-arg.
#10 21.94 Preparing to unpack .../120-node-npm-package-arg_8.1.5-1_all.deb ...
#10 21.95 Unpacking node-npm-package-arg (8.1.5-1) ...
#10 21.97 Selecting previously unselected package node-object-assign.
#10 21.97 Preparing to unpack .../121-node-object-assign_4.1.1-6_all.deb ...
#10 21.98 Unpacking node-object-assign (4.1.1-6) ...
#10 22.00 Selecting previously unselected package node-retry.
#10 22.00 Preparing to unpack .../122-node-retry_0.13.1+~0.12.1-1_all.deb ...
#10 22.00 Unpacking node-retry (0.13.1+~0.12.1-1) ...
#10 22.03 Selecting previously unselected package node-promise-retry.
#10 22.03 Preparing to unpack .../123-node-promise-retry_2.0.1-2_all.deb ...
#10 22.03 Unpacking node-promise-retry (2.0.1-2) ...
#10 22.06 Selecting previously unselected package node-mute-stream.
#10 22.06 Preparing to unpack .../124-node-mute-stream_0.0.8+~0.0.1-1_all.deb ...
#10 22.06 Unpacking node-mute-stream (0.0.8+~0.0.1-1) ...
#10 22.09 Selecting previously unselected package node-read.
#10 22.09 Preparing to unpack .../125-node-read_1.0.7-3_all.deb ...
#10 22.09 Unpacking node-read (1.0.7-3) ...
#10 22.12 Selecting previously unselected package node-promzard.
#10 22.12 Preparing to unpack .../126-node-promzard_0.3.0-2_all.deb ...
#10 22.13 Unpacking node-promzard (0.3.0-2) ...
#10 22.15 Selecting previously unselected package node-set-blocking.
#10 22.15 Preparing to unpack .../127-node-set-blocking_2.0.0-2_all.deb ...
#10 22.16 Unpacking node-set-blocking (2.0.0-2) ...
#10 22.18 Selecting previously unselected package node-slash.
#10 22.18 Preparing to unpack .../128-node-slash_3.0.0-2_all.deb ...
#10 22.18 Unpacking node-slash (3.0.0-2) ...
#10 22.21 Selecting previously unselected package node-spdx-license-ids.
#10 22.21 Preparing to unpack .../129-node-spdx-license-ids_3.0.11-1_all.deb ...
#10 22.21 Unpacking node-spdx-license-ids (3.0.11-1) ...
#10 22.24 Selecting previously unselected package node-spdx-exceptions.
#10 22.24 Preparing to unpack .../130-node-spdx-exceptions_2.3.0-2_all.deb ...
#10 22.24 Unpacking node-spdx-exceptions (2.3.0-2) ...
#10 22.27 Selecting previously unselected package node-spdx-expression-parse.
#10 22.27 Preparing to unpack .../131-node-spdx-expression-parse_3.0.1+~3.0.1-1_all.deb ...
#10 22.27 Unpacking node-spdx-expression-parse (3.0.1+~3.0.1-1) ...
#10 22.30 Selecting previously unselected package node-spdx-correct.
#10 22.30 Preparing to unpack .../132-node-spdx-correct_3.1.1-2_all.deb ...
#10 22.30 Unpacking node-spdx-correct (3.1.1-2) ...
#10 22.33 Selecting previously unselected package node-text-table.
#10 22.33 Preparing to unpack .../133-node-text-table_0.2.0-4_all.deb ...
#10 22.33 Unpacking node-text-table (0.2.0-4) ...
#10 22.36 Selecting previously unselected package node-typedarray-to-buffer.
#10 22.36 Preparing to unpack .../134-node-typedarray-to-buffer_4.0.0-2_all.deb ...
#10 22.36 Unpacking node-typedarray-to-buffer (4.0.0-2) ...
#10 22.39 Selecting previously unselected package node-validate-npm-package-license.
#10 22.39 Preparing to unpack .../135-node-validate-npm-package-license_3.0.4-2_all.deb ...
#10 22.39 Unpacking node-validate-npm-package-license (3.0.4-2) ...
#10 22.42 Selecting previously unselected package node-whatwg-fetch.
#10 22.42 Preparing to unpack .../136-node-whatwg-fetch_3.6.2-5_all.deb ...
#10 22.42 Unpacking node-whatwg-fetch (3.6.2-5) ...
#10 22.45 Selecting previously unselected package node-write-file-atomic.
#10 22.45 Preparing to unpack .../137-node-write-file-atomic_3.0.3+~3.0.2-1_all.deb ...
#10 22.45 Unpacking node-write-file-atomic (3.0.3+~3.0.2-1) ...
#10 22.47 Selecting previously unselected package node-abbrev.
#10 22.48 Preparing to unpack .../138-node-abbrev_1.1.1+~1.1.2-1_all.deb ...
#10 22.48 Unpacking node-abbrev (1.1.1+~1.1.2-1) ...
#10 22.50 Selecting previously unselected package node-archy.
#10 22.50 Preparing to unpack .../139-node-archy_1.0.0-4_all.deb ...
#10 22.51 Unpacking node-archy (1.0.0-4) ...
#10 22.53 Selecting previously unselected package node-supports-color.
#10 22.53 Preparing to unpack .../140-node-supports-color_8.1.1+~8.1.1-1_all.deb ...
#10 22.54 Unpacking node-supports-color (8.1.1+~8.1.1-1) ...
#10 22.56 Selecting previously unselected package node-chalk.
#10 22.56 Preparing to unpack .../141-node-chalk_4.1.2-1_all.deb ...
#10 22.57 Unpacking node-chalk (4.1.2-1) ...
#10 22.59 Selecting previously unselected package node-cli-table.
#10 22.59 Preparing to unpack .../142-node-cli-table_0.3.11+~cs0.13.3-1_all.deb ...
#10 22.60 Unpacking node-cli-table (0.3.11+~cs0.13.3-1) ...
#10 22.63 Selecting previously unselected package node-depd.
#10 22.63 Preparing to unpack .../143-node-depd_2.0.0-2_all.deb ...
#10 22.63 Unpacking node-depd (2.0.0-2) ...
#10 22.66 Selecting previously unselected package node-nopt.
#10 22.66 Preparing to unpack .../144-node-nopt_5.0.0-2_all.deb ...
#10 22.66 Unpacking node-nopt (5.0.0-2) ...
#10 22.69 Selecting previously unselected package node-npmlog.
#10 22.69 Preparing to unpack .../145-node-npmlog_6.0.1+~4.1.4-1_all.deb ...
#10 22.69 Unpacking node-npmlog (6.0.1+~4.1.4-1) ...
#10 22.72 Selecting previously unselected package node-tar.
#10 22.72 Preparing to unpack .../146-node-tar_6.1.11+ds1+~cs6.0.6-1_all.deb ...
#10 22.72 Unpacking node-tar (6.1.11+ds1+~cs6.0.6-1) ...
#10 22.75 Selecting previously unselected package node-which.
#10 22.75 Preparing to unpack .../147-node-which_2.0.2+~cs1.3.2-2_all.deb ...
#10 22.76 Unpacking node-which (2.0.2+~cs1.3.2-2) ...
#10 22.78 Selecting previously unselected package node-gyp.
#10 22.78 Preparing to unpack .../148-node-gyp_8.4.1-1_all.deb ...
#10 22.79 Unpacking node-gyp (8.4.1-1) ...
#10 22.82 Selecting previously unselected package node-ini.
#10 22.82 Preparing to unpack .../149-node-ini_2.0.1-1_all.deb ...
#10 22.82 Unpacking node-ini (2.0.1-1) ...
#10 22.86 Selecting previously unselected package node-negotiator.
#10 22.86 Preparing to unpack .../150-node-negotiator_0.6.2+~0.6.1-1_all.deb ...
#10 22.86 Unpacking node-negotiator (0.6.2+~0.6.1-1) ...
#10 22.89 Selecting previously unselected package node-resolve.
#10 22.89 Preparing to unpack .../151-node-resolve_1.20.0+~cs5.27.9-1_all.deb ...
#10 22.89 Unpacking node-resolve (1.20.0+~cs5.27.9-1) ...
#10 22.92 Selecting previously unselected package node-normalize-package-data.
#10 22.92 Preparing to unpack .../152-node-normalize-package-data_3.0.3+~2.4.1-1_all.deb ...
#10 22.93 Unpacking node-normalize-package-data (3.0.3+~2.4.1-1) ...
#10 22.95 Selecting previously unselected package node-read-package-json.
#10 22.96 Preparing to unpack .../153-node-read-package-json_4.1.1-1_all.deb ...
#10 22.96 Unpacking node-read-package-json (4.1.1-1) ...
#10 22.99 Selecting previously unselected package npm.
#10 22.99 Preparing to unpack .../154-npm_8.5.1~ds-1_all.deb ...
#10 23.00 Unpacking npm (8.5.1~ds-1) ...
#10 23.11 Setting up media-types (7.0.0) ...
#10 23.13 Setting up node-fs.realpath (1.0.0-2) ...
#10 23.14 Setting up libpsl5:amd64 (0.21.0-1.2build2) ...
#10 23.15 Setting up node-abbrev (1.1.1+~1.1.2-1) ...
#10 23.16 Setting up node-yallist (4.0.0+~4.0.1-1) ...
#10 23.17 Setting up libjs-inherits (2.0.4-4) ...
#10 23.18 Setting up node-p-cancelable (2.1.1-1) ...
#10 23.19 Setting up node-ansi-regex (5.0.1-1) ...
#10 23.20 Setting up node-slash (3.0.0-2) ...
#10 23.21 Setting up node-util-deprecate (1.0.2-3) ...
#10 23.22 Setting up node-retry (0.13.1+~0.12.1-1) ...
#10 23.24 Setting up node-ansistyles (0.1.3-5) ...
#10 23.25 Setting up node-delegates (1.0.0-3) ...
#10 23.26 Setting up node-depd (2.0.0-2) ...
#10 23.27 Setting up node-isexe (2.0.0+~2.0.1-4) ...
#10 23.28 Setting up node-jsonparse (1.3.1-10) ...
#10 23.29 Setting up libsqlite3-0:amd64 (3.37.2-2ubuntu0.7) ...
#10 23.30 Setting up node-escape-string-regexp (4.0.0-2) ...
#10 23.32 Setting up node-negotiator (0.6.2+~0.6.1-1) ...
#10 23.33 Setting up libnghttp2-14:amd64 (1.43.0-1ubuntu0.4) ...
#10 23.34 Setting up node-color-name (1.1.4+~1.1.1-2) ...
#10 23.35 Setting up libc-ares2:amd64 (1.18.1-1ubuntu0.22.04.3) ...
#10 23.37 Setting up node-indent-string (4.0.0-2) ...
#10 23.38 Setting up node-function-bind (1.1.1+repacked+~1.0.3-1) ...
#10 23.39 Setting up node-p-map (4.0.0+~3.1.0+~3.0.1-1) ...
#10 23.40 Setting up node-iferr (1.0.2+~1.0.2-1) ...
#10 23.41 Setting up node-chownr (2.0.0-1) ...
#10 23.42 Setting up node-has-flag (4.0.0-2) ...
#10 23.43 Setting up libsasl2-modules-db:amd64 (2.1.27+dfsg2-3ubuntu1.2) ...
#10 23.45 Setting up node-asap (2.0.6+~2.0.0-1) ...
#10 23.46 Setting up node-inherits (2.0.4-4) ...
#10 23.47 Setting up node-path-is-absolute (2.0.0-2) ...
#10 23.48 Setting up node-ini (2.0.1-1) ...
#10 23.49 Setting up node-safe-buffer (5.2.1+~cs2.1.2-2) ...
#10 23.51 Setting up node-promise-inflight (1.0.1+~1.0.0-1) ...
#10 23.53 Setting up libuv1:amd64 (1.43.0-1ubuntu0.1) ...
#10 23.54 Setting up node-json-parse-better-errors (1.0.2+~cs3.3.1-1) ...
#10 23.55 Setting up node-err-code (2.0.3+dfsg-3) ...
#10 23.56 Setting up librtmp1:amd64 (2.4+20151223.gitfa8646d.1-2build4) ...
#10 23.57 Setting up node-balanced-match (2.0.0-1) ...
#10 23.58 Setting up node-brace-expansion (2.0.1-1) ...
#10 23.60 Setting up node-spdx-exceptions (2.3.0-2) ...
#10 23.61 Setting up node-set-blocking (2.0.0-2) ...
#10 23.62 Setting up libssl-dev:amd64 (3.0.2-0ubuntu1.26) ...
#10 23.63 Setting up node-npm-bundled (1.1.2-1) ...
#10 23.64 Setting up node-signal-exit (3.0.6+~3.0.1-1) ...
#10 23.66 Setting up node-wrappy (1.0.2-2) ...
#10 23.67 Setting up node-text-table (0.2.0-4) ...
#10 23.69 Setting up libsasl2-2:amd64 (2.1.27+dfsg2-3ubuntu1.2) ...
#10 23.70 Setting up libssh-4:amd64 (0.9.6-2ubuntu0.22.04.7) ...
#10 23.71 Setting up node-ip (1.1.5+~1.1.0-1) ...
#10 23.73 Setting up node-quick-lru (5.1.1-1) ...
#10 23.74 Setting up node-mute-stream (0.0.8+~0.0.1-1) ...
#10 23.75 Setting up node-mimic-response (3.1.0-7) ...
#10 23.76 Setting up node-whatwg-fetch (3.6.2-5) ...
#10 23.77 Setting up libjs-typedarray-to-buffer (4.0.0-2) ...
#10 23.78 Setting up libmpdec3:amd64 (2.5.1-2build2) ...
#10 23.79 Setting up node-ip-regex (4.3.0+~4.1.1-1) ...
#10 23.80 Setting up node-spdx-license-ids (3.0.11-1) ...
#10 23.81 Setting up node-string-decoder (1.3.0-5) ...
#10 23.82 Setting up node-time-stamp (2.2.0-1) ...
#10 23.83 Setting up libjs-events (3.3.0+~3.0.0-2) ...
#10 23.84 Setting up node-core-util-is (1.0.3-1) ...
#10 23.85 Setting up node-minimatch (3.1.1+~3.0.5-1) ...
#10 23.86 Setting up node-imurmurhash (0.1.4+dfsg+~0.1.1-1) ...
#10 23.87 Setting up node-read (1.0.7-3) ...
#10 23.88 Setting up readline-common (8.1.2-1) ...
#10 23.89 Setting up node-color-convert (2.0.1-1) ...
#10 23.90 Setting up libonig5:amd64 (6.9.7.1-2build1) ...
#10 23.91 Setting up node-isarray (2.0.5-3) ...
#10 23.93 Setting up node-osenv (0.1.5+~0.1.0-1) ...
#10 23.94 Setting up libicu70:amd64 (70.1-2) ...
#10 23.95 Setting up libjs-is-typedarray (1.0.0-4) ...
#10 23.96 Setting up node-lowercase-keys (2.0.0-2) ...
#10 23.97 Setting up node-decompress-response (6.0.0-2) ...
#10 23.98 Setting up node-process-nextick-args (2.0.1-2) ...
#10 23.99 Setting up node-has-unicode (2.0.1-4) ...
#10 24.00 Setting up libuv1-dev:amd64 (1.43.0-1ubuntu0.1) ...
#10 24.01 Setting up node-readable-stream (3.6.0+~cs3.0.0-1) ...
#10 24.02 Setting up node-lru-cache (6.0.0+~5.1.1-1) ...
#10 24.03 Setting up node-promise-retry (2.0.1-2) ...
#10 24.04 Setting up node-supports-color (8.1.1+~8.1.1-1) ...
#10 24.05 Setting up node-once (1.4.0-4) ...
#10 24.06 Setting up libjq1:amd64 (1.6-2.1ubuntu3.2) ...
#10 24.08 Setting up node-resolve (1.20.0+~cs5.27.9-1) ...
#10 24.09 Setting up libreadline8:amd64 (8.1.2-1) ...
#10 24.10 Setting up node-are-we-there-yet (3.0.0+~1.1.0-1) ...
#10 24.11 Setting up libldap-2.5-0:amd64 (2.5.20+dfsg-0ubuntu0.22.04.1) ...
#10 24.12 Setting up node-fancy-log (1.3.3+~cs1.3.1-2) ...
#10 24.13 Setting up libnode72:amd64 (12.22.9~dfsg-1ubuntu3.6) ...
#10 24.14 Setting up node-promzard (0.3.0-2) ...
#10 24.15 Setting up libpython3.10-stdlib:amd64 (3.10.12-1~22.04.16) ...
#10 24.16 Setting up node-iconv-lite (0.6.3-2) ...
#10 24.17 Setting up node-ansi-styles (4.3.0+~4.2.0-1) ...
#10 24.18 Setting up node-spdx-expression-parse (3.0.1+~3.0.1-1) ...
#10 24.19 Setting up node-is-typedarray (1.0.0-4) ...
#10 24.20 Setting up node-inflight (1.0.6-2) ...
#10 24.21 Setting up jq (1.6-2.1ubuntu3.2) ...
#10 24.22 Setting up node-hosted-git-info (4.0.2-1) ...
#10 24.24 Setting up libcurl4:amd64 (7.81.0-1ubuntu1.25) ...
#10 24.25 Setting up curl (7.81.0-1ubuntu1.25) ...
#10 24.26 Setting up node-encoding (0.1.13-2) ...
#10 24.27 Setting up node-slice-ansi (5.0.0+~cs9.0.0-4) ...
#10 24.28 Setting up libpython3-stdlib:amd64 (3.10.6-1~22.04.1) ...
#10 24.29 Setting up node-end-of-stream (1.4.4+~1.4.1-1) ...
#10 24.30 Setting up python3.10 (3.10.12-1~22.04.16) ...
#10 24.69 Setting up node-pump (3.0.0-5) ...
#10 24.70 Setting up libnode-dev (12.22.9~dfsg-1ubuntu3.6) ...
#10 24.70 Setting up python3 (3.10.6-1~22.04.1) ...
#10 24.71 running python rtupdate hooks for python3.10...
#10 24.71 running python post-rtupdate hooks for python3.10...
#10 24.76 Setting up nodejs (12.22.9~dfsg-1ubuntu3.6) ...
#10 24.78 update-alternatives: using /usr/bin/nodejs to provide /usr/bin/js (js) in auto mode
#10 24.78 update-alternatives: warning: skip creation of /usr/share/man/man1/js.1.gz because associated file /usr/share/man/man1/nodejs.1.gz (of link group js) doesn't exist
#10 24.78 Setting up node-clone (2.1.2-3) ...
#10 24.79 Setting up node-spdx-correct (3.1.1-2) ...
#10 24.80 Setting up node-unique-filename (1.1.1+ds-1) ...
#10 24.81 Setting up node-glob (7.2.1+~cs7.6.15-1) ...
#10 24.82 Setting up node-get-stream (6.0.1-1) ...
#10 24.83 Setting up node-strip-ansi (6.0.1-1) ...
#10 24.84 Setting up node-chalk (4.1.2-1) ...
#10 24.85 Setting up node-which (2.0.2+~cs1.3.2-2) ...
#10 24.87 Setting up node-typedarray-to-buffer (4.0.0-2) ...
#10 24.88 Setting up node-defaults (1.0.3+~1.0.3-1) ...
#10 24.89 Setting up node-graceful-fs (4.2.4+repack-1) ...
#10 24.90 Setting up node-minipass (3.1.6+~cs8.7.18-1) ...
#10 24.91 Setting up node-aproba (2.0.0-2) ...
#10 24.92 Setting up node-mkdirp (1.0.4+~1.0.2-1) ...
#10 24.93 Setting up node-run-queue (2.0.0-2) ...
#10 24.94 Setting up node-archy (1.0.0-4) ...
#10 24.95 Setting up node-nopt (5.0.0-2) ...
#10 24.97 Setting up node-ms (2.1.3+~cs0.7.31-2) ...
#10 24.98 Setting up node-rimraf (3.0.2-1) ...
#10 24.99 Setting up node-semver (7.3.5+~7.3.8-1) ...
#10 25.00 Setting up node-fs-write-stream-atomic (1.0.10-5) ...
#10 25.01 Setting up python3-pkg-resources (59.6.0-1.2ubuntu0.22.04.3) ...
#10 25.12 Setting up node-builtins (4.0.0-1) ...
#10 25.13 Setting up node-validate-npm-package-license (3.0.4-2) ...
#10 25.14 Setting up node-colors (1.4.0-3) ...
#10 25.15 Setting up node-ssri (8.0.1-2) ...
#10 25.16 Setting up node-object-assign (4.1.1-6) ...
#10 25.17 Setting up node-write-file-atomic (3.0.3+~3.0.2-1) ...
#10 25.18 Setting up node-copy-concurrently (1.0.5-8) ...
#10 25.19 Setting up node-move-concurrently (1.0.1-4) ...
#10 25.20 Setting up node-json-buffer (3.0.1-1) ...
#10 25.21 Setting up node-console-control-strings (1.1.0-2) ...
#10 25.22 Setting up node-debug (4.3.2+~cs4.1.7-1) ...
#10 25.23 Setting up node-events (3.3.0+~3.0.0-2) ...
#10 25.24 Setting up node-agent-base (6.0.2+~cs5.4.2-1) ...
#10 25.25 Setting up node-validate-npm-package-name (3.0.0-4) ...
#10 25.26 Setting up node-wcwidth.js (1.0.2-1) ...
#10 25.27 Setting up node-normalize-package-data (3.0.3+~2.4.1-1) ...
#10 25.28 Setting up node-got (11.8.3+~cs58.7.37-1) ...
#10 25.29 Setting up node-tar (6.1.11+ds1+~cs6.0.6-1) ...
#10 25.30 Setting up node-npm-package-arg (8.1.5-1) ...
#10 25.31 Setting up node-https-proxy-agent (5.0.0+~cs8.0.0-3) ...
#10 25.32 Setting up node-string-width (4.2.3+~cs13.2.3-1) ...
#10 25.33 Setting up gyp (0.1+20210831gitd6c5dd5-5) ...
#10 25.47 Setting up node-cacache (15.0.5+~cs13.9.21-3) ...
#10 25.48 Setting up node-columnify (1.5.4+~1.5.1-1) ...
#10 25.49 Setting up node-read-package-json (4.1.1-1) ...
#10 25.50 Setting up node-cli-table (0.3.11+~cs0.13.3-1) ...
#10 25.51 Setting up node-wide-align (1.1.3-4) ...
#10 25.52 Setting up node-gauge (4.0.2-1) ...
#10 25.53 Setting up node-npmlog (6.0.1+~4.1.4-1) ...
#10 25.54 Setting up node-gyp (8.4.1-1) ...
#10 25.55 Setting up npm (8.5.1~ds-1) ...
#10 25.57 Processing triggers for libc-bin (2.35-0ubuntu3.14) ...
#10 25.61 
#10 25.61 WARNING: apt does not have a stable CLI interface. Use with caution in scripts.
#10 25.61 
#10 25.62 
#10 25.62 WARNING: apt does not have a stable CLI interface. Use with caution in scripts.
#10 25.62 
#10 25.63 Reading package lists...
#10 26.38 Building dependency tree...
#10 26.59 Reading state information...
#10 26.75 0 upgraded, 0 newly installed, 0 to remove and 0 not upgraded.
#10 26.76 node: v12.22.9
#10 26.96 npm: 8.5.1
#10 27.16 npx: 8.5.1
#10 DONE 27.5s

#12 [linux/amd64 builder 4/8] COPY files/* /app/binaries/
#12 DONE 0.5s

#13 [linux/amd64 builder 5/8] COPY files/org.apache.sling.feature.launcher-1.3.4/ /app/binaries/org.apache.sling.feature.launcher-1.3.4/
#13 DONE 0.0s

#14 [linux/amd64 builder 6/8] COPY scripts/*.sh /app/scripts/
#14 DONE 0.0s

#15 [linux/amd64 builder 7/8] RUN scripts/install-sling.sh
#15 0.081 mkdir: created directory '/app/sling'
#15 0.133 created directory '/app/sling/org.apache.sling.feature.launcher-1.3.4'
#15 0.133 renamed '/app/binaries/org.apache.sling.feature.launcher-1.3.4/LICENSE' -> '/app/sling/org.apache.sling.feature.launcher-1.3.4/LICENSE'
#15 0.133 renamed '/app/binaries/org.apache.sling.feature.launcher-1.3.4/NOTICE' -> '/app/sling/org.apache.sling.feature.launcher-1.3.4/NOTICE'
#15 0.133 renamed '/app/binaries/org.apache.sling.feature.launcher-1.3.4/README.md' -> '/app/sling/org.apache.sling.feature.launcher-1.3.4/README.md'
#15 0.133 created directory '/app/sling/org.apache.sling.feature.launcher-1.3.4/bin'
#15 0.133 renamed '/app/binaries/org.apache.sling.feature.launcher-1.3.4/bin/launcher' -> '/app/sling/org.apache.sling.feature.launcher-1.3.4/bin/launcher'
#15 0.133 renamed '/app/binaries/org.apache.sling.feature.launcher-1.3.4/bin/launcher.bat' -> '/app/sling/org.apache.sling.feature.launcher-1.3.4/bin/launcher.bat'
#15 0.133 created directory '/app/sling/org.apache.sling.feature.launcher-1.3.4/lib'
#15 0.133 renamed '/app/binaries/org.apache.sling.feature.launcher-1.3.4/lib/commons-cli-1.4.jar' -> '/app/sling/org.apache.sling.feature.launcher-1.3.4/lib/commons-cli-1.4.jar'
#15 0.133 renamed '/app/binaries/org.apache.sling.feature.launcher-1.3.4/lib/commons-lang3-3.12.0.jar' -> '/app/sling/org.apache.sling.feature.launcher-1.3.4/lib/commons-lang3-3.12.0.jar'
#15 0.133 renamed '/app/binaries/org.apache.sling.feature.launcher-1.3.4/lib/commons-text-1.10.0.jar' -> '/app/sling/org.apache.sling.feature.launcher-1.3.4/lib/commons-text-1.10.0.jar'
#15 0.133 renamed '/app/binaries/org.apache.sling.feature.launcher-1.3.4/lib/jakarta.json-api-2.0.2.jar' -> '/app/sling/org.apache.sling.feature.launcher-1.3.4/lib/jakarta.json-api-2.0.2.jar'
#15 0.133 renamed '/app/binaries/org.apache.sling.feature.launcher-1.3.4/lib/johnzon-core-1.2.19-jakarta.jar' -> '/app/sling/org.apache.sling.feature.launcher-1.3.4/lib/johnzon-core-1.2.19-jakarta.jar'
#15 0.133 renamed '/app/binaries/org.apache.sling.feature.launcher-1.3.4/lib/org.apache.felix.cm.json-2.0.0.jar' -> '/app/sling/org.apache.sling.feature.launcher-1.3.4/lib/org.apache.felix.cm.json-2.0.0.jar'
#15 0.133 renamed '/app/binaries/org.apache.sling.feature.launcher-1.3.4/lib/org.apache.sling.feature-2.0.4.jar' -> '/app/sling/org.apache.sling.feature.launcher-1.3.4/lib/org.apache.sling.feature-2.0.4.jar'
#15 0.133 renamed '/app/binaries/org.apache.sling.feature.launcher-1.3.4/lib/org.apache.sling.feature.launcher-1.3.4.jar' -> '/app/sling/org.apache.sling.feature.launcher-1.3.4/lib/org.apache.sling.feature.launcher-1.3.4.jar'
#15 0.133 renamed '/app/binaries/org.apache.sling.feature.launcher-1.3.4/lib/org.osgi.util.converter-1.0.9.jar' -> '/app/sling/org.apache.sling.feature.launcher-1.3.4/lib/org.osgi.util.converter-1.0.9.jar'
#15 0.133 renamed '/app/binaries/org.apache.sling.feature.launcher-1.3.4/lib/org.osgi.util.function-1.0.0.jar' -> '/app/sling/org.apache.sling.feature.launcher-1.3.4/lib/org.osgi.util.function-1.0.0.jar'
#15 0.133 renamed '/app/binaries/org.apache.sling.feature.launcher-1.3.4/lib/osgi.core-8.0.0.jar' -> '/app/sling/org.apache.sling.feature.launcher-1.3.4/lib/osgi.core-8.0.0.jar'
#15 0.133 renamed '/app/binaries/org.apache.sling.feature.launcher-1.3.4/lib/slf4j-api-1.7.25.jar' -> '/app/sling/org.apache.sling.feature.launcher-1.3.4/lib/slf4j-api-1.7.25.jar'
#15 0.133 renamed '/app/binaries/org.apache.sling.feature.launcher-1.3.4/lib/slf4j-simple-1.7.25.jar' -> '/app/sling/org.apache.sling.feature.launcher-1.3.4/lib/slf4j-simple-1.7.25.jar'
#15 0.133 removed directory '/app/binaries/org.apache.sling.feature.launcher-1.3.4/lib'
#15 0.133 removed directory '/app/binaries/org.apache.sling.feature.launcher-1.3.4/bin'
#15 0.133 removed directory '/app/binaries/org.apache.sling.feature.launcher-1.3.4/'
#15 0.448 renamed '/app/binaries/com.peregrine-cms.sling.launchpad-14-SNAPSHOT-oak_tar_far.far' -> '/app/sling/com.peregrine-cms.sling.launchpad-14-SNAPSHOT-oak_tar_far.far'
#15 DONE 0.5s

#16 [linux/amd64 builder 8/8] RUN scripts/install-peregrine.sh none
#16 0.116 Starting Sling for the first time...
#16 0.117 starting sling with runmode none
#16 0.190 [INFO] 
#16 0.190 [INFO] Apache Sling Application Launcher
#16 0.190 [INFO] ---------------------------------
#16 0.190 [INFO] Initializing...
#16 0.197 [INFO] Artifact Repositories: [file:///root/.m2/repository, https://repo.maven.apache.org/maven2, https://repository.apache.org/content/groups/snapshots]
#16 0.197 [INFO] Assembling final feature model...
#16 1.087 [INFO] 
#16 1.087 [INFO] Assembling launcher...
#16 2.177 [INFO] Using 0 local artifacts, 235 cached artifacts, and 1 downloaded artifacts
#16 2.177 [INFO] 
#16 2.177 [INFO] Starting launcher...
#16 2.177 [INFO] Launcher Home: /app/sling
#16 2.177 [INFO] Cache Directory: /app/sling/launcher/cache
#16 2.177 [INFO] 
#16 2.195 [INFO] Using framework factory class org.apache.felix.framework.FrameworkFactory
#16 2.217 WARNING: A terminally deprecated method in sun.misc.Unsafe has been called
#16 2.217 WARNING: sun.misc.Unsafe::staticFieldOffset has been called by org.apache.felix.framework.util.SecureAction (file:/app/sling/launcher/cache/org/apache/felix/org.apache.felix.framework/7.0.5/org.apache.felix.framework-7.0.5.jar)
#16 2.217 WARNING: Please consider reporting this to the maintainers of class org.apache.felix.framework.util.SecureAction
#16 2.217 WARNING: sun.misc.Unsafe::staticFieldOffset will be removed in a future release
#16 3.321 18.08.2026 19:59:13.259 *INFO* [FelixStartLevel] org.apache.sling.commons.log.logback.internal.LogConfigManager updating global configuration for org.apache.sling.commons.log.LogManager
#16 3.329 18.08.2026 19:59:13.267 *INFO* [CM Configuration Updater (ManagedService Update: pid=[org.apache.sling.commons.log.LogManager])] org.apache.sling.commons.log.logback.internal.LogConfigManager updating global configuration for org.apache.sling.commons.log.LogManager
#16 3.642 Aug 18, 2026 7:59:13 PM org.apache.aries.spifly.BaseActivator log
#16 3.642 INFO: Registered provider org.eclipse.jetty.http.Http10FieldPreEncoder of service org.eclipse.jetty.http.HttpFieldPreEncoder in bundle org.apache.felix.http.jetty12
#16 3.643 Aug 18, 2026 7:59:13 PM org.apache.aries.spifly.BaseActivator log
#16 3.643 INFO: Registered provider org.eclipse.jetty.http.Http11FieldPreEncoder of service org.eclipse.jetty.http.HttpFieldPreEncoder in bundle org.apache.felix.http.jetty12
#16 3.646 Aug 18, 2026 7:59:13 PM org.apache.aries.spifly.BaseActivator log
#16 3.646 INFO: Registered provider org.eclipse.jetty.http2.hpack.HpackFieldPreEncoder of service org.eclipse.jetty.http.HttpFieldPreEncoder in bundle org.apache.felix.http.jetty12
#16 4.455 Aug 18, 2026 7:59:14 PM org.apache.tika.config.InitializableProblemHandler$3 handleInitializableProblem
#16 4.455 WARNING: TIFFImageWriter not loaded. tiff files will not be processed
#16 4.455 See https://pdfbox.apache.org/2.0/dependencies.html#jai-image-io
#16 4.455 for optional dependencies.
#16 4.455 J2KImageReader not loaded. JPEG2000 files will not be processed.
#16 4.455 See https://pdfbox.apache.org/2.0/dependencies.html#jai-image-io
#16 4.455 for optional dependencies.
#16 4.455 
#16 4.463 Aug 18, 2026 7:59:14 PM org.apache.tika.config.InitializableProblemHandler$3 handleInitializableProblem
#16 4.463 WARNING: org.xerial's sqlite-jdbc is not loaded.
#16 4.463 Please provide the jar on your classpath to parse sqlite files.
#16 4.463 See tika-parsers/pom.xml for the correct version.
#16 4.516 Aug 18, 2026 7:59:14 PM org.apache.aries.spifly.BaseActivator log
#16 4.516 INFO: Registered provider com.ctc.wstx.stax.WstxEventFactory of service javax.xml.stream.XMLEventFactory in bundle com.fasterxml.woodstox.woodstox-core
#16 4.517 Aug 18, 2026 7:59:14 PM org.apache.aries.spifly.BaseActivator log
#16 4.517 INFO: Registered provider com.ctc.wstx.stax.WstxInputFactory of service javax.xml.stream.XMLInputFactory in bundle com.fasterxml.woodstox.woodstox-core
#16 4.519 Aug 18, 2026 7:59:14 PM org.apache.aries.spifly.BaseActivator log
#16 4.519 INFO: Registered provider com.ctc.wstx.dtd.DTDSchemaFactory of service org.codehaus.stax2.validation.XMLValidationSchemaFactory in bundle com.fasterxml.woodstox.woodstox-core
#16 4.520 Aug 18, 2026 7:59:14 PM org.apache.aries.spifly.BaseActivator log
#16 4.520 INFO: Registered provider com.ctc.wstx.msv.RelaxNGSchemaFactory of service org.codehaus.stax2.validation.XMLValidationSchemaFactory in bundle com.fasterxml.woodstox.woodstox-core
#16 4.521 Aug 18, 2026 7:59:14 PM org.apache.aries.spifly.BaseActivator log
#16 4.521 INFO: Registered provider com.ctc.wstx.msv.W3CSchemaFactory of service org.codehaus.stax2.validation.XMLValidationSchemaFactory in bundle com.fasterxml.woodstox.woodstox-core
#16 4.523 Aug 18, 2026 7:59:14 PM org.apache.aries.spifly.BaseActivator log
#16 4.523 INFO: Registered provider com.ctc.wstx.stax.WstxOutputFactory of service javax.xml.stream.XMLOutputFactory in bundle com.fasterxml.woodstox.woodstox-core
#16 5.742 Aug 18, 2026 7:59:15 PM org.apache.aries.spifly.BaseActivator log
#16 5.742 INFO: Registered provider org.apache.groovy.json.DefaultFastStringServiceFactory of service org.apache.groovy.json.FastStringServiceFactory in bundle groovy-json
#16 5.748 Aug 18, 2026 7:59:15 PM org.apache.aries.spifly.BaseActivator log
#16 5.748 INFO: Registered provider org.codehaus.groovy.jsr223.GroovyScriptEngineFactory of service javax.script.ScriptEngineFactory in bundle groovy-jsr223
#16 5.759 Aug 18, 2026 7:59:15 PM org.apache.aries.spifly.BaseActivator log
#16 5.759 INFO: Registered provider groovy.junit5.plugin.JUnit5Runner of service org.apache.groovy.plugin.GroovyRunner in bundle groovy-test-junit5
#16 5.764 Aug 18, 2026 7:59:15 PM org.apache.aries.spifly.BaseActivator log
#16 5.764 INFO: Registered provider org.apache.groovy.plugin.testng.TestNgRunner of service org.apache.groovy.plugin.GroovyRunner in bundle groovy-testng
#16 6.643 [INFO] Framework started
#16 9.561 ESAPI: WARNING: System property [org.owasp.esapi.opsteam] is not set
#16 9.561 ESAPI: WARNING: System property [org.owasp.esapi.devteam] is not set
#16 9.561 ESAPI: Attempting to load ESAPI.properties via file I/O.
#16 9.561 ESAPI: Attempting to load ESAPI.properties as resource file via file I/O.
#16 9.561 ESAPI: Not found in 'org.owasp.esapi.resources' directory or file not readable: /app/sling/ESAPI.properties
#16 9.561 ESAPI: Not found in SystemResource Directory/resourceDirectory: .esapi/ESAPI.properties
#16 9.561 ESAPI: Not found in 'user.home' (/root) directory: /root/esapi/ESAPI.properties
#16 9.561 ESAPI: Loading ESAPI.properties via file I/O failed. Exception was: java.io.FileNotFoundException
#16 9.561 ESAPI: Attempting to load ESAPI.properties via the classpath.
#16 9.563 ESAPI: SUCCESSFULLY LOADED ESAPI.properties via the CLASSPATH from '/ (root)' using class loader for DefaultSecurityConfiguration class!
#16 9.563 ESAPI: SecurityConfiguration for Validator.ConfigurationFile.MultiValued not found in ESAPI.properties. Using default: false
#16 9.563 ESAPI: Attempting to load validation.properties via file I/O.
#16 9.563 ESAPI: Attempting to load validation.properties as resource file via file I/O.
#16 9.563 ESAPI: Not found in 'org.owasp.esapi.resources' directory or file not readable: /app/sling/validation.properties
#16 9.564 ESAPI: Not found in SystemResource Directory/resourceDirectory: .esapi/validation.properties
#16 9.564 ESAPI: Not found in 'user.home' (/root) directory: /root/esapi/validation.properties
#16 9.564 ESAPI: Loading validation.properties via file I/O failed.
#16 9.564 ESAPI: Attempting to load validation.properties via the classpath.
#16 9.564 ESAPI: SUCCESSFULLY LOADED validation.properties via the CLASSPATH from '/ (root)' using class loader for DefaultSecurityConfiguration class!
#16 9.564 ESAPI: DefaultSecurityConfiguration: The code to print all the properties is currently commented out
#16 9.570 ESAPI: Failed to read Log Prefix configuration Logger.LogPrefix. Defaulting to enabled. Caught org.owasp.esapi.errors.ConfigurationException; exception message was: org.owasp.esapi.errors.ConfigurationException: SecurityConfiguration for Logger.LogPrefix not found in ESAPI.properties
#16 135.3 Sling still starting. Waiting for all bundles to be ready..
#16 137.4 Installing Sling Packager
#16 148.4 npm WARN deprecated deep-assign@3.0.0: Check out `lodash.merge` or `merge-options` instead.
#16 149.1 npm WARN deprecated har-validator@5.1.5: this library is no longer supported
#16 149.1 npm WARN deprecated inflight@1.0.6: This module is not supported, and leaks memory. Do not use it. Check out lru-cache if you want a good and tested way to coalesce async requests by a key value, which is much more comprehensive and powerful.
#16 149.2 npm WARN deprecated glob@7.2.3: Old versions of glob are not supported, and contain widely publicized security vulnerabilities, which have been fixed in the current version. Please update. Support for old versions may be purchased (at exorbitant rates) by contacting i@izs.me
#16 149.3 npm WARN deprecated uuid@3.4.0: uuid@10 and below is no longer supported.  For ESM codebases, update to uuid@latest.  For CommonJS codebases, use uuid@11 (but be aware this version will likely be deprecated in 2028).
#16 149.4 npm WARN deprecated request@2.88.2: request has been deprecated, see https://github.com/request/request/issues/3142
#16 149.9 
#16 149.9 added 313 packages, and audited 314 packages in 12s
#16 149.9 
#16 149.9 22 packages are looking for funding
#16 149.9   run `npm fund` for details
#16 149.9 
#16 149.9 19 vulnerabilities (12 moderate, 5 high, 2 critical)
#16 149.9 
#16 149.9 To address all issues possible (including breaking changes), run:
#16 149.9   npm audit fix --force
#16 149.9 
#16 149.9 Some issues need review, and may require choosing
#16 149.9 a different dependency.
#16 149.9 
#16 149.9 Run `npm audit` for details.
#16 149.9 [install-peregrine 2026-08-18T20:01:39Z] Uploading package 'base.ui.apps-1.0-SNAPSHOT.zip'...
#16 150.4 1. Testing Composum Package Manager on http://localhost:8080
#16 150.4 Checking Composum Package Manager.
#16 150.4 Service call:  http://localhost:8080/bin/cpm/package.json
#16 150.4 Uploading package /app/binaries/base.ui.apps-1.0-SNAPSHOT.zip on http://localhost:8080
#16 150.4 0. Service call:  http://localhost:8080/bin/cpm/package.upload.json
#16 150.4 {"uri":{"protocol":"http:","slashes":true,"auth":null,"host":"localhost:8080","port":"8080","hostname":"localhost","hash":null,"search":null,"query":null,"pathname":"/bin/cpm/package.upload.json","path":"/bin/cpm/package.upload.json","href":"http://localhost:8080/bin/cpm/package.upload.json"},"method":"POST","headers":{"host":"localhost:8080","authorization":"Basic YWRtaW46YWRtaW4="}}
#16 150.4 Response: 200 : OK
#16 150.4 successful
#16 150.4 {"operation":"upload","status":"successful","path":"/com.peregrine-cms/base.ui.apps-1.0-SNAPSHOT.zip","package":{"definition":{"group":"com.peregrine-cms","name":"base.ui.apps","version":"1.0-SNAPSHOT","jcr:description":"JCR Package for the Peregrine CMS Platform including\n        the Platform Core bundle.","includeVersions":false},"packageid":{"name":"base.ui.apps","group":"com.peregrine-cms","version":"1.0-SNAPSHOT"}}}
#16 150.5 [install-peregrine 2026-08-18T20:01:40Z] Installing 'base.ui.apps-1.0-SNAPSHOT.zip' (attempt 1 of 3)...
#16 150.8 [install-peregrine 2026-08-18T20:01:40Z] Installer response for 'base.ui.apps-1.0-SNAPSHOT.zip' (HTTP 200): {"operation":"installation","status":"done","path":"/com.peregrine-cms/base.ui.apps-1.0-SNAPSHOT.zip","package":{"definition":{"group":"com.peregrine-cms","name":"base.ui.apps","version":"1.0-SNAPSHOT","jcr:description":"JCR Package for the Peregrine CMS Platform including\n        the Platform Core bundle.","lastUnpacked":"2026-08-18 20:01:40","includeVersions":false},"packageid":{"name":"base.ui.apps","group":"com.peregrine-cms","version":"1.0-SNAPSHOT"}}}
#16 150.8 [install-peregrine 2026-08-18T20:01:40Z] OK: 'base.ui.apps-1.0-SNAPSHOT.zip' installed, lastUnpacked=2026-08-18 20:01:40
#16 150.8 [install-peregrine 2026-08-18T20:01:40Z] Uploading package 'felib.ui.apps-1.0-SNAPSHOT.zip'...
#16 151.1 1. Testing Composum Package Manager on http://localhost:8080
#16 151.1 Checking Composum Package Manager.
#16 151.1 Service call:  http://localhost:8080/bin/cpm/package.json
#16 151.1 Uploading package /app/binaries/felib.ui.apps-1.0-SNAPSHOT.zip on http://localhost:8080
#16 151.1 0. Service call:  http://localhost:8080/bin/cpm/package.upload.json
#16 151.1 {"uri":{"protocol":"http:","slashes":true,"auth":null,"host":"localhost:8080","port":"8080","hostname":"localhost","hash":null,"search":null,"query":null,"pathname":"/bin/cpm/package.upload.json","path":"/bin/cpm/package.upload.json","href":"http://localhost:8080/bin/cpm/package.upload.json"},"method":"POST","headers":{"host":"localhost:8080","authorization":"Basic YWRtaW46YWRtaW4="}}
#16 151.1 Response: 200 : OK
#16 151.1 successful
#16 151.1 {"operation":"upload","status":"successful","path":"/com.peregrine-cms/felib.ui.apps-1.0-SNAPSHOT.zip","package":{"definition":{"group":"com.peregrine-cms","name":"felib.ui.apps","version":"1.0-SNAPSHOT","jcr:description":"JCR Package for the Peregrine CMS Felib module.","includeVersions":false},"packageid":{"name":"felib.ui.apps","group":"com.peregrine-cms","version":"1.0-SNAPSHOT"}}}
#16 151.1 [install-peregrine 2026-08-18T20:01:41Z] Installing 'felib.ui.apps-1.0-SNAPSHOT.zip' (attempt 1 of 3)...
#16 151.4 [install-peregrine 2026-08-18T20:01:41Z] Installer response for 'felib.ui.apps-1.0-SNAPSHOT.zip' (HTTP 200): {"operation":"installation","status":"done","path":"/com.peregrine-cms/felib.ui.apps-1.0-SNAPSHOT.zip","package":{"definition":{"group":"com.peregrine-cms","name":"felib.ui.apps","version":"1.0-SNAPSHOT","jcr:description":"JCR Package for the Peregrine CMS Felib module.","lastUnpacked":"2026-08-18 20:01:41","includeVersions":false},"packageid":{"name":"felib.ui.apps","group":"com.peregrine-cms","version":"1.0-SNAPSHOT"}}}
#16 151.4 [install-peregrine 2026-08-18T20:01:41Z] OK: 'felib.ui.apps-1.0-SNAPSHOT.zip' installed, lastUnpacked=2026-08-18 20:01:41
#16 151.4 [install-peregrine 2026-08-18T20:01:41Z] Uploading package 'pagerender-vue.ui.apps-1.0-SNAPSHOT.zip'...
#16 151.8 1. Testing Composum Package Manager on http://localhost:8080
#16 151.8 Checking Composum Package Manager.
#16 151.8 Service call:  http://localhost:8080/bin/cpm/package.json
#16 151.8 Uploading package /app/binaries/pagerender-vue.ui.apps-1.0-SNAPSHOT.zip on http://localhost:8080
#16 151.8 0. Service call:  http://localhost:8080/bin/cpm/package.upload.json
#16 151.8 {"uri":{"protocol":"http:","slashes":true,"auth":null,"host":"localhost:8080","port":"8080","hostname":"localhost","hash":null,"search":null,"query":null,"pathname":"/bin/cpm/package.upload.json","path":"/bin/cpm/package.upload.json","href":"http://localhost:8080/bin/cpm/package.upload.json"},"method":"POST","headers":{"host":"localhost:8080","authorization":"Basic YWRtaW46YWRtaW4="}}
#16 151.8 Response: 200 : OK
#16 151.8 successful
#16 151.8 {"operation":"upload","status":"successful","path":"/com.peregrine-cms/pagerender-vue.ui.apps-1.0-SNAPSHOT.zip","package":{"definition":{"group":"com.peregrine-cms","name":"pagerender-vue.ui.apps","version":"1.0-SNAPSHOT","jcr:description":"JCR Package containing Page Render Vue JS content\n        and it service bundle.","includeVersions":false},"packageid":{"name":"pagerender-vue.ui.apps","group":"com.peregrine-cms","version":"1.0-SNAPSHOT"}}}
#16 151.8 [install-peregrine 2026-08-18T20:01:41Z] Installing 'pagerender-vue.ui.apps-1.0-SNAPSHOT.zip' (attempt 1 of 3)...
#16 152.0 [install-peregrine 2026-08-18T20:01:41Z] Installer response for 'pagerender-vue.ui.apps-1.0-SNAPSHOT.zip' (HTTP 200): {"operation":"installation","status":"done","path":"/com.peregrine-cms/pagerender-vue.ui.apps-1.0-SNAPSHOT.zip","package":{"definition":{"group":"com.peregrine-cms","name":"pagerender-vue.ui.apps","version":"1.0-SNAPSHOT","jcr:description":"JCR Package containing Page Render Vue JS content\n        and it service bundle.","includeVersions":false},"packageid":{"name":"pagerender-vue.ui.apps","group":"com.peregrine-cms","version":"1.0-SNAPSHOT"}}}
#16 152.1 [install-peregrine 2026-08-18T20:01:41Z] ERROR: install of 'pagerender-vue.ui.apps-1.0-SNAPSHOT.zip' did not complete successfully
#16 152.1 [install-peregrine 2026-08-18T20:01:41Z] Recent errors from the Sling log:
#16 152.1 18.08.2026 20:01:41.808 *ERROR* [pool-18-thread-1] org.apache.jackrabbit.vault.fs.io.Importer E /apps/pagerendervue/structure/page/template.vue (java.lang.IllegalStateException: Parent node not found.)
#16 152.1 18.08.2026 20:01:41.808 *ERROR* [pool-18-thread-1] org.apache.jackrabbit.vault.fs.io.Importer E /apps/pagerendervue/structure/page/tracker-bodyend.html (java.lang.IllegalStateException: Parent node not found.)
#16 152.1 18.08.2026 20:01:41.809 *ERROR* [pool-18-thread-1] org.apache.jackrabbit.vault.fs.io.Importer E /apps/pagerendervue/structure/page/tracker-bodystart.html (java.lang.IllegalStateException: Parent node not found.)
#16 152.1 18.08.2026 20:01:41.809 *ERROR* [pool-18-thread-1] org.apache.jackrabbit.vault.fs.io.Importer E /apps/pagerendervue/structure/page/tracker-head.html (java.lang.IllegalStateException: Parent node not found.)
#16 152.1 18.08.2026 20:01:41.809 *ERROR* [pool-18-thread-1] org.apache.jackrabbit.vault.fs.io.Importer E /apps/pagerendervue/structure/page/dialog.json (java.lang.IllegalStateException: Parent node not found.)
#16 152.1 18.08.2026 20:01:41.809 *ERROR* [pool-18-thread-1] org.apache.jackrabbit.vault.fs.io.Importer E /apps/pagerendervue/structure/page/explorer_dialog.json (java.lang.IllegalStateException: Parent node not found.)
#16 152.1 18.08.2026 20:01:41.809 *ERROR* [pool-18-thread-1] org.apache.jackrabbit.vault.fs.io.Importer E /apps/pagerendervue/structure/page/Helper.java (java.lang.IllegalStateException: Parent node not found.)
#16 152.1 18.08.2026 20:01:41.809 *ERROR* [pool-18-thread-1] org.apache.jackrabbit.vault.fs.io.Importer E /apps/pagerendervue/structure/page/iconsprites.html (java.lang.IllegalStateException: Parent node not found.)
#16 152.1 18.08.2026 20:01:41.813 *ERROR* [pool-18-thread-1] org.apache.jackrabbit.vault.packaging.impl.ZipVaultPackage Error during install.
#16 152.1 18.08.2026 20:01:41.813 *ERROR* [sling-threadpool-b3fe2645-b390-4628-9be8-a2cbb0e3d6ec-(apache-sling-job-thread-pool)-3-<main queue>(com/composum/sling/core/pckgmgr/PackageJobExecutor)] com.composum.sling.core.concurrent.AbstractJobExecutor Error executing job:/com.peregrine-cms/pagerender-vue.ui.apps-1.0-SNAPSHOT.zip
#16 152.1 [install-peregrine 2026-08-18T20:01:42Z] Waiting 10s before retrying 'pagerender-vue.ui.apps-1.0-SNAPSHOT.zip'...
#16 162.1 [install-peregrine 2026-08-18T20:01:52Z] Installing 'pagerender-vue.ui.apps-1.0-SNAPSHOT.zip' (attempt 2 of 3)...
#16 163.8 [install-peregrine 2026-08-18T20:01:53Z] Installer response for 'pagerender-vue.ui.apps-1.0-SNAPSHOT.zip' (HTTP 200): {"operation":"installation","status":"done","path":"/com.peregrine-cms/pagerender-vue.ui.apps-1.0-SNAPSHOT.zip","package":{"definition":{"group":"com.peregrine-cms","name":"pagerender-vue.ui.apps","version":"1.0-SNAPSHOT","jcr:description":"JCR Package containing Page Render Vue JS content\n        and it service bundle.","lastUnpacked":"2026-08-18 20:01:53","includeVersions":false},"packageid":{"name":"pagerender-vue.ui.apps","group":"com.peregrine-cms","version":"1.0-SNAPSHOT"}}}
#16 163.8 [install-peregrine 2026-08-18T20:01:53Z] OK: 'pagerender-vue.ui.apps-1.0-SNAPSHOT.zip' installed, lastUnpacked=2026-08-18 20:01:53
#16 163.8 [install-peregrine 2026-08-18T20:01:53Z] Uploading package 'pagerender-server.ui.apps-1.0-SNAPSHOT.zip'...
#16 164.1 1. Testing Composum Package Manager on http://localhost:8080
#16 164.1 Checking Composum Package Manager.
#16 164.1 Service call:  http://localhost:8080/bin/cpm/package.json
#16 164.1 Uploading package /app/binaries/pagerender-server.ui.apps-1.0-SNAPSHOT.zip on http://localhost:8080
#16 164.1 0. Service call:  http://localhost:8080/bin/cpm/package.upload.json
#16 164.1 {"uri":{"protocol":"http:","slashes":true,"auth":null,"host":"localhost:8080","port":"8080","hostname":"localhost","hash":null,"search":null,"query":null,"pathname":"/bin/cpm/package.upload.json","path":"/bin/cpm/package.upload.json","href":"http://localhost:8080/bin/cpm/package.upload.json"},"method":"POST","headers":{"host":"localhost:8080","authorization":"Basic YWRtaW46YWRtaW4="}}
#16 164.1 Response: 200 : OK
#16 164.1 successful
#16 164.1 {"operation":"upload","status":"successful","path":"/com.peregrine-cms/pagerender-server.ui.apps-1.0-SNAPSHOT.zip","package":{"definition":{"group":"com.peregrine-cms","name":"pagerender-server.ui.apps","version":"1.0-SNAPSHOT","jcr:description":"JCR Package containing Page Render Server content\n        and it service bundle.","includeVersions":false},"packageid":{"name":"pagerender-server.ui.apps","group":"com.peregrine-cms","version":"1.0-SNAPSHOT"}}}
#16 164.1 [install-peregrine 2026-08-18T20:01:54Z] Installing 'pagerender-server.ui.apps-1.0-SNAPSHOT.zip' (attempt 1 of 3)...
#16 164.2 [install-peregrine 2026-08-18T20:01:54Z] Installer response for 'pagerender-server.ui.apps-1.0-SNAPSHOT.zip' (HTTP 200): {"operation":"installation","status":"done","path":"/com.peregrine-cms/pagerender-server.ui.apps-1.0-SNAPSHOT.zip","package":{"definition":{"group":"com.peregrine-cms","name":"pagerender-server.ui.apps","version":"1.0-SNAPSHOT","jcr:description":"JCR Package containing Page Render Server content\n        and it service bundle.","lastUnpacked":"2026-08-18 20:01:54","includeVersions":false},"packageid":{"name":"pagerender-server.ui.apps","group":"com.peregrine-cms","version":"1.0-SNAPSHOT"}}}
#16 164.3 [install-peregrine 2026-08-18T20:01:54Z] OK: 'pagerender-server.ui.apps-1.0-SNAPSHOT.zip' installed, lastUnpacked=2026-08-18 20:01:54
#16 164.3 [install-peregrine 2026-08-18T20:01:54Z] Uploading package 'admin.ui.apps-1.0-SNAPSHOT.zip'...
#16 164.9 1. Testing Composum Package Manager on http://localhost:8080
#16 164.9 Checking Composum Package Manager.
#16 164.9 Service call:  http://localhost:8080/bin/cpm/package.json
#16 164.9 Uploading package /app/binaries/admin.ui.apps-1.0-SNAPSHOT.zip on http://localhost:8080
#16 164.9 0. Service call:  http://localhost:8080/bin/cpm/package.upload.json
#16 164.9 {"uri":{"protocol":"http:","slashes":true,"auth":null,"host":"localhost:8080","port":"8080","hostname":"localhost","hash":null,"search":null,"query":null,"pathname":"/bin/cpm/package.upload.json","path":"/bin/cpm/package.upload.json","href":"http://localhost:8080/bin/cpm/package.upload.json"},"method":"POST","headers":{"host":"localhost:8080","authorization":"Basic YWRtaW46YWRtaW4="}}
#16 164.9 Response: 200 : OK
#16 164.9 successful
#16 164.9 {"operation":"upload","status":"successful","path":"/com.peregrine-cms/admin.ui.apps-1.0-SNAPSHOT.zip","package":{"definition":{"group":"com.peregrine-cms","name":"admin.ui.apps","version":"1.0-SNAPSHOT","jcr:description":"This JCR Package provides the Admin UI for Peregrine CMS\n        but also installs the Admin Bundle.","includeVersions":false},"packageid":{"name":"admin.ui.apps","group":"com.peregrine-cms","version":"1.0-SNAPSHOT"}}}
#16 164.9 [install-peregrine 2026-08-18T20:01:54Z] Installing 'admin.ui.apps-1.0-SNAPSHOT.zip' (attempt 1 of 3)...
#16 166.3 [install-peregrine 2026-08-18T20:01:56Z] Installer response for 'admin.ui.apps-1.0-SNAPSHOT.zip' (HTTP 200): {"operation":"installation","status":"done","path":"/com.peregrine-cms/admin.ui.apps-1.0-SNAPSHOT.zip","package":{"definition":{"group":"com.peregrine-cms","name":"admin.ui.apps","version":"1.0-SNAPSHOT","jcr:description":"This JCR Package provides the Admin UI for Peregrine CMS\n        but also installs the Admin Bundle.","lastUnpacked":"2026-08-18 20:01:56","includeVersions":false},"packageid":{"name":"admin.ui.apps","group":"com.peregrine-cms","version":"1.0-SNAPSHOT"}}}
#16 166.3 [install-peregrine 2026-08-18T20:01:56Z] OK: 'admin.ui.apps-1.0-SNAPSHOT.zip' installed, lastUnpacked=2026-08-18 20:01:56
#16 166.3 [install-peregrine 2026-08-18T20:01:56Z] Uploading package 'admin.ui.materialize-1.0-SNAPSHOT.zip'...
#16 166.6 1. Testing Composum Package Manager on http://localhost:8080
#16 166.6 Checking Composum Package Manager.
#16 166.6 Service call:  http://localhost:8080/bin/cpm/package.json
#16 166.6 Uploading package /app/binaries/admin.ui.materialize-1.0-SNAPSHOT.zip on http://localhost:8080
#16 166.6 0. Service call:  http://localhost:8080/bin/cpm/package.upload.json
#16 166.6 {"uri":{"protocol":"http:","slashes":true,"auth":null,"host":"localhost:8080","port":"8080","hostname":"localhost","hash":null,"search":null,"query":null,"pathname":"/bin/cpm/package.upload.json","path":"/bin/cpm/package.upload.json","href":"http://localhost:8080/bin/cpm/package.upload.json"},"method":"POST","headers":{"host":"localhost:8080","authorization":"Basic YWRtaW46YWRtaW4="}}
#16 166.6 Response: 200 : OK
#16 166.6 successful
#16 166.6 {"operation":"upload","status":"successful","path":"/com.peregrine-cms/admin.ui.materialize-1.0-SNAPSHOT.zip","package":{"definition":{"group":"com.peregrine-cms","name":"admin.ui.materialize","version":"1.0-SNAPSHOT","jcr:description":"JCR Package for Peregrine CMS providing support for Materialize.","includeVersions":false},"packageid":{"name":"admin.ui.materialize","group":"com.peregrine-cms","version":"1.0-SNAPSHOT"}}}
#16 166.6 [install-peregrine 2026-08-18T20:01:56Z] Installing 'admin.ui.materialize-1.0-SNAPSHOT.zip' (attempt 1 of 3)...
#16 166.9 [install-peregrine 2026-08-18T20:01:56Z] Installer response for 'admin.ui.materialize-1.0-SNAPSHOT.zip' (HTTP 200): {"operation":"installation","status":"done","path":"/com.peregrine-cms/admin.ui.materialize-1.0-SNAPSHOT.zip","package":{"definition":{"group":"com.peregrine-cms","name":"admin.ui.materialize","version":"1.0-SNAPSHOT","jcr:description":"JCR Package for Peregrine CMS providing support for Materialize.","lastUnpacked":"2026-08-18 20:01:56","includeVersions":false},"packageid":{"name":"admin.ui.materialize","group":"com.peregrine-cms","version":"1.0-SNAPSHOT"}}}
#16 166.9 [install-peregrine 2026-08-18T20:01:56Z] OK: 'admin.ui.materialize-1.0-SNAPSHOT.zip' installed, lastUnpacked=2026-08-18 20:01:56
#16 166.9 [install-peregrine 2026-08-18T20:01:56Z] Uploading package 'admin.sling.ui.apps-1.0-SNAPSHOT.zip'...
#16 167.2 1. Testing Composum Package Manager on http://localhost:8080
#16 167.2 Checking Composum Package Manager.
#16 167.2 Service call:  http://localhost:8080/bin/cpm/package.json
#16 167.2 Uploading package /app/binaries/admin.sling.ui.apps-1.0-SNAPSHOT.zip on http://localhost:8080
#16 167.2 0. Service call:  http://localhost:8080/bin/cpm/package.upload.json
#16 167.2 {"uri":{"protocol":"http:","slashes":true,"auth":null,"host":"localhost:8080","port":"8080","hostname":"localhost","hash":null,"search":null,"query":null,"pathname":"/bin/cpm/package.upload.json","path":"/bin/cpm/package.upload.json","href":"http://localhost:8080/bin/cpm/package.upload.json"},"method":"POST","headers":{"host":"localhost:8080","authorization":"Basic YWRtaW46YWRtaW4="}}
#16 167.2 Response: 200 : OK
#16 167.2 successful
#16 167.2 {"operation":"upload","status":"successful","path":"/com.peregrine-cms/admin.sling.ui.apps-1.0-SNAPSHOT.zip","package":{"definition":{"group":"com.peregrine-cms","name":"admin.sling.ui.apps","version":"1.0-SNAPSHOT","jcr:description":"This JCR Package provides UI files for Admin on Sling.","includeVersions":false},"packageid":{"name":"admin.sling.ui.apps","group":"com.peregrine-cms","version":"1.0-SNAPSHOT"}}}
#16 167.2 [install-peregrine 2026-08-18T20:01:57Z] Installing 'admin.sling.ui.apps-1.0-SNAPSHOT.zip' (attempt 1 of 3)...
#16 167.3 [install-peregrine 2026-08-18T20:01:57Z] Installer response for 'admin.sling.ui.apps-1.0-SNAPSHOT.zip' (HTTP 200): {"operation":"installation","status":"done","path":"/com.peregrine-cms/admin.sling.ui.apps-1.0-SNAPSHOT.zip","package":{"definition":{"group":"com.peregrine-cms","name":"admin.sling.ui.apps","version":"1.0-SNAPSHOT","jcr:description":"This JCR Package provides UI files for Admin on Sling.","lastUnpacked":"2026-08-18 20:01:57","includeVersions":false},"packageid":{"name":"admin.sling.ui.apps","group":"com.peregrine-cms","version":"1.0-SNAPSHOT"}}}
#16 167.3 [install-peregrine 2026-08-18T20:01:57Z] OK: 'admin.sling.ui.apps-1.0-SNAPSHOT.zip' installed, lastUnpacked=2026-08-18 20:01:57
#16 167.3 [install-peregrine 2026-08-18T20:01:57Z] Uploading package 'example-vue.ui.apps-1.0-SNAPSHOT.zip'...
#16 167.6 1. Testing Composum Package Manager on http://localhost:8080
#16 167.6 Checking Composum Package Manager.
#16 167.6 Service call:  http://localhost:8080/bin/cpm/package.json
#16 167.6 Uploading package /app/binaries/example-vue.ui.apps-1.0-SNAPSHOT.zip on http://localhost:8080
#16 167.6 0. Service call:  http://localhost:8080/bin/cpm/package.upload.json
#16 167.6 {"uri":{"protocol":"http:","slashes":true,"auth":null,"host":"localhost:8080","port":"8080","hostname":"localhost","hash":null,"search":null,"query":null,"pathname":"/bin/cpm/package.upload.json","path":"/bin/cpm/package.upload.json","href":"http://localhost:8080/bin/cpm/package.upload.json"},"method":"POST","headers":{"host":"localhost:8080","authorization":"Basic YWRtaW46YWRtaW4="}}
#16 167.6 Response: 200 : OK
#16 167.6 successful
#16 167.6 {"operation":"upload","status":"successful","path":"/com.peregrine-cms.example/example-vue.ui.apps-1.0-SNAPSHOT.zip","package":{"definition":{"group":"com.peregrine-cms.example","name":"example-vue.ui.apps","version":"1.0-SNAPSHOT","jcr:description":"JCR Package for the Peregrine CMS example site","includeVersions":false},"packageid":{"name":"example-vue.ui.apps","group":"com.peregrine-cms.example","version":"1.0-SNAPSHOT"}}}
#16 167.6 [install-peregrine 2026-08-18T20:01:57Z] Installing 'example-vue.ui.apps-1.0-SNAPSHOT.zip' (attempt 1 of 3)...
#16 168.2 [install-peregrine 2026-08-18T20:01:58Z] Installer response for 'example-vue.ui.apps-1.0-SNAPSHOT.zip' (HTTP 200): {"operation":"installation","status":"done","path":"/com.peregrine-cms.example/example-vue.ui.apps-1.0-SNAPSHOT.zip","package":{"definition":{"group":"com.peregrine-cms.example","name":"example-vue.ui.apps","version":"1.0-SNAPSHOT","jcr:description":"JCR Package for the Peregrine CMS example site","lastUnpacked":"2026-08-18 20:01:58","includeVersions":false},"packageid":{"name":"example-vue.ui.apps","group":"com.peregrine-cms.example","version":"1.0-SNAPSHOT"}}}
#16 168.2 [install-peregrine 2026-08-18T20:01:58Z] OK: 'example-vue.ui.apps-1.0-SNAPSHOT.zip' installed, lastUnpacked=2026-08-18 20:01:58
#16 168.2 [install-peregrine 2026-08-18T20:01:58Z] Uploading package 'pagerender-vue3.ui.apps-1.0-SNAPSHOT.zip'...
#16 168.5 1. Testing Composum Package Manager on http://localhost:8080
#16 168.5 Checking Composum Package Manager.
#16 168.5 Service call:  http://localhost:8080/bin/cpm/package.json
#16 168.5 Uploading package /app/binaries/pagerender-vue3.ui.apps-1.0-SNAPSHOT.zip on http://localhost:8080
#16 168.5 0. Service call:  http://localhost:8080/bin/cpm/package.upload.json
#16 168.5 {"uri":{"protocol":"http:","slashes":true,"auth":null,"host":"localhost:8080","port":"8080","hostname":"localhost","hash":null,"search":null,"query":null,"pathname":"/bin/cpm/package.upload.json","path":"/bin/cpm/package.upload.json","href":"http://localhost:8080/bin/cpm/package.upload.json"},"method":"POST","headers":{"host":"localhost:8080","authorization":"Basic YWRtaW46YWRtaW4="}}
#16 168.5 Response: 200 : OK
#16 168.5 successful
#16 168.5 {"operation":"upload","status":"successful","path":"/com.peregrine-cms/pagerender-vue3.ui.apps-1.0-SNAPSHOT.zip","package":{"definition":{"group":"com.peregrine-cms","name":"pagerender-vue3.ui.apps","version":"1.0-SNAPSHOT","jcr:description":"JCR content package for Vue 3 Page Renderer","includeVersions":false},"packageid":{"name":"pagerender-vue3.ui.apps","group":"com.peregrine-cms","version":"1.0-SNAPSHOT"}}}
#16 168.5 [install-peregrine 2026-08-18T20:01:58Z] Installing 'pagerender-vue3.ui.apps-1.0-SNAPSHOT.zip' (attempt 1 of 3)...
#16 168.6 [install-peregrine 2026-08-18T20:01:58Z] Installer response for 'pagerender-vue3.ui.apps-1.0-SNAPSHOT.zip' (HTTP 200): {"operation":"installation","status":"done","path":"/com.peregrine-cms/pagerender-vue3.ui.apps-1.0-SNAPSHOT.zip","package":{"definition":{"group":"com.peregrine-cms","name":"pagerender-vue3.ui.apps","version":"1.0-SNAPSHOT","jcr:description":"JCR content package for Vue 3 Page Renderer","lastUnpacked":"2026-08-18 20:01:58","includeVersions":false},"packageid":{"name":"pagerender-vue3.ui.apps","group":"com.peregrine-cms","version":"1.0-SNAPSHOT"}}}
#16 168.7 [install-peregrine 2026-08-18T20:01:58Z] OK: 'pagerender-vue3.ui.apps-1.0-SNAPSHOT.zip' installed, lastUnpacked=2026-08-18 20:01:58
#16 168.7 [install-peregrine 2026-08-18T20:01:58Z] Uploading package 'bayviewthemevue3-ui.apps-1.0-SNAPSHOT.zip'...
#16 169.0 1. Testing Composum Package Manager on http://localhost:8080
#16 169.0 Checking Composum Package Manager.
#16 169.0 Service call:  http://localhost:8080/bin/cpm/package.json
#16 169.0 Uploading package /app/binaries/bayviewthemevue3-ui.apps-1.0-SNAPSHOT.zip on http://localhost:8080
#16 169.0 0. Service call:  http://localhost:8080/bin/cpm/package.upload.json
#16 169.0 {"uri":{"protocol":"http:","slashes":true,"auth":null,"host":"localhost:8080","port":"8080","hostname":"localhost","hash":null,"search":null,"query":null,"pathname":"/bin/cpm/package.upload.json","path":"/bin/cpm/package.upload.json","href":"http://localhost:8080/bin/cpm/package.upload.json"},"method":"POST","headers":{"host":"localhost:8080","authorization":"Basic YWRtaW46YWRtaW4="}}
#16 169.0 Response: 200 : OK
#16 169.0 successful
#16 169.0 {"operation":"upload","status":"successful","path":"/bayviewthemevue3/bayviewthemevue3-ui.apps-1.0-SNAPSHOT.zip","package":{"definition":{"group":"bayviewthemevue3","name":"bayviewthemevue3-ui.apps","version":"1.0-SNAPSHOT","jcr:description":"JCR content package for Bayview Theme (components, templates, felibs)","includeVersions":false},"packageid":{"name":"bayviewthemevue3-ui.apps","group":"bayviewthemevue3","version":"1.0-SNAPSHOT"}}}
#16 169.0 [install-peregrine 2026-08-18T20:01:58Z] Installing 'bayviewthemevue3-ui.apps-1.0-SNAPSHOT.zip' (attempt 1 of 3)...
#16 169.2 [install-peregrine 2026-08-18T20:01:59Z] Installer response for 'bayviewthemevue3-ui.apps-1.0-SNAPSHOT.zip' (HTTP 200): {"operation":"installation","status":"done","path":"/bayviewthemevue3/bayviewthemevue3-ui.apps-1.0-SNAPSHOT.zip","package":{"definition":{"group":"bayviewthemevue3","name":"bayviewthemevue3-ui.apps","version":"1.0-SNAPSHOT","jcr:description":"JCR content package for Bayview Theme (components, templates, felibs)","lastUnpacked":"2026-08-18 20:01:59","includeVersions":false},"packageid":{"name":"bayviewthemevue3-ui.apps","group":"bayviewthemevue3","version":"1.0-SNAPSHOT"}}}
#16 169.2 [install-peregrine 2026-08-18T20:01:59Z] OK: 'bayviewthemevue3-ui.apps-1.0-SNAPSHOT.zip' installed, lastUnpacked=2026-08-18 20:01:59
#16 169.2 [install-peregrine 2026-08-18T20:01:59Z] Uploading package 'pagerender-vanilla.ui.apps-1.0-SNAPSHOT.zip'...
#16 169.5 1. Testing Composum Package Manager on http://localhost:8080
#16 169.5 Checking Composum Package Manager.
#16 169.5 Service call:  http://localhost:8080/bin/cpm/package.json
#16 169.5 Uploading package /app/binaries/pagerender-vanilla.ui.apps-1.0-SNAPSHOT.zip on http://localhost:8080
#16 169.5 0. Service call:  http://localhost:8080/bin/cpm/package.upload.json
#16 169.5 {"uri":{"protocol":"http:","slashes":true,"auth":null,"host":"localhost:8080","port":"8080","hostname":"localhost","hash":null,"search":null,"query":null,"pathname":"/bin/cpm/package.upload.json","path":"/bin/cpm/package.upload.json","href":"http://localhost:8080/bin/cpm/package.upload.json"},"method":"POST","headers":{"host":"localhost:8080","authorization":"Basic YWRtaW46YWRtaW4="}}
#16 169.5 Response: 200 : OK
#16 169.5 successful
#16 169.5 {"operation":"upload","status":"successful","path":"/com.peregrine-cms/pagerender-vanilla.ui.apps-1.0-SNAPSHOT.zip","package":{"definition":{"group":"com.peregrine-cms","name":"pagerender-vanilla.ui.apps","version":"1.0-SNAPSHOT","jcr:description":"JCR content package for the Vanilla Page Renderer","includeVersions":false},"packageid":{"name":"pagerender-vanilla.ui.apps","group":"com.peregrine-cms","version":"1.0-SNAPSHOT"}}}
#16 169.5 [install-peregrine 2026-08-18T20:01:59Z] Installing 'pagerender-vanilla.ui.apps-1.0-SNAPSHOT.zip' (attempt 1 of 3)...
#16 169.6 [install-peregrine 2026-08-18T20:01:59Z] Installer response for 'pagerender-vanilla.ui.apps-1.0-SNAPSHOT.zip' (HTTP 200): {"operation":"installation","status":"done","path":"/com.peregrine-cms/pagerender-vanilla.ui.apps-1.0-SNAPSHOT.zip","package":{"definition":{"group":"com.peregrine-cms","name":"pagerender-vanilla.ui.apps","version":"1.0-SNAPSHOT","jcr:description":"JCR content package for the Vanilla Page Renderer","lastUnpacked":"2026-08-18 20:01:59","includeVersions":false},"packageid":{"name":"pagerender-vanilla.ui.apps","group":"com.peregrine-cms","version":"1.0-SNAPSHOT"}}}
#16 169.7 [install-peregrine 2026-08-18T20:01:59Z] OK: 'pagerender-vanilla.ui.apps-1.0-SNAPSHOT.zip' installed, lastUnpacked=2026-08-18 20:01:59
#16 169.7 [install-peregrine 2026-08-18T20:01:59Z] Uploading package 'bayviewvanilla-ui.apps-1.0-SNAPSHOT.zip'...
#16 170.0 1. Testing Composum Package Manager on http://localhost:8080
#16 170.0 Checking Composum Package Manager.
#16 170.0 Service call:  http://localhost:8080/bin/cpm/package.json
#16 170.0 Uploading package /app/binaries/bayviewvanilla-ui.apps-1.0-SNAPSHOT.zip on http://localhost:8080
#16 170.0 0. Service call:  http://localhost:8080/bin/cpm/package.upload.json
#16 170.0 {"uri":{"protocol":"http:","slashes":true,"auth":null,"host":"localhost:8080","port":"8080","hostname":"localhost","hash":null,"search":null,"query":null,"pathname":"/bin/cpm/package.upload.json","path":"/bin/cpm/package.upload.json","href":"http://localhost:8080/bin/cpm/package.upload.json"},"method":"POST","headers":{"host":"localhost:8080","authorization":"Basic YWRtaW46YWRtaW4="}}
#16 170.0 Response: 200 : OK
#16 170.0 successful
#16 170.0 {"operation":"upload","status":"successful","path":"/bayviewvanilla/bayviewvanilla-ui.apps-1.0-SNAPSHOT.zip","package":{"definition":{"group":"bayviewvanilla","name":"bayviewvanilla-ui.apps","version":"1.0-SNAPSHOT","jcr:description":"JCR content package for the Bayview Vanilla theme","includeVersions":false},"packageid":{"name":"bayviewvanilla-ui.apps","group":"bayviewvanilla","version":"1.0-SNAPSHOT"}}}
#16 170.0 [install-peregrine 2026-08-18T20:01:59Z] Installing 'bayviewvanilla-ui.apps-1.0-SNAPSHOT.zip' (attempt 1 of 3)...
#16 231.4 [install-peregrine 2026-08-18T20:03:01Z] Installer response for 'bayviewvanilla-ui.apps-1.0-SNAPSHOT.zip' (HTTP 500): <!DOCTYPE HTML PUBLIC "-//IETF//DTD HTML 2.0//EN">
#16 231.4 <html>
#16 231.4 <head>
#16 231.4 <title>500 Package install not started!</title>
#16 231.4 </head>
#16 231.4 <body>
#16 231.4 <h1>Package install not started! (500)</h1>
#16 231.4 <p>The requested URL /bin/cpm/package.install.json/bayviewvanilla/bayviewvanilla-ui.apps-1.0-SNAPSHOT.zip resulted in an error in com.composum.sling.core.pckgmgr.jcrpckg.PackageServlet.</p>
#16 231.4 <h3>Request Progress:</h3>
#16 231.4 <pre>
#16 231.4       0 TIMER_START{Request Processing}
#16 231.4       7 COMMENT timer_end format is {&lt;elapsed microseconds&gt;,&lt;timer name&gt;} &lt;optional message&gt;
#16 231.4      19 LOG Method=POST, PathInfo=null
#16 231.4      27 TIMER_START{handleSecurity}
#16 231.4    1271 TIMER_END{1242,handleSecurity} authenticator org.apache.sling.auth.core.impl.SlingAuthenticator@5a09d2bf returns true
#16 231.4    1548 TIMER_START{ResourceResolution}
#16 231.4    1673 TIMER_END{124,ResourceResolution} URI=/bin/cpm/package.install.json/bayviewvanilla/bayviewvanilla-ui.apps-1.0-SNAPSHOT.zip resolves to Resource=ServletResource, servlet=com.composum.sling.core.pckgmgr.jcrpckg.PackageServlet, path=/bin/cpm/package
#16 231.4    1685 LOG Resource Path Info: SlingRequestPathInfo: path=&apos;/bin/cpm/package&apos;, selectorString=&apos;install&apos;, extension=&apos;json&apos;, suffix=&apos;/bayviewvanilla/bayviewvanilla-ui.apps-1.0-SNAPSHOT.zip&apos;
#16 231.4    1685 TIMER_START{ServletResolution}
#16 231.4    1688 TIMER_START{resolveServlet(/bin/cpm/package)}
#16 231.4    1727 TIMER_END{38,resolveServlet(/bin/cpm/package)} Using servlet com.composum.sling.core.pckgmgr.jcrpckg.PackageServlet
#16 231.4    1776 TIMER_END{90,ServletResolution} URI=/bin/cpm/package.install.json/bayviewvanilla/bayviewvanilla-ui.apps-1.0-SNAPSHOT.zip handled by Servlet=com.composum.sling.core.pckgmgr.jcrpckg.PackageServlet
#16 231.4    1781 LOG Applying REQUESTfilters
#16 231.4    1792 LOG Calling filter: org.apache.sling.api.wrappers.JavaxToJakartaFilterWrapper
#16 231.4    1852 LOG Calling filter: org.apache.sling.api.wrappers.JavaxToJakartaFilterWrapper
#16 231.4    1858 LOG Calling filter: org.apache.sling.i18n.impl.I18NFilter
#16 231.4    1869 LOG Calling filter: org.apache.sling.engine.impl.debug.RequestProgressTrackerLogFilter
#16 231.4    1871 LOG Calling filter: org.apache.sling.api.wrappers.JavaxToJakartaFilterWrapper
#16 231.4    1937 LOG Applying Componentfilters
#16 231.4    1952 TIMER_START{com.composum.sling.core.pckgmgr.jcrpckg.PackageServlet#0}
#16 231.4 61427822 LOG Applying Error filters
#16 231.4 61428317 LOG Calling filter: org.apache.sling.i18n.impl.I18NFilter
#16 231.4 61428373 TIMER_START{handleError:status=500}
#16 231.4 61431512 TIMER_END{3128,handleError:status=500} Using handler org.apache.sling.servlets.resolver.internal.defaults.DefaultErrorHandlerServlet
#16 231.4 61435859 TIMER_END{61435857,Request Processing} Dumping SlingRequestProgressTracker Entries
#16 231.4 </pre>
#16 231.4 <hr>
#16 231.4 <address>ApacheSling/3.0 (jetty/12.0.32, OpenJDK 64-Bit Server VM 25.0.3, Linux 6.6.114.1-microsoft-standard-WSL2 amd64)</address>
#16 231.4 </body>
#16 231.4 </html>
#16 231.5 [install-peregrine 2026-08-18T20:03:01Z] ERROR: install of 'bayviewvanilla-ui.apps-1.0-SNAPSHOT.zip' did not complete successfully
#16 231.5 [install-peregrine 2026-08-18T20:03:01Z] Recent errors from the Sling log:
#16 231.5 18.08.2026 20:01:41.809 *ERROR* [pool-18-thread-1] org.apache.jackrabbit.vault.fs.io.Importer E /apps/pagerendervue/structure/page/dialog.json (java.lang.IllegalStateException: Parent node not found.)
#16 231.5 18.08.2026 20:01:41.809 *ERROR* [pool-18-thread-1] org.apache.jackrabbit.vault.fs.io.Importer E /apps/pagerendervue/structure/page/explorer_dialog.json (java.lang.IllegalStateException: Parent node not found.)
#16 231.5 18.08.2026 20:01:41.809 *ERROR* [pool-18-thread-1] org.apache.jackrabbit.vault.fs.io.Importer E /apps/pagerendervue/structure/page/Helper.java (java.lang.IllegalStateException: Parent node not found.)
#16 231.5 18.08.2026 20:01:41.809 *ERROR* [pool-18-thread-1] org.apache.jackrabbit.vault.fs.io.Importer E /apps/pagerendervue/structure/page/iconsprites.html (java.lang.IllegalStateException: Parent node not found.)
#16 231.5 18.08.2026 20:01:41.813 *ERROR* [pool-18-thread-1] org.apache.jackrabbit.vault.packaging.impl.ZipVaultPackage Error during install.
#16 231.5 18.08.2026 20:01:41.813 *ERROR* [sling-threadpool-b3fe2645-b390-4628-9be8-a2cbb0e3d6ec-(apache-sling-job-thread-pool)-3-<main queue>(com/composum/sling/core/pckgmgr/PackageJobExecutor)] com.composum.sling.core.concurrent.AbstractJobExecutor Error executing job:/com.peregrine-cms/pagerender-vue.ui.apps-1.0-SNAPSHOT.zip
#16 231.5 18.08.2026 20:01:42.509 *ERROR* [OsgiInstallerImpl] org.apache.jackrabbit.vault.fs.io.AbstractArchive Detected unclosed archive. To figure out where it has been opened set the Java System property 'vault.enableStackTraces' to 'true'
#16 231.5 18.08.2026 20:01:54.093 *ERROR* [pool-21-thread-1] org.apache.jackrabbit.vault.fs.io.AbstractArchive Detected unclosed archive. To figure out where it has been opened set the Java System property 'vault.enableStackTraces' to 'true'
#16 231.5 18.08.2026 20:01:56.771 *ERROR* [pool-23-thread-1] org.apache.jackrabbit.vault.fs.io.AbstractArchive Detected unclosed archive. To figure out where it has been opened set the Java System property 'vault.enableStackTraces' to 'true'
#16 231.5 18.08.2026 20:03:01.338 *ERROR* [127.0.0.1 [1787083319920] POST /bin/cpm/package.install.json/bayviewvanilla/bayviewvanilla-ui.apps-1.0-SNAPSHOT.zip HTTP/1.1] com.composum.sling.core.pckgmgr.jcrpckg.PackageServlet Job was not yet executed: JobImpl [properties=org.apache.sling.api.wrappers.ValueMapDecorator@a37be399 : {slingevent:application=52267688-d869-4491-9ccc-411bc834b0f9, slingevent:created=java.util.GregorianCalendar[time=1787083319921,areFieldsSet=true,areAllFieldsSet=true,lenient=true,zone=sun.util.calendar.ZoneInfo[id="Etc/UTC",offset=0,dstSavings=0,useDaylight=false,transitions=0,lastRule=null],firstDayOfWeek=1,minimalDaysInFirstWeek=1,ERA=1,YEAR=2026,MONTH=7,WEEK_OF_YEAR=34,WEEK_OF_MONTH=4,DAY_OF_MONTH=18,DAY_OF_YEAR=230,DAY_OF_WEEK=3,DAY_OF_WEEK_IN_MONTH=3,AM_PM=1,HOUR=8,HOUR_OF_DAY=20,MINUTE=1,SECOND=59,MILLISECOND=921,ZONE_OFFSET=0,DST_OFFSET=0], event.job.queuename=<main queue>, event.job.queued.time=java.util.GregorianCalendar[time=1787083319921,areFieldsSet=true,areAllFieldsSet=true,lenient=true,zone=sun.util.calendar.ZoneInfo[id="Etc/UTC",offset=0,dstSavings=0,useDaylight=false,transitions=0,lastRule=null],firstDayOfWeek=1,minimalDaysInFirstWeek=1,ERA=1,YEAR=2026,MONTH=7,WEEK_OF_YEAR=34,WEEK_OF_MONTH=4,DAY_OF_MONTH=18,DAY_OF_YEAR=230,DAY_OF_WEEK=3,DAY_OF_WEEK_IN_MONTH=3,AM_PM=1,HOUR=8,HOUR_OF_DAY=20,MINUTE=1,SECOND=59,MILLISECOND=921,ZONE_OFFSET=0,DST_OFFSET=0], outfile=/tmp/slingjob_1787083319921.out, sling:resourceType=slingevent:Job, userid=admin, slingevent:eventId=2026/8/18/20/1/52267688-d869-4491-9ccc-411bc834b0f9_20, event.job.application=52267688-d869-4491-9ccc-411bc834b0f9, reference=/bayviewvanilla/bayviewvanilla-ui.apps-1.0-SNAPSHOT.zip, event.job.retries=10, event.job.retrycount=0, event.job.topic=com/composum/sling/core/pckgmgr/PackageJobExecutor, operation=install}, topic=com/composum/sling/core/pckgmgr/PackageJobExecutor, path=/var/eventing/jobs/assigned/52267688-d869-4491-9ccc-411bc834b0f9/com.composum.sling.core.pckgmgr.PackageJobExecutor/2026/8/18/20/1/52267688-d869-4491-9ccc-411bc834b0f9_20, jobId=2026/8/18/20/1/52267688-d869-4491-9ccc-411bc834b0f9_20]
#16 231.5 [install-peregrine 2026-08-18T20:03:01Z] Waiting 10s before retrying 'bayviewvanilla-ui.apps-1.0-SNAPSHOT.zip'...
#16 241.5 [install-peregrine 2026-08-18T20:03:11Z] Installing 'bayviewvanilla-ui.apps-1.0-SNAPSHOT.zip' (attempt 2 of 3)...
#16 241.6 [install-peregrine 2026-08-18T20:03:11Z] Installer response for 'bayviewvanilla-ui.apps-1.0-SNAPSHOT.zip' (HTTP 200): {"operation":"installation","status":"done","path":"/bayviewvanilla/bayviewvanilla-ui.apps-1.0-SNAPSHOT.zip","package":{"definition":{"group":"bayviewvanilla","name":"bayviewvanilla-ui.apps","version":"1.0-SNAPSHOT","jcr:description":"JCR content package for the Bayview Vanilla theme","lastUnpacked":"2026-08-18 20:03:11","includeVersions":false},"packageid":{"name":"bayviewvanilla-ui.apps","group":"bayviewvanilla","version":"1.0-SNAPSHOT"}}}
#16 241.6 [install-peregrine 2026-08-18T20:03:11Z] OK: 'bayviewvanilla-ui.apps-1.0-SNAPSHOT.zip' installed, lastUnpacked=2026-08-18 20:03:11
#16 241.6 [install-peregrine 2026-08-18T20:03:11Z] Uploading package 'adminv2.ui.apps-1.0-SNAPSHOT.zip'...
#16 241.9 1. Testing Composum Package Manager on http://localhost:8080
#16 241.9 Checking Composum Package Manager.
#16 241.9 Service call:  http://localhost:8080/bin/cpm/package.json
#16 241.9 Uploading package /app/binaries/adminv2.ui.apps-1.0-SNAPSHOT.zip on http://localhost:8080
#16 241.9 0. Service call:  http://localhost:8080/bin/cpm/package.upload.json
#16 241.9 {"uri":{"protocol":"http:","slashes":true,"auth":null,"host":"localhost:8080","port":"8080","hostname":"localhost","hash":null,"search":null,"query":null,"pathname":"/bin/cpm/package.upload.json","path":"/bin/cpm/package.upload.json","href":"http://localhost:8080/bin/cpm/package.upload.json"},"method":"POST","headers":{"host":"localhost:8080","authorization":"Basic YWRtaW46YWRtaW4="}}
#16 241.9 Response: 200 : OK
#16 241.9 successful
#16 241.9 {"operation":"upload","status":"successful","path":"/com.peregrine-cms/adminv2.ui.apps-1.0-SNAPSHOT.zip","package":{"definition":{"group":"com.peregrine-cms","name":"adminv2.ui.apps","version":"1.0-SNAPSHOT","jcr:description":"JCR content package for Peregrine Admin v2 (plain HTML/CSS/JS admin console)","includeVersions":false},"packageid":{"name":"adminv2.ui.apps","group":"com.peregrine-cms","version":"1.0-SNAPSHOT"}}}
#16 241.9 [install-peregrine 2026-08-18T20:03:11Z] Installing 'adminv2.ui.apps-1.0-SNAPSHOT.zip' (attempt 1 of 3)...
#16 242.2 [install-peregrine 2026-08-18T20:03:12Z] Installer response for 'adminv2.ui.apps-1.0-SNAPSHOT.zip' (HTTP 200): {"operation":"installation","status":"done","path":"/com.peregrine-cms/adminv2.ui.apps-1.0-SNAPSHOT.zip","package":{"definition":{"group":"com.peregrine-cms","name":"adminv2.ui.apps","version":"1.0-SNAPSHOT","jcr:description":"JCR content package for Peregrine Admin v2 (plain HTML/CSS/JS admin console)","lastUnpacked":"2026-08-18 20:03:12","includeVersions":false},"packageid":{"name":"adminv2.ui.apps","group":"com.peregrine-cms","version":"1.0-SNAPSHOT"}}}
#16 242.2 [install-peregrine 2026-08-18T20:03:12Z] OK: 'adminv2.ui.apps-1.0-SNAPSHOT.zip' installed, lastUnpacked=2026-08-18 20:03:12
#16 242.2 [install-peregrine 2026-08-18T20:03:12Z] All 13 packages installed and verified.
#16 242.2 [install-peregrine 2026-08-18T20:03:12Z] Removing the classic (v1) admin UI (keeping admin.core + felibs/admin)...
#16 242.2 [install-peregrine 2026-08-18T20:03:12Z]   deleted /content/admin (HTTP 200)
#16 242.3 [install-peregrine 2026-08-18T20:03:12Z]   deleted /apps/admin/components (HTTP 200)
#16 242.3 [install-peregrine 2026-08-18T20:03:12Z]   deleted /apps/admin/pages (HTTP 200)
#16 242.3 [install-peregrine 2026-08-18T20:03:12Z]   deleted /apps/field (HTTP 200)
#16 242.3 [install-peregrine 2026-08-18T20:03:12Z] Stopping Sling (pid 12)...
#16 244.2 [INFO] Framework stopped
#16 244.3 [install-peregrine 2026-08-18T20:03:14Z] Sling stopped.
#16 DONE 244.4s

#17 [linux/amd64 stage-1 3/5] COPY --from=builder /app/scripts ./scripts
#17 DONE 0.0s

#18 [linux/arm64 stage-1 3/5] COPY --from=builder /app/scripts ./scripts
#18 DONE 0.0s

#19 [linux/arm64 stage-1 4/5] COPY --from=builder /app/sling ./sling
#19 DONE 1.3s

#20 [linux/amd64 stage-1 4/5] COPY --from=builder /app/sling ./sling
#20 DONE 1.3s

#21 [linux/amd64 stage-1 5/5] RUN apt update -q     && apt install -q -y --no-install-recommends         jq         curl         libvips-tools     && apt clean -q -y     && apt autoremove --purge -q -y
#21 0.130 
#21 0.130 WARNING: apt does not have a stable CLI interface. Use with caution in scripts.
#21 0.130 
#21 0.219 Get:1 http://archive.ubuntu.com/ubuntu jammy InRelease [270 kB]
#21 0.244 Get:2 http://security.ubuntu.com/ubuntu jammy-security InRelease [129 kB]
#21 0.350 Get:3 http://archive.ubuntu.com/ubuntu jammy-updates InRelease [128 kB]
#21 0.379 Get:4 http://security.ubuntu.com/ubuntu jammy-security/restricted amd64 Packages [7,569 kB]
#21 0.398 Get:5 http://archive.ubuntu.com/ubuntu jammy-backports InRelease [127 kB]
#21 0.447 Get:6 http://archive.ubuntu.com/ubuntu jammy/restricted amd64 Packages [164 kB]
#21 0.471 Get:7 http://archive.ubuntu.com/ubuntu jammy/universe amd64 Packages [17.5 MB]
#21 2.244 Get:8 http://security.ubuntu.com/ubuntu jammy-security/multiverse amd64 Packages [84.1 kB]
#21 2.269 Get:9 http://security.ubuntu.com/ubuntu jammy-security/universe amd64 Packages [1,314 kB]
#21 2.682 Get:10 http://archive.ubuntu.com/ubuntu jammy/multiverse amd64 Packages [266 kB]
#21 2.704 Get:11 http://archive.ubuntu.com/ubuntu jammy/main amd64 Packages [1,792 kB]
#21 2.734 Get:12 http://security.ubuntu.com/ubuntu jammy-security/main amd64 Packages [4,202 kB]
#21 2.953 Get:13 http://archive.ubuntu.com/ubuntu jammy-updates/universe amd64 Packages [1,617 kB]
#21 3.428 Get:14 http://archive.ubuntu.com/ubuntu jammy-updates/multiverse amd64 Packages [92.7 kB]
#21 3.468 Get:15 http://archive.ubuntu.com/ubuntu jammy-updates/restricted amd64 Packages [7,914 kB]
#21 7.562 Get:16 http://archive.ubuntu.com/ubuntu jammy-updates/main amd64 Packages [4,563 kB]
#21 8.191 Get:17 http://archive.ubuntu.com/ubuntu jammy-backports/main amd64 Packages [82.8 kB]
#21 8.200 Get:18 http://archive.ubuntu.com/ubuntu jammy-backports/universe amd64 Packages [35.6 kB]
#21 8.323 Fetched 47.8 MB in 8s (5,848 kB/s)
#21 8.323 Reading package lists...
#21 9.101 Building dependency tree...
#21 9.246 Reading state information...
#21 9.257 All packages are up to date.
#21 9.263 
#21 9.263 WARNING: apt does not have a stable CLI interface. Use with caution in scripts.
#21 9.263 
#21 9.291 Reading package lists...
#21 ...

#22 [linux/arm64 stage-1 5/5] RUN apt update -q     && apt install -q -y --no-install-recommends         jq         curl         libvips-tools     && apt clean -q -y     && apt autoremove --purge -q -y
#22 0.239 
#22 0.239 WARNING: apt does not have a stable CLI interface. Use with caution in scripts.
#22 0.239 
#22 0.809 Get:1 http://ports.ubuntu.com/ubuntu-ports jammy InRelease [270 kB]
#22 1.331 Get:2 http://ports.ubuntu.com/ubuntu-ports jammy-updates InRelease [128 kB]
#22 1.478 Get:3 http://ports.ubuntu.com/ubuntu-ports jammy-backports InRelease [127 kB]
#22 1.630 Get:4 http://ports.ubuntu.com/ubuntu-ports jammy-security InRelease [129 kB]
#22 2.762 Get:5 http://ports.ubuntu.com/ubuntu-ports jammy/restricted arm64 Packages [24.2 kB]
#22 2.866 Get:6 http://ports.ubuntu.com/ubuntu-ports jammy/universe arm64 Packages [17.2 MB]
#22 4.791 Get:7 http://ports.ubuntu.com/ubuntu-ports jammy/main arm64 Packages [1,758 kB]
#22 4.951 Get:8 http://ports.ubuntu.com/ubuntu-ports jammy/multiverse arm64 Packages [224 kB]
#22 4.972 Get:9 http://ports.ubuntu.com/ubuntu-ports jammy-updates/main arm64 Packages [4,368 kB]
#22 5.379 Get:10 http://ports.ubuntu.com/ubuntu-ports jammy-updates/universe arm64 Packages [1,696 kB]
#22 5.535 Get:11 http://ports.ubuntu.com/ubuntu-ports jammy-updates/multiverse arm64 Packages [69.7 kB]
#22 5.542 Get:12 http://ports.ubuntu.com/ubuntu-ports jammy-updates/restricted arm64 Packages [7,979 kB]
#22 6.327 Get:13 http://ports.ubuntu.com/ubuntu-ports jammy-backports/universe arm64 Packages [33.7 kB]
#22 6.328 Get:14 http://ports.ubuntu.com/ubuntu-ports jammy-backports/main arm64 Packages [82.4 kB]
#22 6.700 Get:15 http://ports.ubuntu.com/ubuntu-ports jammy-security/main arm64 Packages [4,026 kB]
#22 7.209 Get:16 http://ports.ubuntu.com/ubuntu-ports jammy-security/restricted arm64 Packages [7,612 kB]
#22 8.433 Get:17 http://ports.ubuntu.com/ubuntu-ports jammy-security/multiverse arm64 Packages [62.9 kB]
#22 8.439 Get:18 http://ports.ubuntu.com/ubuntu-ports jammy-security/universe arm64 Packages [1,397 kB]
#22 ...

#21 [linux/amd64 stage-1 5/5] RUN apt update -q     && apt install -q -y --no-install-recommends         jq         curl         libvips-tools     && apt clean -q -y     && apt autoremove --purge -q -y
#21 10.03 Building dependency tree...
#21 10.19 Reading state information...
#21 10.32 The following additional packages will be installed:
#21 10.32   imagemagick-6-common libaec0 libaom3 libbsd0 libcairo-gobject2 libcairo2
#21 10.32   libcfitsio9 libcgif0 libcurl3-gnutls libcurl4 libdatrie1 libdav1d5
#21 10.32   libde265-0 libdeflate0 libexif12 libfftw3-double3 libfribidi0
#21 10.32   libgdk-pixbuf-2.0-0 libgdk-pixbuf2.0-common libglib2.0-0 libgomp1
#21 10.32   libgraphite2-3 libgsf-1-114 libgsf-1-common libharfbuzz0b libhdf5-103-1
#21 10.32   libheif1 libicu70 libilmbase25 libimagequant0 libjbig0 libjpeg-turbo8
#21 10.32   libjpeg8 libjq1 liblcms2-2 libldap-2.5-0 liblqr-1-0 libltdl7
#21 10.32   libmagickcore-6.q16-6 libmatio11 libmd0 libmpdec3 libnghttp2-14 libnspr4
#21 10.32   libnss3 libnuma1 libonig5 libopenexr25 libopenjp2-7 libopenslide0
#21 10.32   liborc-0.4-0 libpango-1.0-0 libpangocairo-1.0-0 libpangoft2-1.0-0
#21 10.32   libpixman-1-0 libpoppler-glib8 libpoppler118 libpsl5 libpython3-stdlib
#21 10.32   libpython3.10-minimal libpython3.10-stdlib libreadline8 librsvg2-2 librtmp1
#21 10.32   libsasl2-2 libsasl2-modules-db libsqlite3-0 libssh-4 libsz2 libthai-data
#21 10.32   libthai0 libtiff5 libvips42 libwebp7 libwebpdemux2 libwebpmux3 libx11-6
#21 10.32   libx11-data libx265-199 libxau6 libxcb-render0 libxcb-shm0 libxcb1 libxdmcp6
#21 10.33   libxext6 libxml2 libxrender1 media-types python3 python3-minimal python3.10
#21 10.33   python3.10-minimal readline-common shared-mime-info
#21 10.33 Suggested packages:
#21 10.33   libfftw3-bin libfftw3-dev liblcms2-utils libmagickcore-6.q16-6-extra
#21 10.33   librsvg2-bin libvips-dev python3-doc python3-tk python3-venv python3.10-venv
#21 10.33   python3.10-doc binfmt-support readline-doc
#21 10.33 Recommended packages:
#21 10.33   libgdk-pixbuf2.0-bin libglib2.0-data xdg-user-dirs libldap-common
#21 10.33   ghostscript gsfonts poppler-data publicsuffix librsvg2-common
#21 10.33   libsasl2-modules nip2 libvips-doc
#21 10.46 The following NEW packages will be installed:
#21 10.46   curl imagemagick-6-common jq libaec0 libaom3 libbsd0 libcairo-gobject2
#21 10.46   libcairo2 libcfitsio9 libcgif0 libcurl3-gnutls libcurl4 libdatrie1 libdav1d5
#21 10.46   libde265-0 libdeflate0 libexif12 libfftw3-double3 libfribidi0
#21 10.46   libgdk-pixbuf-2.0-0 libgdk-pixbuf2.0-common libglib2.0-0 libgomp1
#21 10.46   libgraphite2-3 libgsf-1-114 libgsf-1-common libharfbuzz0b libhdf5-103-1
#21 10.46   libheif1 libicu70 libilmbase25 libimagequant0 libjbig0 libjpeg-turbo8
#21 10.46   libjpeg8 libjq1 liblcms2-2 libldap-2.5-0 liblqr-1-0 libltdl7
#21 10.46   libmagickcore-6.q16-6 libmatio11 libmd0 libmpdec3 libnghttp2-14 libnspr4
#21 10.46   libnss3 libnuma1 libonig5 libopenexr25 libopenjp2-7 libopenslide0
#21 10.46   liborc-0.4-0 libpango-1.0-0 libpangocairo-1.0-0 libpangoft2-1.0-0
#21 10.46   libpixman-1-0 libpoppler-glib8 libpoppler118 libpsl5 libpython3-stdlib
#21 10.46   libpython3.10-minimal libpython3.10-stdlib libreadline8 librsvg2-2 librtmp1
#21 10.46   libsasl2-2 libsasl2-modules-db libsqlite3-0 libssh-4 libsz2 libthai-data
#21 10.46   libthai0 libtiff5 libvips-tools libvips42 libwebp7 libwebpdemux2 libwebpmux3
#21 10.46   libx11-6 libx11-data libx265-199 libxau6 libxcb-render0 libxcb-shm0 libxcb1
#21 10.46   libxdmcp6 libxext6 libxml2 libxrender1 media-types python3 python3-minimal
#21 10.46   python3.10 python3.10-minimal readline-common shared-mime-info
#21 10.50 0 upgraded, 97 newly installed, 0 to remove and 0 not upgraded.
#21 10.50 Need to get 42.6 MB of archives.
#21 10.50 After this operation, 155 MB of additional disk space will be used.
#21 10.50 Get:1 http://archive.ubuntu.com/ubuntu jammy-updates/main amd64 libpython3.10-minimal amd64 3.10.12-1~22.04.16 [817 kB]
#21 10.58 Get:2 http://archive.ubuntu.com/ubuntu jammy-updates/main amd64 python3.10-minimal amd64 3.10.12-1~22.04.16 [2,254 kB]
#21 10.77 Get:3 http://archive.ubuntu.com/ubuntu jammy-updates/main amd64 python3-minimal amd64 3.10.6-1~22.04.1 [24.3 kB]
#21 10.77 Get:4 http://archive.ubuntu.com/ubuntu jammy/main amd64 media-types all 7.0.0 [25.5 kB]
#21 10.78 Get:5 http://archive.ubuntu.com/ubuntu jammy/main amd64 libmpdec3 amd64 2.5.1-2build2 [86.8 kB]
#21 10.78 Get:6 http://archive.ubuntu.com/ubuntu jammy/main amd64 readline-common all 8.1.2-1 [53.5 kB]
#21 10.79 Get:7 http://archive.ubuntu.com/ubuntu jammy/main amd64 libreadline8 amd64 8.1.2-1 [153 kB]
#21 10.80 Get:8 http://archive.ubuntu.com/ubuntu jammy-updates/main amd64 libsqlite3-0 amd64 3.37.2-2ubuntu0.7 [643 kB]
#21 10.86 Get:9 http://archive.ubuntu.com/ubuntu jammy-updates/main amd64 libpython3.10-stdlib amd64 3.10.12-1~22.04.16 [1,850 kB]
#21 11.01 Get:10 http://archive.ubuntu.com/ubuntu jammy-updates/main amd64 python3.10 amd64 3.10.12-1~22.04.16 [508 kB]
#21 11.05 Get:11 http://archive.ubuntu.com/ubuntu jammy-updates/main amd64 libpython3-stdlib amd64 3.10.6-1~22.04.1 [6,812 B]
#21 11.05 Get:12 http://archive.ubuntu.com/ubuntu jammy-updates/main amd64 python3 amd64 3.10.6-1~22.04.1 [22.8 kB]
#21 11.06 Get:13 http://archive.ubuntu.com/ubuntu jammy-updates/main amd64 libgomp1 amd64 12.3.0-1ubuntu1~22.04.3 [127 kB]
#21 11.07 Get:14 http://archive.ubuntu.com/ubuntu jammy/main amd64 libfftw3-double3 amd64 3.3.8-2ubuntu8 [770 kB]
#21 11.13 Get:15 http://archive.ubuntu.com/ubuntu jammy-updates/universe amd64 libaom3 amd64 3.3.0-1ubuntu0.1 [1,748 kB]
#21 11.28 Get:16 http://archive.ubuntu.com/ubuntu jammy/universe amd64 libdav1d5 amd64 0.9.2-1 [463 kB]
#21 11.32 Get:17 http://archive.ubuntu.com/ubuntu jammy-updates/universe amd64 libde265-0 amd64 1.0.8-1ubuntu0.3 [290 kB]
#21 11.34 Get:18 http://archive.ubuntu.com/ubuntu jammy/main amd64 libnuma1 amd64 2.0.14-3ubuntu2 [22.5 kB]
#21 11.34 Get:19 http://archive.ubuntu.com/ubuntu jammy/universe amd64 libx265-199 amd64 3.5-2 [1,170 kB]
#21 11.44 Get:20 http://archive.ubuntu.com/ubuntu jammy/universe amd64 libheif1 amd64 1.12.0-2build1 [196 kB]
#21 11.46 Get:21 http://archive.ubuntu.com/ubuntu jammy-updates/main amd64 libjbig0 amd64 2.1-3.1ubuntu0.22.04.1 [29.2 kB]
#21 11.46 Get:22 http://archive.ubuntu.com/ubuntu jammy/main amd64 libjpeg-turbo8 amd64 2.1.2-0ubuntu1 [134 kB]
#21 11.48 Get:23 http://archive.ubuntu.com/ubuntu jammy/main amd64 libjpeg8 amd64 8c-2ubuntu10 [2,264 B]
#21 11.48 Get:24 http://archive.ubuntu.com/ubuntu jammy-updates/main amd64 liblcms2-2 amd64 2.12~rc1-2ubuntu0.1 [159 kB]
#21 11.49 Get:25 http://archive.ubuntu.com/ubuntu jammy-updates/main amd64 libglib2.0-0 amd64 2.72.4-0ubuntu2.9 [1,467 kB]
#21 11.61 Get:26 http://archive.ubuntu.com/ubuntu jammy/universe amd64 liblqr-1-0 amd64 0.4.2-2.1 [27.7 kB]
#21 11.62 Get:27 http://archive.ubuntu.com/ubuntu jammy/main amd64 libltdl7 amd64 2.4.6-15build2 [39.6 kB]
#21 11.62 Get:28 http://archive.ubuntu.com/ubuntu jammy-updates/main amd64 libopenjp2-7 amd64 2.4.0-6ubuntu0.5 [158 kB]
#21 11.63 Get:29 http://archive.ubuntu.com/ubuntu jammy/main amd64 libdeflate0 amd64 1.10-2 [70.9 kB]
#21 11.64 Get:30 http://archive.ubuntu.com/ubuntu jammy-updates/main amd64 libwebp7 amd64 1.2.2-2ubuntu0.22.04.2 [206 kB]
#21 11.66 Get:31 http://archive.ubuntu.com/ubuntu jammy-updates/main amd64 libtiff5 amd64 4.3.0-6ubuntu0.13 [185 kB]
#21 11.67 Get:32 http://archive.ubuntu.com/ubuntu jammy-updates/main amd64 libwebpdemux2 amd64 1.2.2-2ubuntu0.22.04.2 [9,964 B]
#21 11.67 Get:33 http://archive.ubuntu.com/ubuntu jammy-updates/main amd64 libwebpmux3 amd64 1.2.2-2ubuntu0.22.04.2 [20.5 kB]
#21 11.67 Get:34 http://archive.ubuntu.com/ubuntu jammy/main amd64 libxau6 amd64 1:1.0.9-1build5 [7,634 B]
#21 11.68 Get:35 http://archive.ubuntu.com/ubuntu jammy/main amd64 libmd0 amd64 1.0.4-1build1 [23.0 kB]
#21 11.68 Get:36 http://archive.ubuntu.com/ubuntu jammy/main amd64 libbsd0 amd64 0.11.5-1 [44.8 kB]
#21 11.69 Get:37 http://archive.ubuntu.com/ubuntu jammy/main amd64 libxdmcp6 amd64 1:1.1.3-0ubuntu5 [10.9 kB]
#21 11.69 Get:38 http://archive.ubuntu.com/ubuntu jammy/main amd64 libxcb1 amd64 1.14-3ubuntu3 [49.0 kB]
#21 11.70 Get:39 http://archive.ubuntu.com/ubuntu jammy-updates/main amd64 libx11-data all 2:1.7.5-1ubuntu0.3 [120 kB]
#21 11.71 Get:40 http://archive.ubuntu.com/ubuntu jammy-updates/main amd64 libx11-6 amd64 2:1.7.5-1ubuntu0.3 [667 kB]
#21 11.77 Get:41 http://archive.ubuntu.com/ubuntu jammy/main amd64 libxext6 amd64 2:1.3.4-1build1 [31.8 kB]
#21 11.77 Get:42 http://archive.ubuntu.com/ubuntu jammy/main amd64 libicu70 amd64 70.1-2 [10.6 MB]
#21 12.67 Get:43 http://archive.ubuntu.com/ubuntu jammy-updates/main amd64 libxml2 amd64 2.9.13+dfsg-1ubuntu0.12 [765 kB]
#21 12.73 Get:44 http://archive.ubuntu.com/ubuntu jammy-updates/universe amd64 imagemagick-6-common all 8:6.9.11.60+dfsg-1.3ubuntu0.22.04.5 [64.3 kB]
#21 12.73 Get:45 http://archive.ubuntu.com/ubuntu jammy-updates/universe amd64 libmagickcore-6.q16-6 amd64 8:6.9.11.60+dfsg-1.3ubuntu0.22.04.5 [1,795 kB]
#21 12.88 Get:46 http://archive.ubuntu.com/ubuntu jammy-updates/main amd64 libfribidi0 amd64 1.0.8-2ubuntu3.1 [26.1 kB]
#21 12.89 Get:47 http://archive.ubuntu.com/ubuntu jammy/main amd64 shared-mime-info amd64 2.1-2 [454 kB]
#21 12.92 Get:48 http://archive.ubuntu.com/ubuntu jammy-updates/main amd64 libnghttp2-14 amd64 1.43.0-1ubuntu0.4 [76.9 kB]
#21 12.93 Get:49 http://archive.ubuntu.com/ubuntu jammy/main amd64 libpsl5 amd64 0.21.0-1.2build2 [58.4 kB]
#21 12.94 Get:50 http://archive.ubuntu.com/ubuntu jammy-updates/main amd64 libsasl2-modules-db amd64 2.1.27+dfsg2-3ubuntu1.2 [20.5 kB]
#21 12.94 Get:51 http://archive.ubuntu.com/ubuntu jammy-updates/main amd64 libsasl2-2 amd64 2.1.27+dfsg2-3ubuntu1.2 [53.8 kB]
#21 12.94 Get:52 http://archive.ubuntu.com/ubuntu jammy-updates/main amd64 libldap-2.5-0 amd64 2.5.20+dfsg-0ubuntu0.22.04.1 [184 kB]
#21 12.96 Get:53 http://archive.ubuntu.com/ubuntu jammy/main amd64 librtmp1 amd64 2.4+20151223.gitfa8646d.1-2build4 [58.2 kB]
#21 12.96 Get:54 http://archive.ubuntu.com/ubuntu jammy-updates/main amd64 libssh-4 amd64 0.9.6-2ubuntu0.22.04.7 [187 kB]
#21 12.98 Get:55 http://archive.ubuntu.com/ubuntu jammy-updates/main amd64 libcurl4 amd64 7.81.0-1ubuntu1.25 [291 kB]
#21 13.00 Get:56 http://archive.ubuntu.com/ubuntu jammy-updates/main amd64 curl amd64 7.81.0-1ubuntu1.25 [194 kB]
#21 13.02 Get:57 http://archive.ubuntu.com/ubuntu jammy/main amd64 libonig5 amd64 6.9.7.1-2build1 [172 kB]
#21 13.04 Get:58 http://archive.ubuntu.com/ubuntu jammy-updates/main amd64 libjq1 amd64 1.6-2.1ubuntu3.2 [135 kB]
#21 13.05 Get:59 http://archive.ubuntu.com/ubuntu jammy-updates/main amd64 jq amd64 1.6-2.1ubuntu3.2 [52.5 kB]
#21 13.05 Get:60 http://archive.ubuntu.com/ubuntu jammy/universe amd64 libaec0 amd64 1.0.6-1 [20.1 kB]
#21 13.05 Get:61 http://archive.ubuntu.com/ubuntu jammy-updates/main amd64 libpixman-1-0 amd64 0.40.0-1ubuntu0.22.04.1 [264 kB]
#21 13.07 Get:62 http://archive.ubuntu.com/ubuntu jammy/main amd64 libxcb-render0 amd64 1.14-3ubuntu3 [16.4 kB]
#21 13.08 Get:63 http://archive.ubuntu.com/ubuntu jammy/main amd64 libxcb-shm0 amd64 1.14-3ubuntu3 [5,780 B]
#21 13.08 Get:64 http://archive.ubuntu.com/ubuntu jammy/main amd64 libxrender1 amd64 1:0.9.10-1build4 [19.7 kB]
#21 13.08 Get:65 http://archive.ubuntu.com/ubuntu jammy-updates/main amd64 libcairo2 amd64 1.16.0-5ubuntu2.1 [628 kB]
#21 13.13 Get:66 http://archive.ubuntu.com/ubuntu jammy-updates/main amd64 libcairo-gobject2 amd64 1.16.0-5ubuntu2.1 [19.5 kB]
#21 13.13 Get:67 http://archive.ubuntu.com/ubuntu jammy-updates/main amd64 libcurl3-gnutls amd64 7.81.0-1ubuntu1.25 [284 kB]
#21 13.16 Get:68 http://archive.ubuntu.com/ubuntu jammy/universe amd64 libcfitsio9 amd64 4.0.0-1 [519 kB]
#21 13.20 Get:69 http://archive.ubuntu.com/ubuntu jammy/universe amd64 libcgif0 amd64 0.2.0-1 [9,636 B]
#21 13.20 Get:70 http://archive.ubuntu.com/ubuntu jammy/main amd64 libdatrie1 amd64 0.2.13-2 [19.9 kB]
#21 13.21 Get:71 http://archive.ubuntu.com/ubuntu jammy-updates/main amd64 libexif12 amd64 0.6.24-1ubuntu0.22.04.1 [92.7 kB]
#21 13.22 Get:72 http://archive.ubuntu.com/ubuntu jammy-updates/main amd64 libgdk-pixbuf2.0-common all 2.42.8+dfsg-1ubuntu0.5 [5,560 B]
#21 13.23 Get:73 http://archive.ubuntu.com/ubuntu jammy-updates/main amd64 libgdk-pixbuf-2.0-0 amd64 2.42.8+dfsg-1ubuntu0.5 [148 kB]
#21 13.24 Get:74 http://archive.ubuntu.com/ubuntu jammy-updates/main amd64 libgraphite2-3 amd64 1.3.14-1ubuntu0.1 [71.6 kB]
#21 13.27 Get:75 http://archive.ubuntu.com/ubuntu jammy-updates/main amd64 libgsf-1-common all 1.14.47-1ubuntu0.1 [13.0 kB]
#21 13.30 Get:76 http://archive.ubuntu.com/ubuntu jammy-updates/main amd64 libgsf-1-114 amd64 1.14.47-1ubuntu0.1 [111 kB]
#21 13.33 Get:77 http://archive.ubuntu.com/ubuntu jammy-updates/main amd64 libharfbuzz0b amd64 2.7.4-1ubuntu3.2 [353 kB]
#21 13.36 Get:78 http://archive.ubuntu.com/ubuntu jammy/universe amd64 libsz2 amd64 1.0.6-1 [5,354 B]
#21 13.36 Get:79 http://archive.ubuntu.com/ubuntu jammy/universe amd64 libhdf5-103-1 amd64 1.10.7+repack-4ubuntu2 [1,295 kB]
#21 13.47 Get:80 http://archive.ubuntu.com/ubuntu jammy/universe amd64 libilmbase25 amd64 2.5.7-2 [175 kB]
#21 13.48 Get:81 http://archive.ubuntu.com/ubuntu jammy/main amd64 libimagequant0 amd64 2.17.0-1 [34.6 kB]
#21 13.49 Get:82 http://archive.ubuntu.com/ubuntu jammy/universe amd64 libmatio11 amd64 1.5.21-1 [112 kB]
#21 13.50 Get:83 http://archive.ubuntu.com/ubuntu jammy-updates/main amd64 libnspr4 amd64 2:4.35-0ubuntu0.22.04.1 [119 kB]
#21 13.51 Get:84 http://archive.ubuntu.com/ubuntu jammy-updates/main amd64 libnss3 amd64 2:3.98-0ubuntu0.22.04.4 [1,347 kB]
#21 13.63 Get:85 http://archive.ubuntu.com/ubuntu jammy/universe amd64 libopenexr25 amd64 2.5.7-1 [780 kB]
#21 13.70 Get:86 http://archive.ubuntu.com/ubuntu jammy/universe amd64 libopenslide0 amd64 3.4.1+dfsg-5build1 [89.8 kB]
#21 13.71 Get:87 http://archive.ubuntu.com/ubuntu jammy-updates/main amd64 liborc-0.4-0 amd64 1:0.4.32-2ubuntu0.1 [228 kB]
#21 13.73 Get:88 http://archive.ubuntu.com/ubuntu jammy/main amd64 libthai-data all 0.1.29-1build1 [162 kB]
#21 13.74 Get:89 http://archive.ubuntu.com/ubuntu jammy/main amd64 libthai0 amd64 0.1.29-1build1 [19.2 kB]
#21 13.75 Get:90 http://archive.ubuntu.com/ubuntu jammy-updates/main amd64 libpango-1.0-0 amd64 1.50.6+ds-2ubuntu1 [230 kB]
#21 13.77 Get:91 http://archive.ubuntu.com/ubuntu jammy-updates/main amd64 libpangoft2-1.0-0 amd64 1.50.6+ds-2ubuntu1 [54.0 kB]
#21 13.77 Get:92 http://archive.ubuntu.com/ubuntu jammy-updates/main amd64 libpangocairo-1.0-0 amd64 1.50.6+ds-2ubuntu1 [39.8 kB]
#21 13.77 Get:93 http://archive.ubuntu.com/ubuntu jammy-updates/main amd64 libpoppler118 amd64 22.02.0-2ubuntu0.13 [1,081 kB]
#21 13.86 Get:94 http://archive.ubuntu.com/ubuntu jammy-updates/main amd64 libpoppler-glib8 amd64 22.02.0-2ubuntu0.13 [134 kB]
#21 13.88 Get:95 http://archive.ubuntu.com/ubuntu jammy-updates/main amd64 librsvg2-2 amd64 2.52.5+dfsg-3ubuntu0.2 [2,974 kB]
#21 14.14 Get:96 http://archive.ubuntu.com/ubuntu jammy/universe amd64 libvips42 amd64 8.12.1-1build1 [1,242 kB]
#21 14.24 Get:97 http://archive.ubuntu.com/ubuntu jammy/universe amd64 libvips-tools amd64 8.12.1-1build1 [31.0 kB]
#21 14.34 debconf: delaying package configuration, since apt-utils is not installed
#21 14.36 Fetched 42.6 MB in 4s (11.3 MB/s)
#21 14.38 Selecting previously unselected package libpython3.10-minimal:amd64.
#21 14.38 (Reading database ... (Reading database ... 5%(Reading database ... 10%(Reading database ... 15%(Reading database ... 20%(Reading database ... 25%(Reading database ... 30%(Reading database ... 35%(Reading database ... 40%(Reading database ... 45%(Reading database ... 50%(Reading database ... 55%(Reading database ... 60%(Reading database ... 65%(Reading database ... 70%(Reading database ... 75%(Reading database ... 80%(Reading database ... 85%(Reading database ... 90%(Reading database ... 95%(Reading database ... 100%(Reading database ... 7865 files and directories currently installed.)
#21 14.39 Preparing to unpack .../libpython3.10-minimal_3.10.12-1~22.04.16_amd64.deb ...
#21 14.39 Unpacking libpython3.10-minimal:amd64 (3.10.12-1~22.04.16) ...
#21 14.45 Selecting previously unselected package python3.10-minimal.
#21 14.46 Preparing to unpack .../python3.10-minimal_3.10.12-1~22.04.16_amd64.deb ...
#21 14.46 Unpacking python3.10-minimal (3.10.12-1~22.04.16) ...
#21 14.51 Setting up libpython3.10-minimal:amd64 (3.10.12-1~22.04.16) ...
#21 14.53 Setting up python3.10-minimal (3.10.12-1~22.04.16) ...
#21 14.91 Selecting previously unselected package python3-minimal.
#21 14.91 (Reading database ... (Reading database ... 5%(Reading database ... 10%(Reading database ... 15%(Reading database ... 20%(Reading database ... 25%(Reading database ... 30%(Reading database ... 35%(Reading database ... 40%(Reading database ... 45%(Reading database ... 50%(Reading database ... 55%(Reading database ... 60%(Reading database ... 65%(Reading database ... 70%(Reading database ... 75%(Reading database ... 80%(Reading database ... 85%(Reading database ... 90%(Reading database ... 95%(Reading database ... 100%(Reading database ... 8161 files and directories currently installed.)
#21 14.92 Preparing to unpack .../0-python3-minimal_3.10.6-1~22.04.1_amd64.deb ...
#21 14.92 Unpacking python3-minimal (3.10.6-1~22.04.1) ...
#21 14.95 Selecting previously unselected package media-types.
#21 14.95 Preparing to unpack .../1-media-types_7.0.0_all.deb ...
#21 14.95 Unpacking media-types (7.0.0) ...
#21 14.99 Selecting previously unselected package libmpdec3:amd64.
#21 14.99 Preparing to unpack .../2-libmpdec3_2.5.1-2build2_amd64.deb ...
#21 14.99 Unpacking libmpdec3:amd64 (2.5.1-2build2) ...
#21 15.02 Selecting previously unselected package readline-common.
#21 15.02 Preparing to unpack .../3-readline-common_8.1.2-1_all.deb ...
#21 15.03 Unpacking readline-common (8.1.2-1) ...
#21 15.06 Selecting previously unselected package libreadline8:amd64.
#21 15.06 Preparing to unpack .../4-libreadline8_8.1.2-1_amd64.deb ...
#21 15.06 Unpacking libreadline8:amd64 (8.1.2-1) ...
#21 15.09 Selecting previously unselected package libsqlite3-0:amd64.
#21 15.10 Preparing to unpack .../5-libsqlite3-0_3.37.2-2ubuntu0.7_amd64.deb ...
#21 15.10 Unpacking libsqlite3-0:amd64 (3.37.2-2ubuntu0.7) ...
#21 15.13 Selecting previously unselected package libpython3.10-stdlib:amd64.
#21 15.13 Preparing to unpack .../6-libpython3.10-stdlib_3.10.12-1~22.04.16_amd64.deb ...
#21 15.13 Unpacking libpython3.10-stdlib:amd64 (3.10.12-1~22.04.16) ...
#21 15.21 Selecting previously unselected package python3.10.
#21 15.21 Preparing to unpack .../7-python3.10_3.10.12-1~22.04.16_amd64.deb ...
#21 15.22 Unpacking python3.10 (3.10.12-1~22.04.16) ...
#21 15.24 Selecting previously unselected package libpython3-stdlib:amd64.
#21 15.24 Preparing to unpack .../8-libpython3-stdlib_3.10.6-1~22.04.1_amd64.deb ...
#21 15.25 Unpacking libpython3-stdlib:amd64 (3.10.6-1~22.04.1) ...
#21 15.27 Setting up python3-minimal (3.10.6-1~22.04.1) ...
#21 15.38 Selecting previously unselected package python3.
#21 15.38 (Reading database ... (Reading database ... 5%(Reading database ... 10%(Reading database ... 15%(Reading database ... 20%(Reading database ... 25%(Reading database ... 30%(Reading database ... 35%(Reading database ... 40%(Reading database ... 45%(Reading database ... 50%(Reading database ... 55%(Reading database ... 60%(Reading database ... 65%(Reading database ... 70%(Reading database ... 75%(Reading database ... 80%(Reading database ... 85%(Reading database ... 90%(Reading database ... 95%(Reading database ... 100%(Reading database ... 8591 files and directories currently installed.)
#21 15.39 Preparing to unpack .../00-python3_3.10.6-1~22.04.1_amd64.deb ...
#21 15.39 Unpacking python3 (3.10.6-1~22.04.1) ...
#21 15.42 Selecting previously unselected package libgomp1:amd64.
#21 15.42 Preparing to unpack .../01-libgomp1_12.3.0-1ubuntu1~22.04.3_amd64.deb ...
#21 15.43 Unpacking libgomp1:amd64 (12.3.0-1ubuntu1~22.04.3) ...
#21 15.46 Selecting previously unselected package libfftw3-double3:amd64.
#21 15.46 Preparing to unpack .../02-libfftw3-double3_3.3.8-2ubuntu8_amd64.deb ...
#21 15.46 Unpacking libfftw3-double3:amd64 (3.3.8-2ubuntu8) ...
#21 15.53 Selecting previously unselected package libaom3:amd64.
#21 15.53 Preparing to unpack .../03-libaom3_3.3.0-1ubuntu0.1_amd64.deb ...
#21 15.53 Unpacking libaom3:amd64 (3.3.0-1ubuntu0.1) ...
#21 15.57 Selecting previously unselected package libdav1d5:amd64.
#21 15.57 Preparing to unpack .../04-libdav1d5_0.9.2-1_amd64.deb ...
#21 15.58 Unpacking libdav1d5:amd64 (0.9.2-1) ...
#21 15.61 Selecting previously unselected package libde265-0:amd64.
#21 15.61 Preparing to unpack .../05-libde265-0_1.0.8-1ubuntu0.3_amd64.deb ...
#21 15.61 Unpacking libde265-0:amd64 (1.0.8-1ubuntu0.3) ...
#21 15.64 Selecting previously unselected package libnuma1:amd64.
#21 15.64 Preparing to unpack .../06-libnuma1_2.0.14-3ubuntu2_amd64.deb ...
#21 15.65 Unpacking libnuma1:amd64 (2.0.14-3ubuntu2) ...
#21 15.67 Selecting previously unselected package libx265-199:amd64.
#21 15.67 Preparing to unpack .../07-libx265-199_3.5-2_amd64.deb ...
#21 15.68 Unpacking libx265-199:amd64 (3.5-2) ...
#21 15.74 Selecting previously unselected package libheif1:amd64.
#21 15.74 Preparing to unpack .../08-libheif1_1.12.0-2build1_amd64.deb ...
#21 15.75 Unpacking libheif1:amd64 (1.12.0-2build1) ...
#21 15.78 Selecting previously unselected package libjbig0:amd64.
#21 15.78 Preparing to unpack .../09-libjbig0_2.1-3.1ubuntu0.22.04.1_amd64.deb ...
#21 15.78 Unpacking libjbig0:amd64 (2.1-3.1ubuntu0.22.04.1) ...
#21 15.81 Selecting previously unselected package libjpeg-turbo8:amd64.
#21 15.81 Preparing to unpack .../10-libjpeg-turbo8_2.1.2-0ubuntu1_amd64.deb ...
#21 15.81 Unpacking libjpeg-turbo8:amd64 (2.1.2-0ubuntu1) ...
#21 15.84 Selecting previously unselected package libjpeg8:amd64.
#21 15.84 Preparing to unpack .../11-libjpeg8_8c-2ubuntu10_amd64.deb ...
#21 15.84 Unpacking libjpeg8:amd64 (8c-2ubuntu10) ...
#21 15.95 Selecting previously unselected package liblcms2-2:amd64.
#21 15.95 Preparing to unpack .../12-liblcms2-2_2.12~rc1-2ubuntu0.1_amd64.deb ...
#21 15.96 Unpacking liblcms2-2:amd64 (2.12~rc1-2ubuntu0.1) ...
#21 15.99 Selecting previously unselected package libglib2.0-0:amd64.
#21 15.99 Preparing to unpack .../13-libglib2.0-0_2.72.4-0ubuntu2.9_amd64.deb ...
#21 16.00 Unpacking libglib2.0-0:amd64 (2.72.4-0ubuntu2.9) ...
#21 16.09 Selecting previously unselected package liblqr-1-0:amd64.
#21 16.09 Preparing to unpack .../14-liblqr-1-0_0.4.2-2.1_amd64.deb ...
#21 16.09 Unpacking liblqr-1-0:amd64 (0.4.2-2.1) ...
#21 16.12 Selecting previously unselected package libltdl7:amd64.
#21 16.12 Preparing to unpack .../15-libltdl7_2.4.6-15build2_amd64.deb ...
#21 16.13 Unpacking libltdl7:amd64 (2.4.6-15build2) ...
#21 16.16 Selecting previously unselected package libopenjp2-7:amd64.
#21 16.16 Preparing to unpack .../16-libopenjp2-7_2.4.0-6ubuntu0.5_amd64.deb ...
#21 16.16 Unpacking libopenjp2-7:amd64 (2.4.0-6ubuntu0.5) ...
#21 16.19 Selecting previously unselected package libdeflate0:amd64.
#21 16.19 Preparing to unpack .../17-libdeflate0_1.10-2_amd64.deb ...
#21 16.19 Unpacking libdeflate0:amd64 (1.10-2) ...
#21 16.22 Selecting previously unselected package libwebp7:amd64.
#21 16.22 Preparing to unpack .../18-libwebp7_1.2.2-2ubuntu0.22.04.2_amd64.deb ...
#21 16.22 Unpacking libwebp7:amd64 (1.2.2-2ubuntu0.22.04.2) ...
#21 16.25 Selecting previously unselected package libtiff5:amd64.
#21 16.25 Preparing to unpack .../19-libtiff5_4.3.0-6ubuntu0.13_amd64.deb ...
#21 16.26 Unpacking libtiff5:amd64 (4.3.0-6ubuntu0.13) ...
#21 16.28 Selecting previously unselected package libwebpdemux2:amd64.
#21 16.29 Preparing to unpack .../20-libwebpdemux2_1.2.2-2ubuntu0.22.04.2_amd64.deb ...
#21 16.29 Unpacking libwebpdemux2:amd64 (1.2.2-2ubuntu0.22.04.2) ...
#21 16.31 Selecting previously unselected package libwebpmux3:amd64.
#21 16.32 Preparing to unpack .../21-libwebpmux3_1.2.2-2ubuntu0.22.04.2_amd64.deb ...
#21 16.32 Unpacking libwebpmux3:amd64 (1.2.2-2ubuntu0.22.04.2) ...
#21 16.35 Selecting previously unselected package libxau6:amd64.
#21 16.35 Preparing to unpack .../22-libxau6_1%3a1.0.9-1build5_amd64.deb ...
#21 16.35 Unpacking libxau6:amd64 (1:1.0.9-1build5) ...
#21 16.38 Selecting previously unselected package libmd0:amd64.
#21 16.38 Preparing to unpack .../23-libmd0_1.0.4-1build1_amd64.deb ...
#21 16.38 Unpacking libmd0:amd64 (1.0.4-1build1) ...
#21 16.41 Selecting previously unselected package libbsd0:amd64.
#21 16.41 Preparing to unpack .../24-libbsd0_0.11.5-1_amd64.deb ...
#21 16.41 Unpacking libbsd0:amd64 (0.11.5-1) ...
#21 16.44 Selecting previously unselected package libxdmcp6:amd64.
#21 16.44 Preparing to unpack .../25-libxdmcp6_1%3a1.1.3-0ubuntu5_amd64.deb ...
#21 16.44 Unpacking libxdmcp6:amd64 (1:1.1.3-0ubuntu5) ...
#21 16.47 Selecting previously unselected package libxcb1:amd64.
#21 16.47 Preparing to unpack .../26-libxcb1_1.14-3ubuntu3_amd64.deb ...
#21 16.48 Unpacking libxcb1:amd64 (1.14-3ubuntu3) ...
#21 16.50 Selecting previously unselected package libx11-data.
#21 16.50 Preparing to unpack .../27-libx11-data_2%3a1.7.5-1ubuntu0.3_all.deb ...
#21 16.50 Unpacking libx11-data (2:1.7.5-1ubuntu0.3) ...
#21 16.56 Selecting previously unselected package libx11-6:amd64.
#21 16.56 Preparing to unpack .../28-libx11-6_2%3a1.7.5-1ubuntu0.3_amd64.deb ...
#21 16.56 Unpacking libx11-6:amd64 (2:1.7.5-1ubuntu0.3) ...
#21 16.59 Selecting previously unselected package libxext6:amd64.
#21 16.59 Preparing to unpack .../29-libxext6_2%3a1.3.4-1build1_amd64.deb ...
#21 16.60 Unpacking libxext6:amd64 (2:1.3.4-1build1) ...
#21 16.62 Selecting previously unselected package libicu70:amd64.
#21 16.63 Preparing to unpack .../30-libicu70_70.1-2_amd64.deb ...
#21 16.63 Unpacking libicu70:amd64 (70.1-2) ...
#21 16.78 Selecting previously unselected package libxml2:amd64.
#21 16.78 Preparing to unpack .../31-libxml2_2.9.13+dfsg-1ubuntu0.12_amd64.deb ...
#21 16.79 Unpacking libxml2:amd64 (2.9.13+dfsg-1ubuntu0.12) ...
#21 16.82 Selecting previously unselected package imagemagick-6-common.
#21 16.82 Preparing to unpack .../32-imagemagick-6-common_8%3a6.9.11.60+dfsg-1.3ubuntu0.22.04.5_all.deb ...
#21 16.83 Unpacking imagemagick-6-common (8:6.9.11.60+dfsg-1.3ubuntu0.22.04.5) ...
#21 16.86 Selecting previously unselected package libmagickcore-6.q16-6:amd64.
#21 16.86 Preparing to unpack .../33-libmagickcore-6.q16-6_8%3a6.9.11.60+dfsg-1.3ubuntu0.22.04.5_amd64.deb ...
#21 16.87 Unpacking libmagickcore-6.q16-6:amd64 (8:6.9.11.60+dfsg-1.3ubuntu0.22.04.5) ...
#21 16.93 Selecting previously unselected package libfribidi0:amd64.
#21 16.94 Preparing to unpack .../34-libfribidi0_1.0.8-2ubuntu3.1_amd64.deb ...
#21 16.94 Unpacking libfribidi0:amd64 (1.0.8-2ubuntu3.1) ...
#21 16.97 Selecting previously unselected package shared-mime-info.
#21 16.97 Preparing to unpack .../35-shared-mime-info_2.1-2_amd64.deb ...
#21 16.97 Unpacking shared-mime-info (2.1-2) ...
#21 17.01 Selecting previously unselected package libnghttp2-14:amd64.
#21 17.01 Preparing to unpack .../36-libnghttp2-14_1.43.0-1ubuntu0.4_amd64.deb ...
#21 17.01 Unpacking libnghttp2-14:amd64 (1.43.0-1ubuntu0.4) ...
#21 17.04 Selecting previously unselected package libpsl5:amd64.
#21 17.04 Preparing to unpack .../37-libpsl5_0.21.0-1.2build2_amd64.deb ...
#21 17.05 Unpacking libpsl5:amd64 (0.21.0-1.2build2) ...
#21 17.07 Selecting previously unselected package libsasl2-modules-db:amd64.
#21 17.07 Preparing to unpack .../38-libsasl2-modules-db_2.1.27+dfsg2-3ubuntu1.2_amd64.deb ...
#21 17.08 Unpacking libsasl2-modules-db:amd64 (2.1.27+dfsg2-3ubuntu1.2) ...
#21 17.10 Selecting previously unselected package libsasl2-2:amd64.
#21 17.10 Preparing to unpack .../39-libsasl2-2_2.1.27+dfsg2-3ubuntu1.2_amd64.deb ...
#21 17.11 Unpacking libsasl2-2:amd64 (2.1.27+dfsg2-3ubuntu1.2) ...
#21 17.14 Selecting previously unselected package libldap-2.5-0:amd64.
#21 17.14 Preparing to unpack .../40-libldap-2.5-0_2.5.20+dfsg-0ubuntu0.22.04.1_amd64.deb ...
#21 17.14 Unpacking libldap-2.5-0:amd64 (2.5.20+dfsg-0ubuntu0.22.04.1) ...
#21 17.17 Selecting previously unselected package librtmp1:amd64.
#21 17.17 Preparing to unpack .../41-librtmp1_2.4+20151223.gitfa8646d.1-2build4_amd64.deb ...
#21 17.18 Unpacking librtmp1:amd64 (2.4+20151223.gitfa8646d.1-2build4) ...
#21 17.21 Selecting previously unselected package libssh-4:amd64.
#21 17.21 Preparing to unpack .../42-libssh-4_0.9.6-2ubuntu0.22.04.7_amd64.deb ...
#21 17.21 Unpacking libssh-4:amd64 (0.9.6-2ubuntu0.22.04.7) ...
#21 17.24 Selecting previously unselected package libcurl4:amd64.
#21 17.24 Preparing to unpack .../43-libcurl4_7.81.0-1ubuntu1.25_amd64.deb ...
#21 17.24 Unpacking libcurl4:amd64 (7.81.0-1ubuntu1.25) ...
#21 17.27 Selecting previously unselected package curl.
#21 17.27 Preparing to unpack .../44-curl_7.81.0-1ubuntu1.25_amd64.deb ...
#21 17.27 Unpacking curl (7.81.0-1ubuntu1.25) ...
#21 17.30 Selecting previously unselected package libonig5:amd64.
#21 17.30 Preparing to unpack .../45-libonig5_6.9.7.1-2build1_amd64.deb ...
#21 17.31 Unpacking libonig5:amd64 (6.9.7.1-2build1) ...
#21 17.34 Selecting previously unselected package libjq1:amd64.
#21 17.34 Preparing to unpack .../46-libjq1_1.6-2.1ubuntu3.2_amd64.deb ...
#21 17.34 Unpacking libjq1:amd64 (1.6-2.1ubuntu3.2) ...
#21 17.37 Selecting previously unselected package jq.
#21 17.37 Preparing to unpack .../47-jq_1.6-2.1ubuntu3.2_amd64.deb ...
#21 17.37 Unpacking jq (1.6-2.1ubuntu3.2) ...
#21 17.40 Selecting previously unselected package libaec0:amd64.
#21 17.40 Preparing to unpack .../48-libaec0_1.0.6-1_amd64.deb ...
#21 17.40 Unpacking libaec0:amd64 (1.0.6-1) ...
#21 17.43 Selecting previously unselected package libpixman-1-0:amd64.
#21 17.43 Preparing to unpack .../49-libpixman-1-0_0.40.0-1ubuntu0.22.04.1_amd64.deb ...
#21 17.43 Unpacking libpixman-1-0:amd64 (0.40.0-1ubuntu0.22.04.1) ...
#21 17.47 Selecting previously unselected package libxcb-render0:amd64.
#21 17.47 Preparing to unpack .../50-libxcb-render0_1.14-3ubuntu3_amd64.deb ...
#21 17.47 Unpacking libxcb-render0:amd64 (1.14-3ubuntu3) ...
#21 17.50 Selecting previously unselected package libxcb-shm0:amd64.
#21 17.50 Preparing to unpack .../51-libxcb-shm0_1.14-3ubuntu3_amd64.deb ...
#21 17.50 Unpacking libxcb-shm0:amd64 (1.14-3ubuntu3) ...
#21 17.53 Selecting previously unselected package libxrender1:amd64.
#21 17.53 Preparing to unpack .../52-libxrender1_1%3a0.9.10-1build4_amd64.deb ...
#21 17.53 Unpacking libxrender1:amd64 (1:0.9.10-1build4) ...
#21 17.56 Selecting previously unselected package libcairo2:amd64.
#21 17.56 Preparing to unpack .../53-libcairo2_1.16.0-5ubuntu2.1_amd64.deb ...
#21 17.56 Unpacking libcairo2:amd64 (1.16.0-5ubuntu2.1) ...
#21 17.60 Selecting previously unselected package libcairo-gobject2:amd64.
#21 17.60 Preparing to unpack .../54-libcairo-gobject2_1.16.0-5ubuntu2.1_amd64.deb ...
#21 17.60 Unpacking libcairo-gobject2:amd64 (1.16.0-5ubuntu2.1) ...
#21 17.63 Selecting previously unselected package libcurl3-gnutls:amd64.
#21 17.63 Preparing to unpack .../55-libcurl3-gnutls_7.81.0-1ubuntu1.25_amd64.deb ...
#21 17.63 Unpacking libcurl3-gnutls:amd64 (7.81.0-1ubuntu1.25) ...
#21 17.66 Selecting previously unselected package libcfitsio9:amd64.
#21 17.66 Preparing to unpack .../56-libcfitsio9_4.0.0-1_amd64.deb ...
#21 17.67 Unpacking libcfitsio9:amd64 (4.0.0-1) ...
#21 17.70 Selecting previously unselected package libcgif0.
#21 17.70 Preparing to unpack .../57-libcgif0_0.2.0-1_amd64.deb ...
#21 17.70 Unpacking libcgif0 (0.2.0-1) ...
#21 17.73 Selecting previously unselected package libdatrie1:amd64.
#21 17.73 Preparing to unpack .../58-libdatrie1_0.2.13-2_amd64.deb ...
#21 17.74 Unpacking libdatrie1:amd64 (0.2.13-2) ...
#21 17.76 Selecting previously unselected package libexif12:amd64.
#21 17.76 Preparing to unpack .../59-libexif12_0.6.24-1ubuntu0.22.04.1_amd64.deb ...
#21 17.77 Unpacking libexif12:amd64 (0.6.24-1ubuntu0.22.04.1) ...
#21 17.79 Selecting previously unselected package libgdk-pixbuf2.0-common.
#21 17.79 Preparing to unpack .../60-libgdk-pixbuf2.0-common_2.42.8+dfsg-1ubuntu0.5_all.deb ...
#21 17.80 Unpacking libgdk-pixbuf2.0-common (2.42.8+dfsg-1ubuntu0.5) ...
#21 17.83 Selecting previously unselected package libgdk-pixbuf-2.0-0:amd64.
#21 17.83 Preparing to unpack .../61-libgdk-pixbuf-2.0-0_2.42.8+dfsg-1ubuntu0.5_amd64.deb ...
#21 17.83 Unpacking libgdk-pixbuf-2.0-0:amd64 (2.42.8+dfsg-1ubuntu0.5) ...
#21 17.86 Selecting previously unselected package libgraphite2-3:amd64.
#21 17.86 Preparing to unpack .../62-libgraphite2-3_1.3.14-1ubuntu0.1_amd64.deb ...
#21 17.87 Unpacking libgraphite2-3:amd64 (1.3.14-1ubuntu0.1) ...
#21 17.89 Selecting previously unselected package libgsf-1-common.
#21 17.89 Preparing to unpack .../63-libgsf-1-common_1.14.47-1ubuntu0.1_all.deb ...
#21 17.89 Unpacking libgsf-1-common (1.14.47-1ubuntu0.1) ...
#21 17.92 Selecting previously unselected package libgsf-1-114:amd64.
#21 17.92 Preparing to unpack .../64-libgsf-1-114_1.14.47-1ubuntu0.1_amd64.deb ...
#21 17.93 Unpacking libgsf-1-114:amd64 (1.14.47-1ubuntu0.1) ...
#21 17.96 Selecting previously unselected package libharfbuzz0b:amd64.
#21 17.96 Preparing to unpack .../65-libharfbuzz0b_2.7.4-1ubuntu3.2_amd64.deb ...
#21 17.96 Unpacking libharfbuzz0b:amd64 (2.7.4-1ubuntu3.2) ...
#21 17.99 Selecting previously unselected package libsz2:amd64.
#21 17.99 Preparing to unpack .../66-libsz2_1.0.6-1_amd64.deb ...
#21 18.00 Unpacking libsz2:amd64 (1.0.6-1) ...
#21 18.03 Selecting previously unselected package libhdf5-103-1:amd64.
#21 18.03 Preparing to unpack .../67-libhdf5-103-1_1.10.7+repack-4ubuntu2_amd64.deb ...
#21 18.04 Unpacking libhdf5-103-1:amd64 (1.10.7+repack-4ubuntu2) ...
#21 18.08 Selecting previously unselected package libilmbase25:amd64.
#21 18.08 Preparing to unpack .../68-libilmbase25_2.5.7-2_amd64.deb ...
#21 18.08 Unpacking libilmbase25:amd64 (2.5.7-2) ...
#21 18.11 Selecting previously unselected package libimagequant0:amd64.
#21 18.12 Preparing to unpack .../69-libimagequant0_2.17.0-1_amd64.deb ...
#21 18.12 Unpacking libimagequant0:amd64 (2.17.0-1) ...
#21 18.15 Selecting previously unselected package libmatio11:amd64.
#21 18.15 Preparing to unpack .../70-libmatio11_1.5.21-1_amd64.deb ...
#21 18.16 Unpacking libmatio11:amd64 (1.5.21-1) ...
#21 18.18 Selecting previously unselected package libnspr4:amd64.
#21 18.19 Preparing to unpack .../71-libnspr4_2%3a4.35-0ubuntu0.22.04.1_amd64.deb ...
#21 18.19 Unpacking libnspr4:amd64 (2:4.35-0ubuntu0.22.04.1) ...
#21 18.22 Selecting previously unselected package libnss3:amd64.
#21 18.22 Preparing to unpack .../72-libnss3_2%3a3.98-0ubuntu0.22.04.4_amd64.deb ...
#21 18.22 Unpacking libnss3:amd64 (2:3.98-0ubuntu0.22.04.4) ...
#21 18.36 Selecting previously unselected package libopenexr25:amd64.
#21 18.36 Preparing to unpack .../73-libopenexr25_2.5.7-1_amd64.deb ...
#21 18.37 Unpacking libopenexr25:amd64 (2.5.7-1) ...
#21 18.47 Selecting previously unselected package libopenslide0.
#21 18.47 Preparing to unpack .../74-libopenslide0_3.4.1+dfsg-5build1_amd64.deb ...
#21 18.48 Unpacking libopenslide0 (3.4.1+dfsg-5build1) ...
#21 18.51 Selecting previously unselected package liborc-0.4-0:amd64.
#21 18.51 Preparing to unpack .../75-liborc-0.4-0_1%3a0.4.32-2ubuntu0.1_amd64.deb ...
#21 18.51 Unpacking liborc-0.4-0:amd64 (1:0.4.32-2ubuntu0.1) ...
#21 18.54 Selecting previously unselected package libthai-data.
#21 18.54 Preparing to unpack .../76-libthai-data_0.1.29-1build1_all.deb ...
#21 18.54 Unpacking libthai-data (0.1.29-1build1) ...
#21 18.57 Selecting previously unselected package libthai0:amd64.
#21 18.57 Preparing to unpack .../77-libthai0_0.1.29-1build1_amd64.deb ...
#21 18.57 Unpacking libthai0:amd64 (0.1.29-1build1) ...
#21 18.60 Selecting previously unselected package libpango-1.0-0:amd64.
#21 18.60 Preparing to unpack .../78-libpango-1.0-0_1.50.6+ds-2ubuntu1_amd64.deb ...
#21 18.61 Unpacking libpango-1.0-0:amd64 (1.50.6+ds-2ubuntu1) ...
#21 18.64 Selecting previously unselected package libpangoft2-1.0-0:amd64.
#21 18.64 Preparing to unpack .../79-libpangoft2-1.0-0_1.50.6+ds-2ubuntu1_amd64.deb ...
#21 18.64 Unpacking libpangoft2-1.0-0:amd64 (1.50.6+ds-2ubuntu1) ...
#21 18.67 Selecting previously unselected package libpangocairo-1.0-0:amd64.
#21 18.67 Preparing to unpack .../80-libpangocairo-1.0-0_1.50.6+ds-2ubuntu1_amd64.deb ...
#21 18.67 Unpacking libpangocairo-1.0-0:amd64 (1.50.6+ds-2ubuntu1) ...
#21 18.70 Selecting previously unselected package libpoppler118:amd64.
#21 18.70 Preparing to unpack .../81-libpoppler118_22.02.0-2ubuntu0.13_amd64.deb ...
#21 18.71 Unpacking libpoppler118:amd64 (22.02.0-2ubuntu0.13) ...
#21 18.74 Selecting previously unselected package libpoppler-glib8:amd64.
#21 18.74 Preparing to unpack .../82-libpoppler-glib8_22.02.0-2ubuntu0.13_amd64.deb ...
#21 18.75 Unpacking libpoppler-glib8:amd64 (22.02.0-2ubuntu0.13) ...
#21 18.78 Selecting previously unselected package librsvg2-2:amd64.
#21 18.78 Preparing to unpack .../83-librsvg2-2_2.52.5+dfsg-3ubuntu0.2_amd64.deb ...
#21 18.78 Unpacking librsvg2-2:amd64 (2.52.5+dfsg-3ubuntu0.2) ...
#21 18.85 Selecting previously unselected package libvips42:amd64.
#21 18.85 Preparing to unpack .../84-libvips42_8.12.1-1build1_amd64.deb ...
#21 18.86 Unpacking libvips42:amd64 (8.12.1-1build1) ...
#21 18.89 Selecting previously unselected package libvips-tools.
#21 18.89 Preparing to unpack .../85-libvips-tools_8.12.1-1build1_amd64.deb ...
#21 18.89 Unpacking libvips-tools (8.12.1-1build1) ...
#21 18.92 Setting up media-types (7.0.0) ...
#21 18.94 Setting up libgsf-1-common (1.14.47-1ubuntu0.1) ...
#21 18.95 Setting up libgraphite2-3:amd64 (1.3.14-1ubuntu0.1) ...
#21 18.96 Setting up liblcms2-2:amd64 (2.12~rc1-2ubuntu0.1) ...
#21 18.97 Setting up libpixman-1-0:amd64 (0.40.0-1ubuntu0.22.04.1) ...
#21 18.98 Setting up libaom3:amd64 (3.3.0-1ubuntu0.1) ...
#21 18.99 Setting up libxau6:amd64 (1:1.0.9-1build5) ...
#21 19.00 Setting up imagemagick-6-common (8:6.9.11.60+dfsg-1.3ubuntu0.22.04.5) ...
#21 19.07 Setting up libpsl5:amd64 (0.21.0-1.2build2) ...
#21 19.08 Setting up libcgif0 (0.2.0-1) ...
#21 19.09 Setting up libdatrie1:amd64 (0.2.13-2) ...
#21 19.10 Setting up libglib2.0-0:amd64 (2.72.4-0ubuntu2.9) ...
#21 19.11 No schema files found: doing nothing.
#21 19.12 Setting up libsqlite3-0:amd64 (3.37.2-2ubuntu0.7) ...
#21 19.13 Setting up libgdk-pixbuf2.0-common (2.42.8+dfsg-1ubuntu0.5) ...
#21 19.14 Setting up libnghttp2-14:amd64 (1.43.0-1ubuntu0.4) ...
#21 19.15 Setting up libdeflate0:amd64 (1.10-2) ...
#21 19.16 Setting up libilmbase25:amd64 (2.5.7-2) ...
#21 19.17 Setting up libgomp1:amd64 (12.3.0-1ubuntu1~22.04.3) ...
#21 19.18 Setting up libjbig0:amd64 (2.1-3.1ubuntu0.22.04.1) ...
#21 19.19 Setting up libaec0:amd64 (1.0.6-1) ...
#21 19.20 Setting up libsasl2-modules-db:amd64 (2.1.27+dfsg2-3ubuntu1.2) ...
#21 19.21 Setting up libopenexr25:amd64 (2.5.7-1) ...
#21 19.22 Setting up libx11-data (2:1.7.5-1ubuntu0.3) ...
#21 19.23 Setting up libnspr4:amd64 (2:4.35-0ubuntu0.22.04.1) ...
#21 19.24 Setting up librtmp1:amd64 (2.4+20151223.gitfa8646d.1-2build4) ...
#21 19.25 Setting up libfribidi0:amd64 (1.0.8-2ubuntu3.1) ...
#21 19.26 Setting up libexif12:amd64 (0.6.24-1ubuntu0.22.04.1) ...
#21 19.27 Setting up libimagequant0:amd64 (2.17.0-1) ...
#21 19.28 Setting up liborc-0.4-0:amd64 (1:0.4.32-2ubuntu0.1) ...
#21 19.29 Setting up libjpeg-turbo8:amd64 (2.1.2-0ubuntu1) ...
#21 19.30 Setting up libltdl7:amd64 (2.4.6-15build2) ...
#21 19.31 Setting up libfftw3-double3:amd64 (3.3.8-2ubuntu8) ...
#21 19.32 Setting up libsasl2-2:amd64 (2.1.27+dfsg2-3ubuntu1.2) ...
#21 19.34 Setting up libssh-4:amd64 (0.9.6-2ubuntu0.22.04.7) ...
#21 19.35 Setting up libwebp7:amd64 (1.2.2-2ubuntu0.22.04.2) ...
#21 19.36 Setting up libnuma1:amd64 (2.0.14-3ubuntu2) ...
#21 19.37 Setting up libmd0:amd64 (1.0.4-1build1) ...
#21 19.38 Setting up liblqr-1-0:amd64 (0.4.2-2.1) ...
#21 19.39 Setting up libmpdec3:amd64 (2.5.1-2build2) ...
#21 19.40 Setting up libopenjp2-7:amd64 (2.4.0-6ubuntu0.5) ...
#21 19.41 Setting up libharfbuzz0b:amd64 (2.7.4-1ubuntu3.2) ...
#21 19.42 Setting up libthai-data (0.1.29-1build1) ...
#21 19.43 Setting up libdav1d5:amd64 (0.9.2-1) ...
#21 19.44 Setting up libde265-0:amd64 (1.0.8-1ubuntu0.3) ...
#21 19.45 Setting up libwebpmux3:amd64 (1.2.2-2ubuntu0.22.04.2) ...
#21 19.46 Setting up libbsd0:amd64 (0.11.5-1) ...
#21 19.47 Setting up readline-common (8.1.2-1) ...
#21 19.48 Setting up libonig5:amd64 (6.9.7.1-2build1) ...
#21 19.49 Setting up libsz2:amd64 (1.0.6-1) ...
#21 19.60 Setting up libicu70:amd64 (70.1-2) ...
#21 19.62 Setting up libjpeg8:amd64 (8c-2ubuntu10) ...
#21 19.63 Setting up libxdmcp6:amd64 (1:1.1.3-0ubuntu5) ...
#21 19.65 Setting up libxcb1:amd64 (1.14-3ubuntu3) ...
#21 19.66 Setting up libxcb-render0:amd64 (1.14-3ubuntu3) ...
#21 19.67 Setting up libjq1:amd64 (1.6-2.1ubuntu3.2) ...
#21 19.69 Setting up libwebpdemux2:amd64 (1.2.2-2ubuntu0.22.04.2) ...
#21 19.70 Setting up libreadline8:amd64 (8.1.2-1) ...
#21 19.71 Setting up libnss3:amd64 (2:3.98-0ubuntu0.22.04.4) ...
#21 19.72 Setting up libxcb-shm0:amd64 (1.14-3ubuntu3) ...
#21 19.73 Setting up libldap-2.5-0:amd64 (2.5.20+dfsg-0ubuntu0.22.04.1) ...
#21 19.74 Setting up libpython3.10-stdlib:amd64 (3.10.12-1~22.04.16) ...
#21 19.75 Setting up libthai0:amd64 (0.1.29-1build1) ...
#21 19.76 Setting up libx265-199:amd64 (3.5-2) ...
#21 19.77 Setting up jq (1.6-2.1ubuntu3.2) ...
#21 19.78 Setting up libcurl4:amd64 (7.81.0-1ubuntu1.25) ...
#21 19.79 Setting up libx11-6:amd64 (2:1.7.5-1ubuntu0.3) ...
#21 19.80 Setting up libtiff5:amd64 (4.3.0-6ubuntu0.13) ...
#21 19.81 Setting up curl (7.81.0-1ubuntu1.25) ...
#21 19.82 Setting up libxml2:amd64 (2.9.13+dfsg-1ubuntu0.12) ...
#21 19.83 Setting up libpython3-stdlib:amd64 (3.10.6-1~22.04.1) ...
#21 19.84 Setting up python3.10 (3.10.12-1~22.04.16) ...
#21 20.26 Setting up libxrender1:amd64 (1:0.9.10-1build4) ...
#21 20.30 Setting up libpango-1.0-0:amd64 (1.50.6+ds-2ubuntu1) ...
#21 20.35 Setting up libheif1:amd64 (1.12.0-2build1) ...
#21 20.37 Setting up libxext6:amd64 (2:1.3.4-1build1) ...
#21 20.38 Setting up libcurl3-gnutls:amd64 (7.81.0-1ubuntu1.25) ...
#21 20.40 Setting up python3 (3.10.6-1~22.04.1) ...
#21 20.41 running python rtupdate hooks for python3.10...
#21 20.41 running python post-rtupdate hooks for python3.10...
#21 20.46 Setting up libcairo2:amd64 (1.16.0-5ubuntu2.1) ...
#21 20.48 Setting up libgsf-1-114:amd64 (1.14.47-1ubuntu0.1) ...
#21 20.50 Setting up libcfitsio9:amd64 (4.0.0-1) ...
#21 20.51 Setting up libpoppler118:amd64 (22.02.0-2ubuntu0.13) ...
#21 20.52 Setting up libmagickcore-6.q16-6:amd64 (8:6.9.11.60+dfsg-1.3ubuntu0.22.04.5) ...
#21 20.53 Setting up shared-mime-info (2.1-2) ...
#21 ...

#22 [linux/arm64 stage-1 5/5] RUN apt update -q     && apt install -q -y --no-install-recommends         jq         curl         libvips-tools     && apt clean -q -y     && apt autoremove --purge -q -y
#22 11.30 Fetched 47.2 MB in 11s (4,341 kB/s)
#22 11.30 Reading package lists...
#22 19.99 Building dependency tree...
#22 20.78 Reading state information...
#22 20.86 All packages are up to date.
#22 20.95 
#22 20.95 WARNING: apt does not have a stable CLI interface. Use with caution in scripts.
#22 20.95 
#22 21.26 Reading package lists...
#22 ...

#21 [linux/amd64 stage-1 5/5] RUN apt update -q     && apt install -q -y --no-install-recommends         jq         curl         libvips-tools     && apt clean -q -y     && apt autoremove --purge -q -y
#21 22.29 Setting up libhdf5-103-1:amd64 (1.10.7+repack-4ubuntu2) ...
#21 22.30 Setting up libgdk-pixbuf-2.0-0:amd64 (2.42.8+dfsg-1ubuntu0.5) ...
#21 22.32 Setting up libcairo-gobject2:amd64 (1.16.0-5ubuntu2.1) ...
#21 22.33 Setting up libpangoft2-1.0-0:amd64 (1.50.6+ds-2ubuntu1) ...
#21 22.34 Setting up libopenslide0 (3.4.1+dfsg-5build1) ...
#21 22.35 Setting up libpangocairo-1.0-0:amd64 (1.50.6+ds-2ubuntu1) ...
#21 22.36 Setting up libpoppler-glib8:amd64 (22.02.0-2ubuntu0.13) ...
#21 22.37 Setting up librsvg2-2:amd64 (2.52.5+dfsg-3ubuntu0.2) ...
#21 22.38 Setting up libmatio11:amd64 (1.5.21-1) ...
#21 22.39 Setting up libvips42:amd64 (8.12.1-1build1) ...
#21 22.40 Setting up libvips-tools (8.12.1-1build1) ...
#21 22.41 Processing triggers for libc-bin (2.35-0ubuntu3.14) ...
#21 22.45 
#21 22.45 WARNING: apt does not have a stable CLI interface. Use with caution in scripts.
#21 22.45 
#21 22.46 
#21 22.46 WARNING: apt does not have a stable CLI interface. Use with caution in scripts.
#21 22.46 
#21 22.48 Reading package lists...
#21 23.28 Building dependency tree...
#21 23.43 Reading state information...
#21 23.59 0 upgraded, 0 newly installed, 0 to remove and 0 not upgraded.
#21 DONE 24.0s

#22 [linux/arm64 stage-1 5/5] RUN apt update -q     && apt install -q -y --no-install-recommends         jq         curl         libvips-tools     && apt clean -q -y     && apt autoremove --purge -q -y
#22 21.26 Reading package lists...
#22 29.63 Building dependency tree...
#22 30.35 Reading state information...
#22 31.15 The following additional packages will be installed:
#22 31.15   imagemagick-6-common libaec0 libaom3 libbsd0 libcairo-gobject2 libcairo2
#22 31.15   libcfitsio9 libcgif0 libcurl3-gnutls libcurl4 libdatrie1 libdav1d5
#22 31.15   libde265-0 libdeflate0 libexif12 libfftw3-double3 libfribidi0
#22 31.15   libgdk-pixbuf-2.0-0 libgdk-pixbuf2.0-common libglib2.0-0 libgomp1
#22 31.15   libgraphite2-3 libgsf-1-114 libgsf-1-common libharfbuzz0b libhdf5-103-1
#22 31.15   libheif1 libicu70 libilmbase25 libimagequant0 libjbig0 libjpeg-turbo8
#22 31.15   libjpeg8 libjq1 liblcms2-2 libldap-2.5-0 liblqr-1-0 libltdl7
#22 31.15   libmagickcore-6.q16-6 libmatio11 libmd0 libmpdec3 libnghttp2-14 libnspr4
#22 31.15   libnss3 libnuma1 libonig5 libopenexr25 libopenjp2-7 libopenslide0
#22 31.15   liborc-0.4-0 libpango-1.0-0 libpangocairo-1.0-0 libpangoft2-1.0-0
#22 31.15   libpixman-1-0 libpoppler-glib8 libpoppler118 libpsl5 libpython3-stdlib
#22 31.15   libpython3.10-minimal libpython3.10-stdlib libreadline8 librsvg2-2 librtmp1
#22 31.15   libsasl2-2 libsasl2-modules-db libsqlite3-0 libssh-4 libsz2 libthai-data
#22 31.15   libthai0 libtiff5 libvips42 libwebp7 libwebpdemux2 libwebpmux3 libx11-6
#22 31.15   libx11-data libx265-199 libxau6 libxcb-render0 libxcb-shm0 libxcb1 libxdmcp6
#22 31.15   libxext6 libxml2 libxrender1 media-types python3 python3-minimal python3.10
#22 31.15   python3.10-minimal readline-common shared-mime-info
#22 31.16 Suggested packages:
#22 31.16   libfftw3-bin libfftw3-dev liblcms2-utils libmagickcore-6.q16-6-extra
#22 31.16   librsvg2-bin libvips-dev python3-doc python3-tk python3-venv python3.10-venv
#22 31.16   python3.10-doc binfmt-support readline-doc
#22 31.16 Recommended packages:
#22 31.16   libgdk-pixbuf2.0-bin libglib2.0-data xdg-user-dirs libldap-common
#22 31.16   ghostscript gsfonts poppler-data publicsuffix librsvg2-common
#22 31.16   libsasl2-modules nip2 libvips-doc
#22 33.26 The following NEW packages will be installed:
#22 33.26   curl imagemagick-6-common jq libaec0 libaom3 libbsd0 libcairo-gobject2
#22 33.26   libcairo2 libcfitsio9 libcgif0 libcurl3-gnutls libcurl4 libdatrie1 libdav1d5
#22 33.26   libde265-0 libdeflate0 libexif12 libfftw3-double3 libfribidi0
#22 33.26   libgdk-pixbuf-2.0-0 libgdk-pixbuf2.0-common libglib2.0-0 libgomp1
#22 33.26   libgraphite2-3 libgsf-1-114 libgsf-1-common libharfbuzz0b libhdf5-103-1
#22 33.26   libheif1 libicu70 libilmbase25 libimagequant0 libjbig0 libjpeg-turbo8
#22 33.26   libjpeg8 libjq1 liblcms2-2 libldap-2.5-0 liblqr-1-0 libltdl7
#22 33.26   libmagickcore-6.q16-6 libmatio11 libmd0 libmpdec3 libnghttp2-14 libnspr4
#22 33.26   libnss3 libnuma1 libonig5 libopenexr25 libopenjp2-7 libopenslide0
#22 33.26   liborc-0.4-0 libpango-1.0-0 libpangocairo-1.0-0 libpangoft2-1.0-0
#22 33.26   libpixman-1-0 libpoppler-glib8 libpoppler118 libpsl5 libpython3-stdlib
#22 33.26   libpython3.10-minimal libpython3.10-stdlib libreadline8 librsvg2-2 librtmp1
#22 33.26   libsasl2-2 libsasl2-modules-db libsqlite3-0 libssh-4 libsz2 libthai-data
#22 33.26   libthai0 libtiff5 libvips-tools libvips42 libwebp7 libwebpdemux2 libwebpmux3
#22 33.26   libx11-6 libx11-data libx265-199 libxau6 libxcb-render0 libxcb-shm0 libxcb1
#22 33.27   libxdmcp6 libxext6 libxml2 libxrender1 media-types python3 python3-minimal
#22 33.27   python3.10 python3.10-minimal readline-common shared-mime-info
#22 33.44 0 upgraded, 97 newly installed, 0 to remove and 0 not upgraded.
#22 33.44 Need to get 40.1 MB of archives.
#22 33.44 After this operation, 132 MB of additional disk space will be used.
#22 33.44 Get:1 http://ports.ubuntu.com/ubuntu-ports jammy-updates/main arm64 libpython3.10-minimal arm64 3.10.12-1~22.04.16 [814 kB]
#22 33.53 Get:2 http://ports.ubuntu.com/ubuntu-ports jammy-updates/main arm64 python3.10-minimal arm64 3.10.12-1~22.04.16 [2,245 kB]
#22 33.72 Get:3 http://ports.ubuntu.com/ubuntu-ports jammy-updates/main arm64 python3-minimal arm64 3.10.6-1~22.04.1 [24.3 kB]
#22 33.73 Get:4 http://ports.ubuntu.com/ubuntu-ports jammy/main arm64 media-types all 7.0.0 [25.5 kB]
#22 33.73 Get:5 http://ports.ubuntu.com/ubuntu-ports jammy/main arm64 libmpdec3 arm64 2.5.1-2build2 [89.0 kB]
#22 33.73 Get:6 http://ports.ubuntu.com/ubuntu-ports jammy/main arm64 readline-common all 8.1.2-1 [53.5 kB]
#22 33.73 Get:7 http://ports.ubuntu.com/ubuntu-ports jammy/main arm64 libreadline8 arm64 8.1.2-1 [153 kB]
#22 33.74 Get:8 http://ports.ubuntu.com/ubuntu-ports jammy-updates/main arm64 libsqlite3-0 arm64 3.37.2-2ubuntu0.7 [636 kB]
#22 33.80 Get:9 http://ports.ubuntu.com/ubuntu-ports jammy-updates/main arm64 libpython3.10-stdlib arm64 3.10.12-1~22.04.16 [1,849 kB]
#22 33.96 Get:10 http://ports.ubuntu.com/ubuntu-ports jammy-updates/main arm64 python3.10 arm64 3.10.12-1~22.04.16 [508 kB]
#22 34.00 Get:11 http://ports.ubuntu.com/ubuntu-ports jammy-updates/main arm64 libpython3-stdlib arm64 3.10.6-1~22.04.1 [6,812 B]
#22 34.00 Get:12 http://ports.ubuntu.com/ubuntu-ports jammy-updates/main arm64 python3 arm64 3.10.6-1~22.04.1 [22.8 kB]
#22 34.01 Get:13 http://ports.ubuntu.com/ubuntu-ports jammy-updates/main arm64 libgomp1 arm64 12.3.0-1ubuntu1~22.04.3 [124 kB]
#22 34.02 Get:14 http://ports.ubuntu.com/ubuntu-ports jammy/main arm64 libfftw3-double3 arm64 3.3.8-2ubuntu8 [326 kB]
#22 34.04 Get:15 http://ports.ubuntu.com/ubuntu-ports jammy-updates/universe arm64 libaom3 arm64 3.3.0-1ubuntu0.1 [1,415 kB]
#22 34.17 Get:16 http://ports.ubuntu.com/ubuntu-ports jammy/universe arm64 libdav1d5 arm64 0.9.2-1 [313 kB]
#22 34.19 Get:17 http://ports.ubuntu.com/ubuntu-ports jammy-updates/universe arm64 libde265-0 arm64 1.0.8-1ubuntu0.3 [264 kB]
#22 34.21 Get:18 http://ports.ubuntu.com/ubuntu-ports jammy/main arm64 libnuma1 arm64 2.0.14-3ubuntu2 [22.4 kB]
#22 34.22 Get:19 http://ports.ubuntu.com/ubuntu-ports jammy/universe arm64 libx265-199 arm64 3.5-2 [699 kB]
#22 34.28 Get:20 http://ports.ubuntu.com/ubuntu-ports jammy/universe arm64 libheif1 arm64 1.12.0-2build1 [184 kB]
#22 34.29 Get:21 http://ports.ubuntu.com/ubuntu-ports jammy-updates/main arm64 libjbig0 arm64 2.1-3.1ubuntu0.22.04.1 [29.1 kB]
#22 34.29 Get:22 http://ports.ubuntu.com/ubuntu-ports jammy/main arm64 libjpeg-turbo8 arm64 2.1.2-0ubuntu1 [129 kB]
#22 34.30 Get:23 http://ports.ubuntu.com/ubuntu-ports jammy/main arm64 libjpeg8 arm64 8c-2ubuntu10 [2,264 B]
#22 34.30 Get:24 http://ports.ubuntu.com/ubuntu-ports jammy-updates/main arm64 liblcms2-2 arm64 2.12~rc1-2ubuntu0.1 [158 kB]
#22 34.32 Get:25 http://ports.ubuntu.com/ubuntu-ports jammy-updates/main arm64 libglib2.0-0 arm64 2.72.4-0ubuntu2.9 [1,435 kB]
#22 34.44 Get:26 http://ports.ubuntu.com/ubuntu-ports jammy/universe arm64 liblqr-1-0 arm64 0.4.2-2.1 [22.5 kB]
#22 34.45 Get:27 http://ports.ubuntu.com/ubuntu-ports jammy/main arm64 libltdl7 arm64 2.4.6-15build2 [39.5 kB]
#22 34.45 Get:28 http://ports.ubuntu.com/ubuntu-ports jammy-updates/main arm64 libopenjp2-7 arm64 2.4.0-6ubuntu0.5 [155 kB]
#22 34.46 Get:29 http://ports.ubuntu.com/ubuntu-ports jammy/main arm64 libdeflate0 arm64 1.10-2 [69.1 kB]
#22 34.47 Get:30 http://ports.ubuntu.com/ubuntu-ports jammy-updates/main arm64 libwebp7 arm64 1.2.2-2ubuntu0.22.04.2 [193 kB]
#22 34.48 Get:31 http://ports.ubuntu.com/ubuntu-ports jammy-updates/main arm64 libtiff5 arm64 4.3.0-6ubuntu0.13 [181 kB]
#22 34.50 Get:32 http://ports.ubuntu.com/ubuntu-ports jammy-updates/main arm64 libwebpdemux2 arm64 1.2.2-2ubuntu0.22.04.2 [10.0 kB]
#22 34.50 Get:33 http://ports.ubuntu.com/ubuntu-ports jammy-updates/main arm64 libwebpmux3 arm64 1.2.2-2ubuntu0.22.04.2 [20.9 kB]
#22 34.50 Get:34 http://ports.ubuntu.com/ubuntu-ports jammy/main arm64 libxau6 arm64 1:1.0.9-1build5 [7,624 B]
#22 34.51 Get:35 http://ports.ubuntu.com/ubuntu-ports jammy/main arm64 libmd0 arm64 1.0.4-1build1 [23.8 kB]
#22 34.52 Get:36 http://ports.ubuntu.com/ubuntu-ports jammy/main arm64 libbsd0 arm64 0.11.5-1 [43.7 kB]
#22 34.53 Get:37 http://ports.ubuntu.com/ubuntu-ports jammy/main arm64 libxdmcp6 arm64 1:1.1.3-0ubuntu5 [10.8 kB]
#22 34.53 Get:38 http://ports.ubuntu.com/ubuntu-ports jammy/main arm64 libxcb1 arm64 1.14-3ubuntu3 [49.0 kB]
#22 34.54 Get:39 http://ports.ubuntu.com/ubuntu-ports jammy-updates/main arm64 libx11-data all 2:1.7.5-1ubuntu0.3 [120 kB]
#22 34.55 Get:40 http://ports.ubuntu.com/ubuntu-ports jammy-updates/main arm64 libx11-6 arm64 2:1.7.5-1ubuntu0.3 [661 kB]
#22 34.61 Get:41 http://ports.ubuntu.com/ubuntu-ports jammy/main arm64 libxext6 arm64 2:1.3.4-1build1 [31.1 kB]
#22 34.62 Get:42 http://ports.ubuntu.com/ubuntu-ports jammy/main arm64 libicu70 arm64 70.1-2 [10.5 MB]
#22 35.51 Get:43 http://ports.ubuntu.com/ubuntu-ports jammy-updates/main arm64 libxml2 arm64 2.9.13+dfsg-1ubuntu0.12 [729 kB]
#22 35.56 Get:44 http://ports.ubuntu.com/ubuntu-ports jammy-updates/universe arm64 imagemagick-6-common all 8:6.9.11.60+dfsg-1.3ubuntu0.22.04.5 [64.3 kB]
#22 35.57 Get:45 http://ports.ubuntu.com/ubuntu-ports jammy-updates/universe arm64 libmagickcore-6.q16-6 arm64 8:6.9.11.60+dfsg-1.3ubuntu0.22.04.5 [1,695 kB]
#22 35.71 Get:46 http://ports.ubuntu.com/ubuntu-ports jammy-updates/main arm64 libfribidi0 arm64 1.0.8-2ubuntu3.1 [26.4 kB]
#22 35.71 Get:47 http://ports.ubuntu.com/ubuntu-ports jammy/main arm64 shared-mime-info arm64 2.1-2 [453 kB]
#22 35.75 Get:48 http://ports.ubuntu.com/ubuntu-ports jammy-updates/main arm64 libnghttp2-14 arm64 1.43.0-1ubuntu0.4 [76.2 kB]
#22 35.76 Get:49 http://ports.ubuntu.com/ubuntu-ports jammy/main arm64 libpsl5 arm64 0.21.0-1.2build2 [58.3 kB]
#22 35.76 Get:50 http://ports.ubuntu.com/ubuntu-ports jammy-updates/main arm64 libsasl2-modules-db arm64 2.1.27+dfsg2-3ubuntu1.2 [21.1 kB]
#22 35.77 Get:51 http://ports.ubuntu.com/ubuntu-ports jammy-updates/main arm64 libsasl2-2 arm64 2.1.27+dfsg2-3ubuntu1.2 [55.6 kB]
#22 35.78 Get:52 http://ports.ubuntu.com/ubuntu-ports jammy-updates/main arm64 libldap-2.5-0 arm64 2.5.20+dfsg-0ubuntu0.22.04.1 [182 kB]
#22 35.80 Get:53 http://ports.ubuntu.com/ubuntu-ports jammy/main arm64 librtmp1 arm64 2.4+20151223.gitfa8646d.1-2build4 [59.2 kB]
#22 35.80 Get:54 http://ports.ubuntu.com/ubuntu-ports jammy-updates/main arm64 libssh-4 arm64 0.9.6-2ubuntu0.22.04.7 [186 kB]
#22 35.82 Get:55 http://ports.ubuntu.com/ubuntu-ports jammy-updates/main arm64 libcurl4 arm64 7.81.0-1ubuntu1.25 [285 kB]
#22 35.86 Get:56 http://ports.ubuntu.com/ubuntu-ports jammy-updates/main arm64 curl arm64 7.81.0-1ubuntu1.25 [190 kB]
#22 35.86 Get:57 http://ports.ubuntu.com/ubuntu-ports jammy/main arm64 libonig5 arm64 6.9.7.1-2build1 [169 kB]
#22 35.87 Get:58 http://ports.ubuntu.com/ubuntu-ports jammy-updates/main arm64 libjq1 arm64 1.6-2.1ubuntu3.2 [127 kB]
#22 35.88 Get:59 http://ports.ubuntu.com/ubuntu-ports jammy-updates/main arm64 jq arm64 1.6-2.1ubuntu3.2 [52.1 kB]
#22 35.89 Get:60 http://ports.ubuntu.com/ubuntu-ports jammy/universe arm64 libaec0 arm64 1.0.6-1 [19.5 kB]
#22 35.89 Get:61 http://ports.ubuntu.com/ubuntu-ports jammy-updates/main arm64 libpixman-1-0 arm64 0.40.0-1ubuntu0.22.04.1 [160 kB]
#22 35.91 Get:62 http://ports.ubuntu.com/ubuntu-ports jammy/main arm64 libxcb-render0 arm64 1.14-3ubuntu3 [16.2 kB]
#22 35.91 Get:63 http://ports.ubuntu.com/ubuntu-ports jammy/main arm64 libxcb-shm0 arm64 1.14-3ubuntu3 [5,848 B]
#22 35.92 Get:64 http://ports.ubuntu.com/ubuntu-ports jammy/main arm64 libxrender1 arm64 1:0.9.10-1build4 [18.8 kB]
#22 35.93 Get:65 http://ports.ubuntu.com/ubuntu-ports jammy-updates/main arm64 libcairo2 arm64 1.16.0-5ubuntu2.1 [613 kB]
#22 35.98 Get:66 http://ports.ubuntu.com/ubuntu-ports jammy-updates/main arm64 libcairo-gobject2 arm64 1.16.0-5ubuntu2.1 [19.4 kB]
#22 35.99 Get:67 http://ports.ubuntu.com/ubuntu-ports jammy-updates/main arm64 libcurl3-gnutls arm64 7.81.0-1ubuntu1.25 [280 kB]
#22 36.01 Get:68 http://ports.ubuntu.com/ubuntu-ports jammy/universe arm64 libcfitsio9 arm64 4.0.0-1 [497 kB]
#22 36.07 Get:69 http://ports.ubuntu.com/ubuntu-ports jammy/universe arm64 libcgif0 arm64 0.2.0-1 [9,078 B]
#22 36.09 Get:70 http://ports.ubuntu.com/ubuntu-ports jammy/main arm64 libdatrie1 arm64 0.2.13-2 [19.8 kB]
#22 36.09 Get:71 http://ports.ubuntu.com/ubuntu-ports jammy-updates/main arm64 libexif12 arm64 0.6.24-1ubuntu0.22.04.1 [91.3 kB]
#22 36.10 Get:72 http://ports.ubuntu.com/ubuntu-ports jammy-updates/main arm64 libgdk-pixbuf2.0-common all 2.42.8+dfsg-1ubuntu0.5 [5,560 B]
#22 36.10 Get:73 http://ports.ubuntu.com/ubuntu-ports jammy-updates/main arm64 libgdk-pixbuf-2.0-0 arm64 2.42.8+dfsg-1ubuntu0.5 [143 kB]
#22 36.11 Get:74 http://ports.ubuntu.com/ubuntu-ports jammy-updates/main arm64 libgraphite2-3 arm64 1.3.14-1ubuntu0.1 [69.2 kB]
#22 36.14 Get:75 http://ports.ubuntu.com/ubuntu-ports jammy-updates/main arm64 libgsf-1-common all 1.14.47-1ubuntu0.1 [13.0 kB]
#22 36.21 Get:76 http://ports.ubuntu.com/ubuntu-ports jammy-updates/main arm64 libgsf-1-114 arm64 1.14.47-1ubuntu0.1 [108 kB]
#22 36.23 Get:77 http://ports.ubuntu.com/ubuntu-ports jammy-updates/main arm64 libharfbuzz0b arm64 2.7.4-1ubuntu3.2 [353 kB]
#22 36.26 Get:78 http://ports.ubuntu.com/ubuntu-ports jammy/universe arm64 libsz2 arm64 1.0.6-1 [5,144 B]
#22 36.26 Get:79 http://ports.ubuntu.com/ubuntu-ports jammy/universe arm64 libhdf5-103-1 arm64 1.10.7+repack-4ubuntu2 [1,207 kB]
#22 36.37 Get:80 http://ports.ubuntu.com/ubuntu-ports jammy/universe arm64 libilmbase25 arm64 2.5.7-2 [169 kB]
#22 36.38 Get:81 http://ports.ubuntu.com/ubuntu-ports jammy/main arm64 libimagequant0 arm64 2.17.0-1 [34.4 kB]
#22 36.40 Get:82 http://ports.ubuntu.com/ubuntu-ports jammy/universe arm64 libmatio11 arm64 1.5.21-1 [104 kB]
#22 36.41 Get:83 http://ports.ubuntu.com/ubuntu-ports jammy-updates/main arm64 libnspr4 arm64 2:4.35-0ubuntu0.22.04.1 [116 kB]
#22 36.42 Get:84 http://ports.ubuntu.com/ubuntu-ports jammy-updates/main arm64 libnss3 arm64 2:3.98-0ubuntu0.22.04.4 [1,237 kB]
#22 36.53 Get:85 http://ports.ubuntu.com/ubuntu-ports jammy/universe arm64 libopenexr25 arm64 2.5.7-1 [723 kB]
#22 36.59 Get:86 http://ports.ubuntu.com/ubuntu-ports jammy/universe arm64 libopenslide0 arm64 3.4.1+dfsg-5build1 [86.7 kB]
#22 36.59 Get:87 http://ports.ubuntu.com/ubuntu-ports jammy-updates/main arm64 liborc-0.4-0 arm64 1:0.4.32-2ubuntu0.1 [222 kB]
#22 36.61 Get:88 http://ports.ubuntu.com/ubuntu-ports jammy/main arm64 libthai-data all 0.1.29-1build1 [162 kB]
#22 36.63 Get:89 http://ports.ubuntu.com/ubuntu-ports jammy/main arm64 libthai0 arm64 0.1.29-1build1 [18.4 kB]
#22 36.63 Get:90 http://ports.ubuntu.com/ubuntu-ports jammy-updates/main arm64 libpango-1.0-0 arm64 1.50.6+ds-2ubuntu1 [225 kB]
#22 36.65 Get:91 http://ports.ubuntu.com/ubuntu-ports jammy-updates/main arm64 libpangoft2-1.0-0 arm64 1.50.6+ds-2ubuntu1 [52.0 kB]
#22 36.65 Get:92 http://ports.ubuntu.com/ubuntu-ports jammy-updates/main arm64 libpangocairo-1.0-0 arm64 1.50.6+ds-2ubuntu1 [37.8 kB]
#22 36.65 Get:93 http://ports.ubuntu.com/ubuntu-ports jammy-updates/main arm64 libpoppler118 arm64 22.02.0-2ubuntu0.13 [1,038 kB]
#22 36.74 Get:94 http://ports.ubuntu.com/ubuntu-ports jammy-updates/main arm64 libpoppler-glib8 arm64 22.02.0-2ubuntu0.13 [128 kB]
#22 36.75 Get:95 http://ports.ubuntu.com/ubuntu-ports jammy-updates/main arm64 librsvg2-2 arm64 2.52.5+dfsg-3ubuntu0.2 [2,765 kB]
#22 37.14 Get:96 http://ports.ubuntu.com/ubuntu-ports jammy/universe arm64 libvips42 arm64 8.12.1-1build1 [1,192 kB]
#22 37.20 Get:97 http://ports.ubuntu.com/ubuntu-ports jammy/universe arm64 libvips-tools arm64 8.12.1-1build1 [31.8 kB]
#22 37.84 debconf: delaying package configuration, since apt-utils is not installed
#22 37.99 Fetched 40.1 MB in 4s (10.3 MB/s)
#22 38.16 Selecting previously unselected package libpython3.10-minimal:arm64.
#22 38.16 (Reading database ... (Reading database ... 5%(Reading database ... 10%(Reading database ... 15%(Reading database ... 20%(Reading database ... 25%(Reading database ... 30%(Reading database ... 35%(Reading database ... 40%(Reading database ... 45%(Reading database ... 50%(Reading database ... 55%(Reading database ... 60%(Reading database ... 65%(Reading database ... 70%(Reading database ... 75%(Reading database ... 80%(Reading database ... 85%(Reading database ... 90%(Reading database ... 95%(Reading database ... 100%(Reading database ... 7977 files and directories currently installed.)
#22 38.18 Preparing to unpack .../libpython3.10-minimal_3.10.12-1~22.04.16_arm64.deb ...
#22 38.19 Unpacking libpython3.10-minimal:arm64 (3.10.12-1~22.04.16) ...
#22 38.51 Selecting previously unselected package python3.10-minimal.
#22 38.51 Preparing to unpack .../python3.10-minimal_3.10.12-1~22.04.16_arm64.deb ...
#22 38.60 Unpacking python3.10-minimal (3.10.12-1~22.04.16) ...
#22 38.83 Setting up libpython3.10-minimal:arm64 (3.10.12-1~22.04.16) ...
#22 38.88 Setting up python3.10-minimal (3.10.12-1~22.04.16) ...
#22 42.37 Selecting previously unselected package python3-minimal.
#22 42.37 (Reading database ... (Reading database ... 5%(Reading database ... 10%(Reading database ... 15%(Reading database ... 20%(Reading database ... 25%(Reading database ... 30%(Reading database ... 35%(Reading database ... 40%(Reading database ... 45%(Reading database ... 50%(Reading database ... 55%(Reading database ... 60%(Reading database ... 65%(Reading database ... 70%(Reading database ... 75%(Reading database ... 80%(Reading database ... 85%(Reading database ... 90%(Reading database ... 95%(Reading database ... 100%(Reading database ... 8273 files and directories currently installed.)
#22 42.38 Preparing to unpack .../0-python3-minimal_3.10.6-1~22.04.1_arm64.deb ...
#22 42.39 Unpacking python3-minimal (3.10.6-1~22.04.1) ...
#22 42.61 Selecting previously unselected package media-types.
#22 42.61 Preparing to unpack .../1-media-types_7.0.0_all.deb ...
#22 42.63 Unpacking media-types (7.0.0) ...
#22 42.82 Selecting previously unselected package libmpdec3:arm64.
#22 42.82 Preparing to unpack .../2-libmpdec3_2.5.1-2build2_arm64.deb ...
#22 42.83 Unpacking libmpdec3:arm64 (2.5.1-2build2) ...
#22 43.01 Selecting previously unselected package readline-common.
#22 43.01 Preparing to unpack .../3-readline-common_8.1.2-1_all.deb ...
#22 43.02 Unpacking readline-common (8.1.2-1) ...
#22 43.22 Selecting previously unselected package libreadline8:arm64.
#22 43.22 Preparing to unpack .../4-libreadline8_8.1.2-1_arm64.deb ...
#22 43.23 Unpacking libreadline8:arm64 (8.1.2-1) ...
#22 43.43 Selecting previously unselected package libsqlite3-0:arm64.
#22 43.44 Preparing to unpack .../5-libsqlite3-0_3.37.2-2ubuntu0.7_arm64.deb ...
#22 43.44 Unpacking libsqlite3-0:arm64 (3.37.2-2ubuntu0.7) ...
#22 43.68 Selecting previously unselected package libpython3.10-stdlib:arm64.
#22 43.68 Preparing to unpack .../6-libpython3.10-stdlib_3.10.12-1~22.04.16_arm64.deb ...
#22 43.69 Unpacking libpython3.10-stdlib:arm64 (3.10.12-1~22.04.16) ...
#22 43.99 Selecting previously unselected package python3.10.
#22 44.00 Preparing to unpack .../7-python3.10_3.10.12-1~22.04.16_arm64.deb ...
#22 44.00 Unpacking python3.10 (3.10.12-1~22.04.16) ...
#22 44.17 Selecting previously unselected package libpython3-stdlib:arm64.
#22 44.17 Preparing to unpack .../8-libpython3-stdlib_3.10.6-1~22.04.1_arm64.deb ...
#22 44.18 Unpacking libpython3-stdlib:arm64 (3.10.6-1~22.04.1) ...
#22 44.34 Setting up python3-minimal (3.10.6-1~22.04.1) ...
#22 45.92 Selecting previously unselected package python3.
#22 45.92 (Reading database ... (Reading database ... 5%(Reading database ... 10%(Reading database ... 15%(Reading database ... 20%(Reading database ... 25%(Reading database ... 30%(Reading database ... 35%(Reading database ... 40%(Reading database ... 45%(Reading database ... 50%(Reading database ... 55%(Reading database ... 60%(Reading database ... 65%(Reading database ... 70%(Reading database ... 75%(Reading database ... 80%(Reading database ... 85%(Reading database ... 90%(Reading database ... 95%(Reading database ... 100%(Reading database ... 8703 files and directories currently installed.)
#22 45.93 Preparing to unpack .../00-python3_3.10.6-1~22.04.1_arm64.deb ...
#22 46.02 Unpacking python3 (3.10.6-1~22.04.1) ...
#22 46.23 Selecting previously unselected package libgomp1:arm64.
#22 46.23 Preparing to unpack .../01-libgomp1_12.3.0-1ubuntu1~22.04.3_arm64.deb ...
#22 46.24 Unpacking libgomp1:arm64 (12.3.0-1ubuntu1~22.04.3) ...
#22 46.40 Selecting previously unselected package libfftw3-double3:arm64.
#22 46.41 Preparing to unpack .../02-libfftw3-double3_3.3.8-2ubuntu8_arm64.deb ...
#22 46.41 Unpacking libfftw3-double3:arm64 (3.3.8-2ubuntu8) ...
#22 46.70 Selecting previously unselected package libaom3:arm64.
#22 46.70 Preparing to unpack .../03-libaom3_3.3.0-1ubuntu0.1_arm64.deb ...
#22 46.71 Unpacking libaom3:arm64 (3.3.0-1ubuntu0.1) ...
#22 46.95 Selecting previously unselected package libdav1d5:arm64.
#22 46.95 Preparing to unpack .../04-libdav1d5_0.9.2-1_arm64.deb ...
#22 46.96 Unpacking libdav1d5:arm64 (0.9.2-1) ...
#22 47.15 Selecting previously unselected package libde265-0:arm64.
#22 47.16 Preparing to unpack .../05-libde265-0_1.0.8-1ubuntu0.3_arm64.deb ...
#22 47.17 Unpacking libde265-0:arm64 (1.0.8-1ubuntu0.3) ...
#22 47.37 Selecting previously unselected package libnuma1:arm64.
#22 47.38 Preparing to unpack .../06-libnuma1_2.0.14-3ubuntu2_arm64.deb ...
#22 47.39 Unpacking libnuma1:arm64 (2.0.14-3ubuntu2) ...
#22 47.59 Selecting previously unselected package libx265-199:arm64.
#22 47.59 Preparing to unpack .../07-libx265-199_3.5-2_arm64.deb ...
#22 47.60 Unpacking libx265-199:arm64 (3.5-2) ...
#22 47.84 Selecting previously unselected package libheif1:arm64.
#22 47.84 Preparing to unpack .../08-libheif1_1.12.0-2build1_arm64.deb ...
#22 47.85 Unpacking libheif1:arm64 (1.12.0-2build1) ...
#22 48.05 Selecting previously unselected package libjbig0:arm64.
#22 48.05 Preparing to unpack .../09-libjbig0_2.1-3.1ubuntu0.22.04.1_arm64.deb ...
#22 48.05 Unpacking libjbig0:arm64 (2.1-3.1ubuntu0.22.04.1) ...
#22 48.23 Selecting previously unselected package libjpeg-turbo8:arm64.
#22 48.23 Preparing to unpack .../10-libjpeg-turbo8_2.1.2-0ubuntu1_arm64.deb ...
#22 48.23 Unpacking libjpeg-turbo8:arm64 (2.1.2-0ubuntu1) ...
#22 48.40 Selecting previously unselected package libjpeg8:arm64.
#22 48.40 Preparing to unpack .../11-libjpeg8_8c-2ubuntu10_arm64.deb ...
#22 48.41 Unpacking libjpeg8:arm64 (8c-2ubuntu10) ...
#22 48.60 Selecting previously unselected package liblcms2-2:arm64.
#22 48.60 Preparing to unpack .../12-liblcms2-2_2.12~rc1-2ubuntu0.1_arm64.deb ...
#22 48.62 Unpacking liblcms2-2:arm64 (2.12~rc1-2ubuntu0.1) ...
#22 48.82 Selecting previously unselected package libglib2.0-0:arm64.
#22 48.82 Preparing to unpack .../13-libglib2.0-0_2.72.4-0ubuntu2.9_arm64.deb ...
#22 48.84 Unpacking libglib2.0-0:arm64 (2.72.4-0ubuntu2.9) ...
#22 49.06 Selecting previously unselected package liblqr-1-0:arm64.
#22 49.06 Preparing to unpack .../14-liblqr-1-0_0.4.2-2.1_arm64.deb ...
#22 49.07 Unpacking liblqr-1-0:arm64 (0.4.2-2.1) ...
#22 49.24 Selecting previously unselected package libltdl7:arm64.
#22 49.24 Preparing to unpack .../15-libltdl7_2.4.6-15build2_arm64.deb ...
#22 49.25 Unpacking libltdl7:arm64 (2.4.6-15build2) ...
#22 49.43 Selecting previously unselected package libopenjp2-7:arm64.
#22 49.43 Preparing to unpack .../16-libopenjp2-7_2.4.0-6ubuntu0.5_arm64.deb ...
#22 49.45 Unpacking libopenjp2-7:arm64 (2.4.0-6ubuntu0.5) ...
#22 49.65 Selecting previously unselected package libdeflate0:arm64.
#22 49.66 Preparing to unpack .../17-libdeflate0_1.10-2_arm64.deb ...
#22 49.68 Unpacking libdeflate0:arm64 (1.10-2) ...
#22 49.87 Selecting previously unselected package libwebp7:arm64.
#22 49.87 Preparing to unpack .../18-libwebp7_1.2.2-2ubuntu0.22.04.2_arm64.deb ...
#22 49.89 Unpacking libwebp7:arm64 (1.2.2-2ubuntu0.22.04.2) ...
#22 50.10 Selecting previously unselected package libtiff5:arm64.
#22 50.10 Preparing to unpack .../19-libtiff5_4.3.0-6ubuntu0.13_arm64.deb ...
#22 50.13 Unpacking libtiff5:arm64 (4.3.0-6ubuntu0.13) ...
#22 50.33 Selecting previously unselected package libwebpdemux2:arm64.
#22 50.33 Preparing to unpack .../20-libwebpdemux2_1.2.2-2ubuntu0.22.04.2_arm64.deb ...
#22 50.33 Unpacking libwebpdemux2:arm64 (1.2.2-2ubuntu0.22.04.2) ...
#22 50.52 Selecting previously unselected package libwebpmux3:arm64.
#22 50.52 Preparing to unpack .../21-libwebpmux3_1.2.2-2ubuntu0.22.04.2_arm64.deb ...
#22 50.54 Unpacking libwebpmux3:arm64 (1.2.2-2ubuntu0.22.04.2) ...
#22 50.73 Selecting previously unselected package libxau6:arm64.
#22 50.73 Preparing to unpack .../22-libxau6_1%3a1.0.9-1build5_arm64.deb ...
#22 50.73 Unpacking libxau6:arm64 (1:1.0.9-1build5) ...
#22 50.92 Selecting previously unselected package libmd0:arm64.
#22 50.93 Preparing to unpack .../23-libmd0_1.0.4-1build1_arm64.deb ...
#22 50.94 Unpacking libmd0:arm64 (1.0.4-1build1) ...
#22 51.14 Selecting previously unselected package libbsd0:arm64.
#22 51.14 Preparing to unpack .../24-libbsd0_0.11.5-1_arm64.deb ...
#22 51.15 Unpacking libbsd0:arm64 (0.11.5-1) ...
#22 51.33 Selecting previously unselected package libxdmcp6:arm64.
#22 51.33 Preparing to unpack .../25-libxdmcp6_1%3a1.1.3-0ubuntu5_arm64.deb ...
#22 51.34 Unpacking libxdmcp6:arm64 (1:1.1.3-0ubuntu5) ...
#22 51.54 Selecting previously unselected package libxcb1:arm64.
#22 51.54 Preparing to unpack .../26-libxcb1_1.14-3ubuntu3_arm64.deb ...
#22 51.55 Unpacking libxcb1:arm64 (1.14-3ubuntu3) ...
#22 51.73 Selecting previously unselected package libx11-data.
#22 51.74 Preparing to unpack .../27-libx11-data_2%3a1.7.5-1ubuntu0.3_all.deb ...
#22 51.75 Unpacking libx11-data (2:1.7.5-1ubuntu0.3) ...
#22 52.00 Selecting previously unselected package libx11-6:arm64.
#22 52.01 Preparing to unpack .../28-libx11-6_2%3a1.7.5-1ubuntu0.3_arm64.deb ...
#22 52.01 Unpacking libx11-6:arm64 (2:1.7.5-1ubuntu0.3) ...
#22 52.21 Selecting previously unselected package libxext6:arm64.
#22 52.21 Preparing to unpack .../29-libxext6_2%3a1.3.4-1build1_arm64.deb ...
#22 52.21 Unpacking libxext6:arm64 (2:1.3.4-1build1) ...
#22 52.41 Selecting previously unselected package libicu70:arm64.
#22 52.41 Preparing to unpack .../30-libicu70_70.1-2_arm64.deb ...
#22 52.42 Unpacking libicu70:arm64 (70.1-2) ...
#22 52.90 Selecting previously unselected package libxml2:arm64.
#22 52.90 Preparing to unpack .../31-libxml2_2.9.13+dfsg-1ubuntu0.12_arm64.deb ...
#22 52.90 Unpacking libxml2:arm64 (2.9.13+dfsg-1ubuntu0.12) ...
#22 53.10 Selecting previously unselected package imagemagick-6-common.
#22 53.10 Preparing to unpack .../32-imagemagick-6-common_8%3a6.9.11.60+dfsg-1.3ubuntu0.22.04.5_all.deb ...
#22 53.10 Unpacking imagemagick-6-common (8:6.9.11.60+dfsg-1.3ubuntu0.22.04.5) ...
#22 53.30 Selecting previously unselected package libmagickcore-6.q16-6:arm64.
#22 53.30 Preparing to unpack .../33-libmagickcore-6.q16-6_8%3a6.9.11.60+dfsg-1.3ubuntu0.22.04.5_arm64.deb ...
#22 53.31 Unpacking libmagickcore-6.q16-6:arm64 (8:6.9.11.60+dfsg-1.3ubuntu0.22.04.5) ...
#22 53.57 Selecting previously unselected package libfribidi0:arm64.
#22 53.57 Preparing to unpack .../34-libfribidi0_1.0.8-2ubuntu3.1_arm64.deb ...
#22 53.58 Unpacking libfribidi0:arm64 (1.0.8-2ubuntu3.1) ...
#22 53.78 Selecting previously unselected package shared-mime-info.
#22 53.78 Preparing to unpack .../35-shared-mime-info_2.1-2_arm64.deb ...
#22 53.78 Unpacking shared-mime-info (2.1-2) ...
#22 53.99 Selecting previously unselected package libnghttp2-14:arm64.
#22 53.99 Preparing to unpack .../36-libnghttp2-14_1.43.0-1ubuntu0.4_arm64.deb ...
#22 53.99 Unpacking libnghttp2-14:arm64 (1.43.0-1ubuntu0.4) ...
#22 54.19 Selecting previously unselected package libpsl5:arm64.
#22 54.19 Preparing to unpack .../37-libpsl5_0.21.0-1.2build2_arm64.deb ...
#22 54.20 Unpacking libpsl5:arm64 (0.21.0-1.2build2) ...
#22 54.38 Selecting previously unselected package libsasl2-modules-db:arm64.
#22 54.38 Preparing to unpack .../38-libsasl2-modules-db_2.1.27+dfsg2-3ubuntu1.2_arm64.deb ...
#22 54.39 Unpacking libsasl2-modules-db:arm64 (2.1.27+dfsg2-3ubuntu1.2) ...
#22 54.56 Selecting previously unselected package libsasl2-2:arm64.
#22 54.56 Preparing to unpack .../39-libsasl2-2_2.1.27+dfsg2-3ubuntu1.2_arm64.deb ...
#22 54.56 Unpacking libsasl2-2:arm64 (2.1.27+dfsg2-3ubuntu1.2) ...
#22 54.75 Selecting previously unselected package libldap-2.5-0:arm64.
#22 54.75 Preparing to unpack .../40-libldap-2.5-0_2.5.20+dfsg-0ubuntu0.22.04.1_arm64.deb ...
#22 54.75 Unpacking libldap-2.5-0:arm64 (2.5.20+dfsg-0ubuntu0.22.04.1) ...
#22 54.93 Selecting previously unselected package librtmp1:arm64.
#22 54.93 Preparing to unpack .../41-librtmp1_2.4+20151223.gitfa8646d.1-2build4_arm64.deb ...
#22 54.94 Unpacking librtmp1:arm64 (2.4+20151223.gitfa8646d.1-2build4) ...
#22 55.13 Selecting previously unselected package libssh-4:arm64.
#22 55.13 Preparing to unpack .../42-libssh-4_0.9.6-2ubuntu0.22.04.7_arm64.deb ...
#22 55.14 Unpacking libssh-4:arm64 (0.9.6-2ubuntu0.22.04.7) ...
#22 55.35 Selecting previously unselected package libcurl4:arm64.
#22 55.35 Preparing to unpack .../43-libcurl4_7.81.0-1ubuntu1.25_arm64.deb ...
#22 55.35 Unpacking libcurl4:arm64 (7.81.0-1ubuntu1.25) ...
#22 55.53 Selecting previously unselected package curl.
#22 55.54 Preparing to unpack .../44-curl_7.81.0-1ubuntu1.25_arm64.deb ...
#22 55.54 Unpacking curl (7.81.0-1ubuntu1.25) ...
#22 55.73 Selecting previously unselected package libonig5:arm64.
#22 55.73 Preparing to unpack .../45-libonig5_6.9.7.1-2build1_arm64.deb ...
#22 55.73 Unpacking libonig5:arm64 (6.9.7.1-2build1) ...
#22 55.91 Selecting previously unselected package libjq1:arm64.
#22 55.91 Preparing to unpack .../46-libjq1_1.6-2.1ubuntu3.2_arm64.deb ...
#22 55.92 Unpacking libjq1:arm64 (1.6-2.1ubuntu3.2) ...
#22 56.13 Selecting previously unselected package jq.
#22 56.13 Preparing to unpack .../47-jq_1.6-2.1ubuntu3.2_arm64.deb ...
#22 56.14 Unpacking jq (1.6-2.1ubuntu3.2) ...
#22 56.31 Selecting previously unselected package libaec0:arm64.
#22 56.31 Preparing to unpack .../48-libaec0_1.0.6-1_arm64.deb ...
#22 56.32 Unpacking libaec0:arm64 (1.0.6-1) ...
#22 56.50 Selecting previously unselected package libpixman-1-0:arm64.
#22 56.50 Preparing to unpack .../49-libpixman-1-0_0.40.0-1ubuntu0.22.04.1_arm64.deb ...
#22 56.50 Unpacking libpixman-1-0:arm64 (0.40.0-1ubuntu0.22.04.1) ...
#22 56.68 Selecting previously unselected package libxcb-render0:arm64.
#22 56.68 Preparing to unpack .../50-libxcb-render0_1.14-3ubuntu3_arm64.deb ...
#22 56.68 Unpacking libxcb-render0:arm64 (1.14-3ubuntu3) ...
#22 56.87 Selecting previously unselected package libxcb-shm0:arm64.
#22 56.87 Preparing to unpack .../51-libxcb-shm0_1.14-3ubuntu3_arm64.deb ...
#22 56.88 Unpacking libxcb-shm0:arm64 (1.14-3ubuntu3) ...
#22 57.06 Selecting previously unselected package libxrender1:arm64.
#22 57.07 Preparing to unpack .../52-libxrender1_1%3a0.9.10-1build4_arm64.deb ...
#22 57.07 Unpacking libxrender1:arm64 (1:0.9.10-1build4) ...
#22 57.25 Selecting previously unselected package libcairo2:arm64.
#22 57.26 Preparing to unpack .../53-libcairo2_1.16.0-5ubuntu2.1_arm64.deb ...
#22 57.26 Unpacking libcairo2:arm64 (1.16.0-5ubuntu2.1) ...
#22 57.46 Selecting previously unselected package libcairo-gobject2:arm64.
#22 57.47 Preparing to unpack .../54-libcairo-gobject2_1.16.0-5ubuntu2.1_arm64.deb ...
#22 57.47 Unpacking libcairo-gobject2:arm64 (1.16.0-5ubuntu2.1) ...
#22 57.65 Selecting previously unselected package libcurl3-gnutls:arm64.
#22 57.65 Preparing to unpack .../55-libcurl3-gnutls_7.81.0-1ubuntu1.25_arm64.deb ...
#22 57.66 Unpacking libcurl3-gnutls:arm64 (7.81.0-1ubuntu1.25) ...
#22 57.84 Selecting previously unselected package libcfitsio9:arm64.
#22 57.84 Preparing to unpack .../56-libcfitsio9_4.0.0-1_arm64.deb ...
#22 57.85 Unpacking libcfitsio9:arm64 (4.0.0-1) ...
#22 58.04 Selecting previously unselected package libcgif0.
#22 58.04 Preparing to unpack .../57-libcgif0_0.2.0-1_arm64.deb ...
#22 58.05 Unpacking libcgif0 (0.2.0-1) ...
#22 58.23 Selecting previously unselected package libdatrie1:arm64.
#22 58.23 Preparing to unpack .../58-libdatrie1_0.2.13-2_arm64.deb ...
#22 58.24 Unpacking libdatrie1:arm64 (0.2.13-2) ...
#22 58.43 Selecting previously unselected package libexif12:arm64.
#22 58.43 Preparing to unpack .../59-libexif12_0.6.24-1ubuntu0.22.04.1_arm64.deb ...
#22 58.43 Unpacking libexif12:arm64 (0.6.24-1ubuntu0.22.04.1) ...
#22 58.61 Selecting previously unselected package libgdk-pixbuf2.0-common.
#22 58.61 Preparing to unpack .../60-libgdk-pixbuf2.0-common_2.42.8+dfsg-1ubuntu0.5_all.deb ...
#22 58.62 Unpacking libgdk-pixbuf2.0-common (2.42.8+dfsg-1ubuntu0.5) ...
#22 58.80 Selecting previously unselected package libgdk-pixbuf-2.0-0:arm64.
#22 58.80 Preparing to unpack .../61-libgdk-pixbuf-2.0-0_2.42.8+dfsg-1ubuntu0.5_arm64.deb ...
#22 58.81 Unpacking libgdk-pixbuf-2.0-0:arm64 (2.42.8+dfsg-1ubuntu0.5) ...
#22 58.99 Selecting previously unselected package libgraphite2-3:arm64.
#22 58.99 Preparing to unpack .../62-libgraphite2-3_1.3.14-1ubuntu0.1_arm64.deb ...
#22 59.00 Unpacking libgraphite2-3:arm64 (1.3.14-1ubuntu0.1) ...
#22 59.18 Selecting previously unselected package libgsf-1-common.
#22 59.18 Preparing to unpack .../63-libgsf-1-common_1.14.47-1ubuntu0.1_all.deb ...
#22 59.18 Unpacking libgsf-1-common (1.14.47-1ubuntu0.1) ...
#22 59.36 Selecting previously unselected package libgsf-1-114:arm64.
#22 59.36 Preparing to unpack .../64-libgsf-1-114_1.14.47-1ubuntu0.1_arm64.deb ...
#22 59.36 Unpacking libgsf-1-114:arm64 (1.14.47-1ubuntu0.1) ...
#22 59.55 Selecting previously unselected package libharfbuzz0b:arm64.
#22 59.55 Preparing to unpack .../65-libharfbuzz0b_2.7.4-1ubuntu3.2_arm64.deb ...
#22 59.55 Unpacking libharfbuzz0b:arm64 (2.7.4-1ubuntu3.2) ...
#22 59.74 Selecting previously unselected package libsz2:arm64.
#22 59.74 Preparing to unpack .../66-libsz2_1.0.6-1_arm64.deb ...
#22 59.75 Unpacking libsz2:arm64 (1.0.6-1) ...
#22 59.92 Selecting previously unselected package libhdf5-103-1:arm64.
#22 59.92 Preparing to unpack .../67-libhdf5-103-1_1.10.7+repack-4ubuntu2_arm64.deb ...
#22 59.93 Unpacking libhdf5-103-1:arm64 (1.10.7+repack-4ubuntu2) ...
#22 60.15 Selecting previously unselected package libilmbase25:arm64.
#22 60.15 Preparing to unpack .../68-libilmbase25_2.5.7-2_arm64.deb ...
#22 60.15 Unpacking libilmbase25:arm64 (2.5.7-2) ...
#22 60.35 Selecting previously unselected package libimagequant0:arm64.
#22 60.35 Preparing to unpack .../69-libimagequant0_2.17.0-1_arm64.deb ...
#22 60.35 Unpacking libimagequant0:arm64 (2.17.0-1) ...
#22 60.53 Selecting previously unselected package libmatio11:arm64.
#22 60.53 Preparing to unpack .../70-libmatio11_1.5.21-1_arm64.deb ...
#22 60.54 Unpacking libmatio11:arm64 (1.5.21-1) ...
#22 60.72 Selecting previously unselected package libnspr4:arm64.
#22 60.72 Preparing to unpack .../71-libnspr4_2%3a4.35-0ubuntu0.22.04.1_arm64.deb ...
#22 60.72 Unpacking libnspr4:arm64 (2:4.35-0ubuntu0.22.04.1) ...
#22 60.91 Selecting previously unselected package libnss3:arm64.
#22 60.92 Preparing to unpack .../72-libnss3_2%3a3.98-0ubuntu0.22.04.4_arm64.deb ...
#22 60.92 Unpacking libnss3:arm64 (2:3.98-0ubuntu0.22.04.4) ...
#22 61.38 Selecting previously unselected package libopenexr25:arm64.
#22 61.38 Preparing to unpack .../73-libopenexr25_2.5.7-1_arm64.deb ...
#22 61.39 Unpacking libopenexr25:arm64 (2.5.7-1) ...
#22 61.59 Selecting previously unselected package libopenslide0.
#22 61.59 Preparing to unpack .../74-libopenslide0_3.4.1+dfsg-5build1_arm64.deb ...
#22 61.60 Unpacking libopenslide0 (3.4.1+dfsg-5build1) ...
#22 61.78 Selecting previously unselected package liborc-0.4-0:arm64.
#22 61.78 Preparing to unpack .../75-liborc-0.4-0_1%3a0.4.32-2ubuntu0.1_arm64.deb ...
#22 61.79 Unpacking liborc-0.4-0:arm64 (1:0.4.32-2ubuntu0.1) ...
#22 61.97 Selecting previously unselected package libthai-data.
#22 61.97 Preparing to unpack .../76-libthai-data_0.1.29-1build1_all.deb ...
#22 61.98 Unpacking libthai-data (0.1.29-1build1) ...
#22 62.16 Selecting previously unselected package libthai0:arm64.
#22 62.17 Preparing to unpack .../77-libthai0_0.1.29-1build1_arm64.deb ...
#22 62.17 Unpacking libthai0:arm64 (0.1.29-1build1) ...
#22 62.34 Selecting previously unselected package libpango-1.0-0:arm64.
#22 62.34 Preparing to unpack .../78-libpango-1.0-0_1.50.6+ds-2ubuntu1_arm64.deb ...
#22 62.35 Unpacking libpango-1.0-0:arm64 (1.50.6+ds-2ubuntu1) ...
#22 62.53 Selecting previously unselected package libpangoft2-1.0-0:arm64.
#22 62.53 Preparing to unpack .../79-libpangoft2-1.0-0_1.50.6+ds-2ubuntu1_arm64.deb ...
#22 62.54 Unpacking libpangoft2-1.0-0:arm64 (1.50.6+ds-2ubuntu1) ...
#22 62.72 Selecting previously unselected package libpangocairo-1.0-0:arm64.
#22 62.72 Preparing to unpack .../80-libpangocairo-1.0-0_1.50.6+ds-2ubuntu1_arm64.deb ...
#22 62.73 Unpacking libpangocairo-1.0-0:arm64 (1.50.6+ds-2ubuntu1) ...
#22 62.91 Selecting previously unselected package libpoppler118:arm64.
#22 62.91 Preparing to unpack .../81-libpoppler118_22.02.0-2ubuntu0.13_arm64.deb ...
#22 62.91 Unpacking libpoppler118:arm64 (22.02.0-2ubuntu0.13) ...
#22 63.12 Selecting previously unselected package libpoppler-glib8:arm64.
#22 63.12 Preparing to unpack .../82-libpoppler-glib8_22.02.0-2ubuntu0.13_arm64.deb ...
#22 63.13 Unpacking libpoppler-glib8:arm64 (22.02.0-2ubuntu0.13) ...
#22 63.32 Selecting previously unselected package librsvg2-2:arm64.
#22 63.33 Preparing to unpack .../83-librsvg2-2_2.52.5+dfsg-3ubuntu0.2_arm64.deb ...
#22 63.33 Unpacking librsvg2-2:arm64 (2.52.5+dfsg-3ubuntu0.2) ...
#22 63.61 Selecting previously unselected package libvips42:arm64.
#22 63.61 Preparing to unpack .../84-libvips42_8.12.1-1build1_arm64.deb ...
#22 63.61 Unpacking libvips42:arm64 (8.12.1-1build1) ...
#22 63.82 Selecting previously unselected package libvips-tools.
#22 63.83 Preparing to unpack .../85-libvips-tools_8.12.1-1build1_arm64.deb ...
#22 63.83 Unpacking libvips-tools (8.12.1-1build1) ...
#22 63.97 Setting up media-types (7.0.0) ...
#22 63.99 Setting up libgsf-1-common (1.14.47-1ubuntu0.1) ...
#22 64.00 Setting up libgraphite2-3:arm64 (1.3.14-1ubuntu0.1) ...
#22 64.01 Setting up liblcms2-2:arm64 (2.12~rc1-2ubuntu0.1) ...
#22 64.03 Setting up libpixman-1-0:arm64 (0.40.0-1ubuntu0.22.04.1) ...
#22 64.04 Setting up libaom3:arm64 (3.3.0-1ubuntu0.1) ...
#22 64.05 Setting up libxau6:arm64 (1:1.0.9-1build5) ...
#22 64.06 Setting up imagemagick-6-common (8:6.9.11.60+dfsg-1.3ubuntu0.22.04.5) ...
#22 64.13 Setting up libpsl5:arm64 (0.21.0-1.2build2) ...
#22 64.14 Setting up libcgif0 (0.2.0-1) ...
#22 64.16 Setting up libdatrie1:arm64 (0.2.13-2) ...
#22 64.17 Setting up libglib2.0-0:arm64 (2.72.4-0ubuntu2.9) ...
#22 64.26 No schema files found: doing nothing.
#22 64.31 Setting up libsqlite3-0:arm64 (3.37.2-2ubuntu0.7) ...
#22 64.32 Setting up libgdk-pixbuf2.0-common (2.42.8+dfsg-1ubuntu0.5) ...
#22 64.34 Setting up libnghttp2-14:arm64 (1.43.0-1ubuntu0.4) ...
#22 64.35 Setting up libdeflate0:arm64 (1.10-2) ...
#22 64.36 Setting up libilmbase25:arm64 (2.5.7-2) ...
#22 64.37 Setting up libgomp1:arm64 (12.3.0-1ubuntu1~22.04.3) ...
#22 64.38 Setting up libjbig0:arm64 (2.1-3.1ubuntu0.22.04.1) ...
#22 64.40 Setting up libaec0:arm64 (1.0.6-1) ...
#22 64.41 Setting up libsasl2-modules-db:arm64 (2.1.27+dfsg2-3ubuntu1.2) ...
#22 64.42 Setting up libopenexr25:arm64 (2.5.7-1) ...
#22 64.43 Setting up libx11-data (2:1.7.5-1ubuntu0.3) ...
#22 64.45 Setting up libnspr4:arm64 (2:4.35-0ubuntu0.22.04.1) ...
#22 64.46 Setting up librtmp1:arm64 (2.4+20151223.gitfa8646d.1-2build4) ...
#22 64.47 Setting up libfribidi0:arm64 (1.0.8-2ubuntu3.1) ...
#22 64.49 Setting up libexif12:arm64 (0.6.24-1ubuntu0.22.04.1) ...
#22 64.50 Setting up libimagequant0:arm64 (2.17.0-1) ...
#22 64.51 Setting up liborc-0.4-0:arm64 (1:0.4.32-2ubuntu0.1) ...
#22 64.52 Setting up libjpeg-turbo8:arm64 (2.1.2-0ubuntu1) ...
#22 64.53 Setting up libltdl7:arm64 (2.4.6-15build2) ...
#22 64.55 Setting up libfftw3-double3:arm64 (3.3.8-2ubuntu8) ...
#22 64.56 Setting up libsasl2-2:arm64 (2.1.27+dfsg2-3ubuntu1.2) ...
#22 64.57 Setting up libssh-4:arm64 (0.9.6-2ubuntu0.22.04.7) ...
#22 64.58 Setting up libwebp7:arm64 (1.2.2-2ubuntu0.22.04.2) ...
#22 64.60 Setting up libnuma1:arm64 (2.0.14-3ubuntu2) ...
#22 64.61 Setting up libmd0:arm64 (1.0.4-1build1) ...
#22 64.62 Setting up liblqr-1-0:arm64 (0.4.2-2.1) ...
#22 64.63 Setting up libmpdec3:arm64 (2.5.1-2build2) ...
#22 64.64 Setting up libopenjp2-7:arm64 (2.4.0-6ubuntu0.5) ...
#22 64.66 Setting up libharfbuzz0b:arm64 (2.7.4-1ubuntu3.2) ...
#22 64.67 Setting up libthai-data (0.1.29-1build1) ...
#22 64.68 Setting up libdav1d5:arm64 (0.9.2-1) ...
#22 64.69 Setting up libde265-0:arm64 (1.0.8-1ubuntu0.3) ...
#22 64.70 Setting up libwebpmux3:arm64 (1.2.2-2ubuntu0.22.04.2) ...
#22 64.71 Setting up libbsd0:arm64 (0.11.5-1) ...
#22 64.73 Setting up readline-common (8.1.2-1) ...
#22 64.79 Setting up libonig5:arm64 (6.9.7.1-2build1) ...
#22 64.81 Setting up libsz2:arm64 (1.0.6-1) ...
#22 64.82 Setting up libicu70:arm64 (70.1-2) ...
#22 64.84 Setting up libjpeg8:arm64 (8c-2ubuntu10) ...
#22 64.85 Setting up libxdmcp6:arm64 (1:1.1.3-0ubuntu5) ...
#22 64.86 Setting up libxcb1:arm64 (1.14-3ubuntu3) ...
#22 64.87 Setting up libxcb-render0:arm64 (1.14-3ubuntu3) ...
#22 64.88 Setting up libjq1:arm64 (1.6-2.1ubuntu3.2) ...
#22 64.89 Setting up libwebpdemux2:arm64 (1.2.2-2ubuntu0.22.04.2) ...
#22 64.91 Setting up libreadline8:arm64 (8.1.2-1) ...
#22 64.92 Setting up libnss3:arm64 (2:3.98-0ubuntu0.22.04.4) ...
#22 64.93 Setting up libxcb-shm0:arm64 (1.14-3ubuntu3) ...
#22 64.94 Setting up libldap-2.5-0:arm64 (2.5.20+dfsg-0ubuntu0.22.04.1) ...
#22 64.95 Setting up libpython3.10-stdlib:arm64 (3.10.12-1~22.04.16) ...
#22 64.97 Setting up libthai0:arm64 (0.1.29-1build1) ...
#22 64.98 Setting up libx265-199:arm64 (3.5-2) ...
#22 64.99 Setting up jq (1.6-2.1ubuntu3.2) ...
#22 65.00 Setting up libcurl4:arm64 (7.81.0-1ubuntu1.25) ...
#22 65.02 Setting up libx11-6:arm64 (2:1.7.5-1ubuntu0.3) ...
#22 65.03 Setting up libtiff5:arm64 (4.3.0-6ubuntu0.13) ...
#22 65.04 Setting up curl (7.81.0-1ubuntu1.25) ...
#22 65.05 Setting up libxml2:arm64 (2.9.13+dfsg-1ubuntu0.12) ...
#22 65.07 Setting up libpython3-stdlib:arm64 (3.10.6-1~22.04.1) ...
#22 65.08 Setting up python3.10 (3.10.12-1~22.04.16) ...
#22 68.38 Setting up libxrender1:arm64 (1:0.9.10-1build4) ...
#22 68.41 Setting up libpango-1.0-0:arm64 (1.50.6+ds-2ubuntu1) ...
#22 68.44 Setting up libheif1:arm64 (1.12.0-2build1) ...
#22 68.45 Setting up libxext6:arm64 (2:1.3.4-1build1) ...
#22 68.46 Setting up libcurl3-gnutls:arm64 (7.81.0-1ubuntu1.25) ...
#22 68.47 Setting up python3 (3.10.6-1~22.04.1) ...
#22 68.59 running python rtupdate hooks for python3.10...
#22 68.59 running python post-rtupdate hooks for python3.10...
#22 69.50 Setting up libcairo2:arm64 (1.16.0-5ubuntu2.1) ...
#22 69.51 Setting up libgsf-1-114:arm64 (1.14.47-1ubuntu0.1) ...
#22 69.54 Setting up libcfitsio9:arm64 (4.0.0-1) ...
#22 69.55 Setting up libpoppler118:arm64 (22.02.0-2ubuntu0.13) ...
#22 69.56 Setting up libmagickcore-6.q16-6:arm64 (8:6.9.11.60+dfsg-1.3ubuntu0.22.04.5) ...
#22 69.57 Setting up shared-mime-info (2.1-2) ...
#22 72.54 Setting up libhdf5-103-1:arm64 (1.10.7+repack-4ubuntu2) ...
#22 72.55 Setting up libgdk-pixbuf-2.0-0:arm64 (2.42.8+dfsg-1ubuntu0.5) ...
#22 72.71 Setting up libcairo-gobject2:arm64 (1.16.0-5ubuntu2.1) ...
#22 72.72 Setting up libpangoft2-1.0-0:arm64 (1.50.6+ds-2ubuntu1) ...
#22 72.73 Setting up libopenslide0 (3.4.1+dfsg-5build1) ...
#22 72.75 Setting up libpangocairo-1.0-0:arm64 (1.50.6+ds-2ubuntu1) ...
#22 72.76 Setting up libpoppler-glib8:arm64 (22.02.0-2ubuntu0.13) ...
#22 72.77 Setting up librsvg2-2:arm64 (2.52.5+dfsg-3ubuntu0.2) ...
#22 72.78 Setting up libmatio11:arm64 (1.5.21-1) ...
#22 72.79 Setting up libvips42:arm64 (8.12.1-1build1) ...
#22 72.80 Setting up libvips-tools (8.12.1-1build1) ...
#22 72.81 Processing triggers for libc-bin (2.35-0ubuntu3.14) ...
#22 73.09 
#22 73.09 WARNING: apt does not have a stable CLI interface. Use with caution in scripts.
#22 73.09 
#22 73.16 
#22 73.16 WARNING: apt does not have a stable CLI interface. Use with caution in scripts.
#22 73.17 
#22 73.44 Reading package lists...
#22 82.02 Building dependency tree...
#22 82.74 Reading state information...
#22 83.68 0 upgraded, 0 newly installed, 0 to remove and 0 not upgraded.
#22 DONE 83.8s

#23 exporting to image
#23 exporting layers
#23 exporting layers 7.9s done
#23 exporting manifest sha256:f901c5a7dbc8da7c0ea0f2d95ced76826fa00a9a33c4fc319f9cd2798a9eb2b2 0.0s done
#23 exporting config sha256:4527c413a6d7ce8816a92c3bf44db8ebe14d78f4ea23b692738cca1df73f2d13 0.0s done
#23 exporting attestation manifest sha256:8998e1a551e20efc75f885e7917cb83dd1de3480eae35d9d5c22449e51c8aab3 0.0s done
#23 exporting manifest sha256:3cc34c520a90efad3c05ce24e0c330e5eec4c7122e56a6c692f47da68003bb28 0.0s done
#23 exporting config sha256:04fad94f61fde3e28a96c91752abc43bb3ecab5cbdea52a4571c3e1633410656 0.0s done
#23 exporting attestation manifest sha256:ea1248fe37e6ba61d12b5b70f3b6ef476f5c7e3ab8d2b77fb58bc302b12a5341 0.0s done
#23 exporting manifest list sha256:4568c736f8153e58b398d6e58cf1a8342796d3cbae701bd1124a5e41d301c2cd
#23 exporting manifest list sha256:4568c736f8153e58b398d6e58cf1a8342796d3cbae701bd1124a5e41d301c2cd 0.0s done
#23 pushing layers
#23 ...

#24 [auth] peregrinecms/peregrine-cms:pull,push token for registry-1.docker.io
#24 DONE 0.0s

#23 exporting to image
#23 pushing layers 273.3s done
#23 pushing manifest for docker.io/peregrinecms/peregrine-cms:v2-preview@sha256:4568c736f8153e58b398d6e58cf1a8342796d3cbae701bd1124a5e41d301c2cd
#23 ...

#25 [auth] peregrinecms/peregrine-cms:pull,push token for registry-1.docker.io
#25 DONE 0.0s

#23 exporting to image
#23 pushing manifest for docker.io/peregrinecms/peregrine-cms:v2-preview@sha256:4568c736f8153e58b398d6e58cf1a8342796d3cbae701bd1124a5e41d301c2cd 4.4s done
#23 DONE 285.7s

 [33m1 warning found (use docker --debug to expand):
[0m - JSONArgsRecommended: JSON arguments recommended for ENTRYPOINT to prevent unintended behavior related to OS signals (line 51)
BUILDX_EXIT=0
