#0 building with "pmultiarch" instance using docker-container driver

#1 [internal] load build definition from Dockerfile
#1 transferring dockerfile: 1.55kB done
#1 DONE 0.0s

#2 [linux/arm64 internal] load metadata for docker.io/library/eclipse-temurin:25-jdk-jammy
#2 ...

#3 [auth] library/eclipse-temurin:pull token for registry-1.docker.io
#3 DONE 0.0s

#4 [linux/amd64 internal] load metadata for docker.io/library/eclipse-temurin:25-jdk-jammy
#4 DONE 0.9s

#2 [linux/arm64 internal] load metadata for docker.io/library/eclipse-temurin:25-jdk-jammy
#2 DONE 0.9s

#5 [internal] load .dockerignore
#5 transferring context: 95B done
#5 DONE 0.0s

#6 [linux/amd64 builder 1/8] FROM docker.io/library/eclipse-temurin:25-jdk-jammy@sha256:f122992af75e61d87892f8a37c60f7cfa498b18748c1c9f8563da9a3b1893278
#6 resolve docker.io/library/eclipse-temurin:25-jdk-jammy@sha256:f122992af75e61d87892f8a37c60f7cfa498b18748c1c9f8563da9a3b1893278 0.0s done
#6 DONE 0.0s

#7 [linux/arm64 stage-1 1/5] FROM docker.io/library/eclipse-temurin:25-jdk-jammy@sha256:f122992af75e61d87892f8a37c60f7cfa498b18748c1c9f8563da9a3b1893278
#7 resolve docker.io/library/eclipse-temurin:25-jdk-jammy@sha256:f122992af75e61d87892f8a37c60f7cfa498b18748c1c9f8563da9a3b1893278 0.0s done
#7 DONE 0.0s

#8 [internal] load build context
#8 transferring context: 102.07kB 0.0s done
#8 DONE 0.0s

#9 [linux/amd64 builder 2/8] WORKDIR /app
#9 CACHED

#10 [linux/amd64 builder 3/8] RUN apt update -q     && apt upgrade -q -y     && apt install -q -y --no-install-recommends         curl         jq         nodejs         npm     && apt clean -q -y     && apt autoremove --purge -q -y     && echo node: $(node --version)     && echo npm: $(npm --version)     && echo npx: $(npx --version)
#10 CACHED

#11 [linux/amd64 builder 4/8] COPY files/* /app/binaries/
#11 DONE 0.7s

#12 [linux/amd64 builder 5/8] COPY files/org.apache.sling.feature.launcher-1.3.4/ /app/binaries/org.apache.sling.feature.launcher-1.3.4/
#12 DONE 0.0s

#13 [linux/amd64 builder 6/8] COPY scripts/*.sh /app/scripts/
#13 DONE 0.1s

#14 [linux/amd64 builder 7/8] RUN scripts/install-sling.sh
#14 0.125 mkdir: created directory '/app/sling'
#14 0.165 created directory '/app/sling/org.apache.sling.feature.launcher-1.3.4'
#14 0.165 renamed '/app/binaries/org.apache.sling.feature.launcher-1.3.4/LICENSE' -> '/app/sling/org.apache.sling.feature.launcher-1.3.4/LICENSE'
#14 0.165 renamed '/app/binaries/org.apache.sling.feature.launcher-1.3.4/NOTICE' -> '/app/sling/org.apache.sling.feature.launcher-1.3.4/NOTICE'
#14 0.165 renamed '/app/binaries/org.apache.sling.feature.launcher-1.3.4/README.md' -> '/app/sling/org.apache.sling.feature.launcher-1.3.4/README.md'
#14 0.165 created directory '/app/sling/org.apache.sling.feature.launcher-1.3.4/bin'
#14 0.165 renamed '/app/binaries/org.apache.sling.feature.launcher-1.3.4/bin/launcher' -> '/app/sling/org.apache.sling.feature.launcher-1.3.4/bin/launcher'
#14 0.165 renamed '/app/binaries/org.apache.sling.feature.launcher-1.3.4/bin/launcher.bat' -> '/app/sling/org.apache.sling.feature.launcher-1.3.4/bin/launcher.bat'
#14 0.165 created directory '/app/sling/org.apache.sling.feature.launcher-1.3.4/lib'
#14 0.165 renamed '/app/binaries/org.apache.sling.feature.launcher-1.3.4/lib/commons-cli-1.4.jar' -> '/app/sling/org.apache.sling.feature.launcher-1.3.4/lib/commons-cli-1.4.jar'
#14 0.165 renamed '/app/binaries/org.apache.sling.feature.launcher-1.3.4/lib/commons-lang3-3.12.0.jar' -> '/app/sling/org.apache.sling.feature.launcher-1.3.4/lib/commons-lang3-3.12.0.jar'
#14 0.165 renamed '/app/binaries/org.apache.sling.feature.launcher-1.3.4/lib/commons-text-1.10.0.jar' -> '/app/sling/org.apache.sling.feature.launcher-1.3.4/lib/commons-text-1.10.0.jar'
#14 0.165 renamed '/app/binaries/org.apache.sling.feature.launcher-1.3.4/lib/jakarta.json-api-2.0.2.jar' -> '/app/sling/org.apache.sling.feature.launcher-1.3.4/lib/jakarta.json-api-2.0.2.jar'
#14 0.165 renamed '/app/binaries/org.apache.sling.feature.launcher-1.3.4/lib/johnzon-core-1.2.19-jakarta.jar' -> '/app/sling/org.apache.sling.feature.launcher-1.3.4/lib/johnzon-core-1.2.19-jakarta.jar'
#14 0.165 renamed '/app/binaries/org.apache.sling.feature.launcher-1.3.4/lib/org.apache.felix.cm.json-2.0.0.jar' -> '/app/sling/org.apache.sling.feature.launcher-1.3.4/lib/org.apache.felix.cm.json-2.0.0.jar'
#14 0.165 renamed '/app/binaries/org.apache.sling.feature.launcher-1.3.4/lib/org.apache.sling.feature-2.0.4.jar' -> '/app/sling/org.apache.sling.feature.launcher-1.3.4/lib/org.apache.sling.feature-2.0.4.jar'
#14 0.165 renamed '/app/binaries/org.apache.sling.feature.launcher-1.3.4/lib/org.apache.sling.feature.launcher-1.3.4.jar' -> '/app/sling/org.apache.sling.feature.launcher-1.3.4/lib/org.apache.sling.feature.launcher-1.3.4.jar'
#14 0.165 renamed '/app/binaries/org.apache.sling.feature.launcher-1.3.4/lib/org.osgi.util.converter-1.0.9.jar' -> '/app/sling/org.apache.sling.feature.launcher-1.3.4/lib/org.osgi.util.converter-1.0.9.jar'
#14 0.165 renamed '/app/binaries/org.apache.sling.feature.launcher-1.3.4/lib/org.osgi.util.function-1.0.0.jar' -> '/app/sling/org.apache.sling.feature.launcher-1.3.4/lib/org.osgi.util.function-1.0.0.jar'
#14 0.165 renamed '/app/binaries/org.apache.sling.feature.launcher-1.3.4/lib/osgi.core-8.0.0.jar' -> '/app/sling/org.apache.sling.feature.launcher-1.3.4/lib/osgi.core-8.0.0.jar'
#14 0.165 renamed '/app/binaries/org.apache.sling.feature.launcher-1.3.4/lib/slf4j-api-1.7.25.jar' -> '/app/sling/org.apache.sling.feature.launcher-1.3.4/lib/slf4j-api-1.7.25.jar'
#14 0.165 renamed '/app/binaries/org.apache.sling.feature.launcher-1.3.4/lib/slf4j-simple-1.7.25.jar' -> '/app/sling/org.apache.sling.feature.launcher-1.3.4/lib/slf4j-simple-1.7.25.jar'
#14 0.165 removed directory '/app/binaries/org.apache.sling.feature.launcher-1.3.4/lib'
#14 0.165 removed directory '/app/binaries/org.apache.sling.feature.launcher-1.3.4/bin'
#14 0.165 removed directory '/app/binaries/org.apache.sling.feature.launcher-1.3.4/'
#14 0.461 renamed '/app/binaries/com.peregrine-cms.sling.launchpad-14-SNAPSHOT-oak_tar_far.far' -> '/app/sling/com.peregrine-cms.sling.launchpad-14-SNAPSHOT-oak_tar_far.far'
#14 DONE 0.5s

#15 [linux/amd64 builder 8/8] RUN scripts/install-peregrine.sh none
#15 0.085 Starting Sling for the first time...
#15 0.086 starting sling with runmode none
#15 0.242 [INFO] 
#15 0.242 [INFO] Apache Sling Application Launcher
#15 0.242 [INFO] ---------------------------------
#15 0.242 [INFO] Initializing...
#15 0.254 [INFO] Artifact Repositories: [file:///root/.m2/repository, https://repo.maven.apache.org/maven2, https://repository.apache.org/content/groups/snapshots]
#15 0.254 [INFO] Assembling final feature model...
#15 0.861 [INFO] 
#15 0.861 [INFO] Assembling launcher...
#15 1.469 [INFO] Using 0 local artifacts, 235 cached artifacts, and 1 downloaded artifacts
#15 1.469 [INFO] 
#15 1.469 [INFO] Starting launcher...
#15 1.469 [INFO] Launcher Home: /app/sling
#15 1.469 [INFO] Cache Directory: /app/sling/launcher/cache
#15 1.469 [INFO] 
#15 1.504 [INFO] Using framework factory class org.apache.felix.framework.FrameworkFactory
#15 1.544 WARNING: A terminally deprecated method in sun.misc.Unsafe has been called
#15 1.544 WARNING: sun.misc.Unsafe::staticFieldOffset has been called by org.apache.felix.framework.util.SecureAction (file:/app/sling/launcher/cache/org/apache/felix/org.apache.felix.framework/7.0.5/org.apache.felix.framework-7.0.5.jar)
#15 1.544 WARNING: Please consider reporting this to the maintainers of class org.apache.felix.framework.util.SecureAction
#15 1.544 WARNING: sun.misc.Unsafe::staticFieldOffset will be removed in a future release
#15 2.692 13.08.2026 17:10:56.796 *INFO* [FelixStartLevel] org.apache.sling.commons.log.logback.internal.LogConfigManager updating global configuration for org.apache.sling.commons.log.LogManager
#15 2.699 13.08.2026 17:10:56.804 *INFO* [CM Configuration Updater (ManagedService Update: pid=[org.apache.sling.commons.log.LogManager])] org.apache.sling.commons.log.logback.internal.LogConfigManager updating global configuration for org.apache.sling.commons.log.LogManager
#15 3.029 Aug 13, 2026 5:10:57 PM org.apache.aries.spifly.BaseActivator log
#15 3.029 INFO: Registered provider org.eclipse.jetty.http.Http10FieldPreEncoder of service org.eclipse.jetty.http.HttpFieldPreEncoder in bundle org.apache.felix.http.jetty12
#15 3.030 Aug 13, 2026 5:10:57 PM org.apache.aries.spifly.BaseActivator log
#15 3.030 INFO: Registered provider org.eclipse.jetty.http.Http11FieldPreEncoder of service org.eclipse.jetty.http.HttpFieldPreEncoder in bundle org.apache.felix.http.jetty12
#15 3.032 Aug 13, 2026 5:10:57 PM org.apache.aries.spifly.BaseActivator log
#15 3.032 INFO: Registered provider org.eclipse.jetty.http2.hpack.HpackFieldPreEncoder of service org.eclipse.jetty.http.HttpFieldPreEncoder in bundle org.apache.felix.http.jetty12
#15 3.793 Aug 13, 2026 5:10:57 PM org.apache.tika.config.InitializableProblemHandler$3 handleInitializableProblem
#15 3.793 WARNING: TIFFImageWriter not loaded. tiff files will not be processed
#15 3.793 See https://pdfbox.apache.org/2.0/dependencies.html#jai-image-io
#15 3.793 for optional dependencies.
#15 3.793 J2KImageReader not loaded. JPEG2000 files will not be processed.
#15 3.793 See https://pdfbox.apache.org/2.0/dependencies.html#jai-image-io
#15 3.793 for optional dependencies.
#15 3.793 
#15 3.800 Aug 13, 2026 5:10:57 PM org.apache.tika.config.InitializableProblemHandler$3 handleInitializableProblem
#15 3.800 WARNING: org.xerial's sqlite-jdbc is not loaded.
#15 3.800 Please provide the jar on your classpath to parse sqlite files.
#15 3.800 See tika-parsers/pom.xml for the correct version.
#15 3.862 Aug 13, 2026 5:10:57 PM org.apache.aries.spifly.BaseActivator log
#15 3.862 INFO: Registered provider com.ctc.wstx.stax.WstxEventFactory of service javax.xml.stream.XMLEventFactory in bundle com.fasterxml.woodstox.woodstox-core
#15 3.864 Aug 13, 2026 5:10:57 PM org.apache.aries.spifly.BaseActivator log
#15 3.864 INFO: Registered provider com.ctc.wstx.stax.WstxInputFactory of service javax.xml.stream.XMLInputFactory in bundle com.fasterxml.woodstox.woodstox-core
#15 3.866 Aug 13, 2026 5:10:57 PM org.apache.aries.spifly.BaseActivator log
#15 3.866 INFO: Registered provider com.ctc.wstx.dtd.DTDSchemaFactory of service org.codehaus.stax2.validation.XMLValidationSchemaFactory in bundle com.fasterxml.woodstox.woodstox-core
#15 3.867 Aug 13, 2026 5:10:57 PM org.apache.aries.spifly.BaseActivator log
#15 3.867 INFO: Registered provider com.ctc.wstx.msv.RelaxNGSchemaFactory of service org.codehaus.stax2.validation.XMLValidationSchemaFactory in bundle com.fasterxml.woodstox.woodstox-core
#15 3.868 Aug 13, 2026 5:10:57 PM org.apache.aries.spifly.BaseActivator log
#15 3.868 INFO: Registered provider com.ctc.wstx.msv.W3CSchemaFactory of service org.codehaus.stax2.validation.XMLValidationSchemaFactory in bundle com.fasterxml.woodstox.woodstox-core
#15 3.869 Aug 13, 2026 5:10:57 PM org.apache.aries.spifly.BaseActivator log
#15 3.869 INFO: Registered provider com.ctc.wstx.stax.WstxOutputFactory of service javax.xml.stream.XMLOutputFactory in bundle com.fasterxml.woodstox.woodstox-core
#15 4.971 Aug 13, 2026 5:10:59 PM org.apache.aries.spifly.BaseActivator log
#15 4.971 INFO: Registered provider org.apache.groovy.json.DefaultFastStringServiceFactory of service org.apache.groovy.json.FastStringServiceFactory in bundle groovy-json
#15 4.977 Aug 13, 2026 5:10:59 PM org.apache.aries.spifly.BaseActivator log
#15 4.977 INFO: Registered provider org.codehaus.groovy.jsr223.GroovyScriptEngineFactory of service javax.script.ScriptEngineFactory in bundle groovy-jsr223
#15 4.987 Aug 13, 2026 5:10:59 PM org.apache.aries.spifly.BaseActivator log
#15 4.987 INFO: Registered provider groovy.junit5.plugin.JUnit5Runner of service org.apache.groovy.plugin.GroovyRunner in bundle groovy-test-junit5
#15 4.990 Aug 13, 2026 5:10:59 PM org.apache.aries.spifly.BaseActivator log
#15 4.990 INFO: Registered provider org.apache.groovy.plugin.testng.TestNgRunner of service org.apache.groovy.plugin.GroovyRunner in bundle groovy-testng
#15 5.673 [INFO] Framework started
#15 8.172 ESAPI: WARNING: System property [org.owasp.esapi.opsteam] is not set
#15 8.172 ESAPI: WARNING: System property [org.owasp.esapi.devteam] is not set
#15 8.172 ESAPI: Attempting to load ESAPI.properties via file I/O.
#15 8.172 ESAPI: Attempting to load ESAPI.properties as resource file via file I/O.
#15 8.172 ESAPI: Not found in 'org.owasp.esapi.resources' directory or file not readable: /app/sling/ESAPI.properties
#15 8.172 ESAPI: Not found in SystemResource Directory/resourceDirectory: .esapi/ESAPI.properties
#15 8.172 ESAPI: Not found in 'user.home' (/root) directory: /root/esapi/ESAPI.properties
#15 8.172 ESAPI: Loading ESAPI.properties via file I/O failed. Exception was: java.io.FileNotFoundException
#15 8.172 ESAPI: Attempting to load ESAPI.properties via the classpath.
#15 8.174 ESAPI: SUCCESSFULLY LOADED ESAPI.properties via the CLASSPATH from '/ (root)' using class loader for DefaultSecurityConfiguration class!
#15 8.174 ESAPI: SecurityConfiguration for Validator.ConfigurationFile.MultiValued not found in ESAPI.properties. Using default: false
#15 8.174 ESAPI: Attempting to load validation.properties via file I/O.
#15 8.174 ESAPI: Attempting to load validation.properties as resource file via file I/O.
#15 8.174 ESAPI: Not found in 'org.owasp.esapi.resources' directory or file not readable: /app/sling/validation.properties
#15 8.174 ESAPI: Not found in SystemResource Directory/resourceDirectory: .esapi/validation.properties
#15 8.174 ESAPI: Not found in 'user.home' (/root) directory: /root/esapi/validation.properties
#15 8.175 ESAPI: Loading validation.properties via file I/O failed.
#15 8.175 ESAPI: Attempting to load validation.properties via the classpath.
#15 8.175 ESAPI: SUCCESSFULLY LOADED validation.properties via the CLASSPATH from '/ (root)' using class loader for DefaultSecurityConfiguration class!
#15 8.176 ESAPI: DefaultSecurityConfiguration: The code to print all the properties is currently commented out
#15 8.182 ESAPI: Failed to read Log Prefix configuration Logger.LogPrefix. Defaulting to enabled. Caught org.owasp.esapi.errors.ConfigurationException; exception message was: org.owasp.esapi.errors.ConfigurationException: SecurityConfiguration for Logger.LogPrefix not found in ESAPI.properties
#15 135.2 Sling still starting. Waiting for all bundles to be ready..
#15 137.3 Installing Sling Packager
#15 147.8 npm WARN deprecated deep-assign@3.0.0: Check out `lodash.merge` or `merge-options` instead.
#15 148.5 npm WARN deprecated har-validator@5.1.5: this library is no longer supported
#15 148.5 npm WARN deprecated inflight@1.0.6: This module is not supported, and leaks memory. Do not use it. Check out lru-cache if you want a good and tested way to coalesce async requests by a key value, which is much more comprehensive and powerful.
#15 148.6 npm WARN deprecated glob@7.2.3: Old versions of glob are not supported, and contain widely publicized security vulnerabilities, which have been fixed in the current version. Please update. Support for old versions may be purchased (at exorbitant rates) by contacting i@izs.me
#15 148.7 npm WARN deprecated uuid@3.4.0: uuid@10 and below is no longer supported.  For ESM codebases, update to uuid@latest.  For CommonJS codebases, use uuid@11 (but be aware this version will likely be deprecated in 2028).
#15 148.8 npm WARN deprecated request@2.88.2: request has been deprecated, see https://github.com/request/request/issues/3142
#15 149.2 
#15 149.2 added 313 packages, and audited 314 packages in 12s
#15 149.2 
#15 149.2 22 packages are looking for funding
#15 149.2   run `npm fund` for details
#15 149.2 
#15 149.2 19 vulnerabilities (12 moderate, 5 high, 2 critical)
#15 149.2 
#15 149.2 To address all issues possible (including breaking changes), run:
#15 149.2   npm audit fix --force
#15 149.2 
#15 149.2 Some issues need review, and may require choosing
#15 149.2 a different dependency.
#15 149.2 
#15 149.2 Run `npm audit` for details.
#15 149.2 [install-peregrine 2026-08-13T17:13:23Z] Uploading package 'base.ui.apps-1.0-SNAPSHOT.zip'...
#15 149.8 1. Testing Composum Package Manager on http://localhost:8080
#15 149.8 Checking Composum Package Manager.
#15 149.8 Service call:  http://localhost:8080/bin/cpm/package.json
#15 149.8 Uploading package /app/binaries/base.ui.apps-1.0-SNAPSHOT.zip on http://localhost:8080
#15 149.8 0. Service call:  http://localhost:8080/bin/cpm/package.upload.json
#15 149.8 {"uri":{"protocol":"http:","slashes":true,"auth":null,"host":"localhost:8080","port":"8080","hostname":"localhost","hash":null,"search":null,"query":null,"pathname":"/bin/cpm/package.upload.json","path":"/bin/cpm/package.upload.json","href":"http://localhost:8080/bin/cpm/package.upload.json"},"method":"POST","headers":{"host":"localhost:8080","authorization":"Basic YWRtaW46YWRtaW4="}}
#15 149.8 Response: 200 : OK
#15 149.8 successful
#15 149.8 {"operation":"upload","status":"successful","path":"/com.peregrine-cms/base.ui.apps-1.0-SNAPSHOT.zip","package":{"definition":{"group":"com.peregrine-cms","name":"base.ui.apps","version":"1.0-SNAPSHOT","jcr:description":"JCR Package for the Peregrine CMS Platform including\n        the Platform Core bundle.","includeVersions":false},"packageid":{"name":"base.ui.apps","group":"com.peregrine-cms","version":"1.0-SNAPSHOT"}}}
#15 149.8 [install-peregrine 2026-08-13T17:13:23Z] Installing 'base.ui.apps-1.0-SNAPSHOT.zip' (attempt 1 of 3)...
#15 150.2 [install-peregrine 2026-08-13T17:13:24Z] Installer response for 'base.ui.apps-1.0-SNAPSHOT.zip' (HTTP 200): {"operation":"installation","status":"done","path":"/com.peregrine-cms/base.ui.apps-1.0-SNAPSHOT.zip","package":{"definition":{"group":"com.peregrine-cms","name":"base.ui.apps","version":"1.0-SNAPSHOT","jcr:description":"JCR Package for the Peregrine CMS Platform including\n        the Platform Core bundle.","lastUnpacked":"2026-08-13 17:13:24","includeVersions":false},"packageid":{"name":"base.ui.apps","group":"com.peregrine-cms","version":"1.0-SNAPSHOT"}}}
#15 150.2 [install-peregrine 2026-08-13T17:13:24Z] OK: 'base.ui.apps-1.0-SNAPSHOT.zip' installed, lastUnpacked=2026-08-13 17:13:24
#15 150.2 [install-peregrine 2026-08-13T17:13:24Z] Uploading package 'felib.ui.apps-1.0-SNAPSHOT.zip'...
#15 150.5 1. Testing Composum Package Manager on http://localhost:8080
#15 150.5 Checking Composum Package Manager.
#15 150.5 Service call:  http://localhost:8080/bin/cpm/package.json
#15 150.5 Uploading package /app/binaries/felib.ui.apps-1.0-SNAPSHOT.zip on http://localhost:8080
#15 150.5 0. Service call:  http://localhost:8080/bin/cpm/package.upload.json
#15 150.5 {"uri":{"protocol":"http:","slashes":true,"auth":null,"host":"localhost:8080","port":"8080","hostname":"localhost","hash":null,"search":null,"query":null,"pathname":"/bin/cpm/package.upload.json","path":"/bin/cpm/package.upload.json","href":"http://localhost:8080/bin/cpm/package.upload.json"},"method":"POST","headers":{"host":"localhost:8080","authorization":"Basic YWRtaW46YWRtaW4="}}
#15 150.5 Response: 200 : OK
#15 150.5 successful
#15 150.5 {"operation":"upload","status":"successful","path":"/com.peregrine-cms/felib.ui.apps-1.0-SNAPSHOT.zip","package":{"definition":{"group":"com.peregrine-cms","name":"felib.ui.apps","version":"1.0-SNAPSHOT","jcr:description":"JCR Package for the Peregrine CMS Felib module.","includeVersions":false},"packageid":{"name":"felib.ui.apps","group":"com.peregrine-cms","version":"1.0-SNAPSHOT"}}}
#15 150.5 [install-peregrine 2026-08-13T17:13:24Z] Installing 'felib.ui.apps-1.0-SNAPSHOT.zip' (attempt 1 of 3)...
#15 150.7 [install-peregrine 2026-08-13T17:13:24Z] Installer response for 'felib.ui.apps-1.0-SNAPSHOT.zip' (HTTP 200): {"operation":"installation","status":"done","path":"/com.peregrine-cms/felib.ui.apps-1.0-SNAPSHOT.zip","package":{"definition":{"group":"com.peregrine-cms","name":"felib.ui.apps","version":"1.0-SNAPSHOT","jcr:description":"JCR Package for the Peregrine CMS Felib module.","lastUnpacked":"2026-08-13 17:13:24","includeVersions":false},"packageid":{"name":"felib.ui.apps","group":"com.peregrine-cms","version":"1.0-SNAPSHOT"}}}
#15 150.7 [install-peregrine 2026-08-13T17:13:24Z] OK: 'felib.ui.apps-1.0-SNAPSHOT.zip' installed, lastUnpacked=2026-08-13 17:13:24
#15 150.7 [install-peregrine 2026-08-13T17:13:24Z] Uploading package 'pagerender-vue.ui.apps-1.0-SNAPSHOT.zip'...
#15 151.1 1. Testing Composum Package Manager on http://localhost:8080
#15 151.1 Checking Composum Package Manager.
#15 151.1 Service call:  http://localhost:8080/bin/cpm/package.json
#15 151.1 Uploading package /app/binaries/pagerender-vue.ui.apps-1.0-SNAPSHOT.zip on http://localhost:8080
#15 151.1 0. Service call:  http://localhost:8080/bin/cpm/package.upload.json
#15 151.1 {"uri":{"protocol":"http:","slashes":true,"auth":null,"host":"localhost:8080","port":"8080","hostname":"localhost","hash":null,"search":null,"query":null,"pathname":"/bin/cpm/package.upload.json","path":"/bin/cpm/package.upload.json","href":"http://localhost:8080/bin/cpm/package.upload.json"},"method":"POST","headers":{"host":"localhost:8080","authorization":"Basic YWRtaW46YWRtaW4="}}
#15 151.1 Response: 200 : OK
#15 151.1 successful
#15 151.1 {"operation":"upload","status":"successful","path":"/com.peregrine-cms/pagerender-vue.ui.apps-1.0-SNAPSHOT.zip","package":{"definition":{"group":"com.peregrine-cms","name":"pagerender-vue.ui.apps","version":"1.0-SNAPSHOT","jcr:description":"JCR Package containing Page Render Vue JS content\n        and it service bundle.","includeVersions":false},"packageid":{"name":"pagerender-vue.ui.apps","group":"com.peregrine-cms","version":"1.0-SNAPSHOT"}}}
#15 151.1 [install-peregrine 2026-08-13T17:13:25Z] Installing 'pagerender-vue.ui.apps-1.0-SNAPSHOT.zip' (attempt 1 of 3)...
#15 151.2 [install-peregrine 2026-08-13T17:13:25Z] Installer response for 'pagerender-vue.ui.apps-1.0-SNAPSHOT.zip' (HTTP 200): {"operation":"installation","status":"done","path":"/com.peregrine-cms/pagerender-vue.ui.apps-1.0-SNAPSHOT.zip","package":{"definition":{"group":"com.peregrine-cms","name":"pagerender-vue.ui.apps","version":"1.0-SNAPSHOT","jcr:description":"JCR Package containing Page Render Vue JS content\n        and it service bundle.","includeVersions":false},"packageid":{"name":"pagerender-vue.ui.apps","group":"com.peregrine-cms","version":"1.0-SNAPSHOT"}}}
#15 151.2 [install-peregrine 2026-08-13T17:13:25Z] ERROR: install of 'pagerender-vue.ui.apps-1.0-SNAPSHOT.zip' did not complete successfully
#15 151.2 [install-peregrine 2026-08-13T17:13:25Z] Recent errors from the Sling log:
#15 151.2 13.08.2026 17:13:25.263 *ERROR* [pool-19-thread-1] org.apache.jackrabbit.vault.fs.io.Importer E /apps/pagerendervue/structure/page/template.vue (java.lang.IllegalStateException: Parent node not found.)
#15 151.2 13.08.2026 17:13:25.263 *ERROR* [pool-19-thread-1] org.apache.jackrabbit.vault.fs.io.Importer E /apps/pagerendervue/structure/page/tracker-bodyend.html (java.lang.IllegalStateException: Parent node not found.)
#15 151.2 13.08.2026 17:13:25.263 *ERROR* [pool-19-thread-1] org.apache.jackrabbit.vault.fs.io.Importer E /apps/pagerendervue/structure/page/tracker-bodystart.html (java.lang.IllegalStateException: Parent node not found.)
#15 151.2 13.08.2026 17:13:25.263 *ERROR* [pool-19-thread-1] org.apache.jackrabbit.vault.fs.io.Importer E /apps/pagerendervue/structure/page/tracker-head.html (java.lang.IllegalStateException: Parent node not found.)
#15 151.2 13.08.2026 17:13:25.263 *ERROR* [pool-19-thread-1] org.apache.jackrabbit.vault.fs.io.Importer E /apps/pagerendervue/structure/page/dialog.json (java.lang.IllegalStateException: Parent node not found.)
#15 151.2 13.08.2026 17:13:25.263 *ERROR* [pool-19-thread-1] org.apache.jackrabbit.vault.fs.io.Importer E /apps/pagerendervue/structure/page/explorer_dialog.json (java.lang.IllegalStateException: Parent node not found.)
#15 151.2 13.08.2026 17:13:25.263 *ERROR* [pool-19-thread-1] org.apache.jackrabbit.vault.fs.io.Importer E /apps/pagerendervue/structure/page/Helper.java (java.lang.IllegalStateException: Parent node not found.)
#15 151.2 13.08.2026 17:13:25.263 *ERROR* [pool-19-thread-1] org.apache.jackrabbit.vault.fs.io.Importer E /apps/pagerendervue/structure/page/iconsprites.html (java.lang.IllegalStateException: Parent node not found.)
#15 151.2 13.08.2026 17:13:25.265 *ERROR* [pool-19-thread-1] org.apache.jackrabbit.vault.packaging.impl.ZipVaultPackage Error during install.
#15 151.2 13.08.2026 17:13:25.266 *ERROR* [sling-threadpool-5a405fff-95f4-4acf-bec3-bf663a94f27b-(apache-sling-job-thread-pool)-3-<main queue>(com/composum/sling/core/pckgmgr/PackageJobExecutor)] com.composum.sling.core.concurrent.AbstractJobExecutor Error executing job:/com.peregrine-cms/pagerender-vue.ui.apps-1.0-SNAPSHOT.zip
#15 151.2 [install-peregrine 2026-08-13T17:13:25Z] Waiting 10s before retrying 'pagerender-vue.ui.apps-1.0-SNAPSHOT.zip'...
#15 161.2 [install-peregrine 2026-08-13T17:13:35Z] Installing 'pagerender-vue.ui.apps-1.0-SNAPSHOT.zip' (attempt 2 of 3)...
#15 164.8 [install-peregrine 2026-08-13T17:13:38Z] Installer response for 'pagerender-vue.ui.apps-1.0-SNAPSHOT.zip' (HTTP 200): {"operation":"installation","status":"done","path":"/com.peregrine-cms/pagerender-vue.ui.apps-1.0-SNAPSHOT.zip","package":{"definition":{"group":"com.peregrine-cms","name":"pagerender-vue.ui.apps","version":"1.0-SNAPSHOT","jcr:description":"JCR Package containing Page Render Vue JS content\n        and it service bundle.","lastUnpacked":"2026-08-13 17:13:38","includeVersions":false},"packageid":{"name":"pagerender-vue.ui.apps","group":"com.peregrine-cms","version":"1.0-SNAPSHOT"}}}
#15 164.8 [install-peregrine 2026-08-13T17:13:38Z] OK: 'pagerender-vue.ui.apps-1.0-SNAPSHOT.zip' installed, lastUnpacked=2026-08-13 17:13:38
#15 164.8 [install-peregrine 2026-08-13T17:13:38Z] Uploading package 'pagerender-server.ui.apps-1.0-SNAPSHOT.zip'...
#15 165.1 1. Testing Composum Package Manager on http://localhost:8080
#15 165.1 Checking Composum Package Manager.
#15 165.1 Service call:  http://localhost:8080/bin/cpm/package.json
#15 165.1 Uploading package /app/binaries/pagerender-server.ui.apps-1.0-SNAPSHOT.zip on http://localhost:8080
#15 165.1 0. Service call:  http://localhost:8080/bin/cpm/package.upload.json
#15 165.1 {"uri":{"protocol":"http:","slashes":true,"auth":null,"host":"localhost:8080","port":"8080","hostname":"localhost","hash":null,"search":null,"query":null,"pathname":"/bin/cpm/package.upload.json","path":"/bin/cpm/package.upload.json","href":"http://localhost:8080/bin/cpm/package.upload.json"},"method":"POST","headers":{"host":"localhost:8080","authorization":"Basic YWRtaW46YWRtaW4="}}
#15 165.1 Response: 200 : OK
#15 165.1 successful
#15 165.1 {"operation":"upload","status":"successful","path":"/com.peregrine-cms/pagerender-server.ui.apps-1.0-SNAPSHOT.zip","package":{"definition":{"group":"com.peregrine-cms","name":"pagerender-server.ui.apps","version":"1.0-SNAPSHOT","jcr:description":"JCR Package containing Page Render Server content\n        and it service bundle.","includeVersions":false},"packageid":{"name":"pagerender-server.ui.apps","group":"com.peregrine-cms","version":"1.0-SNAPSHOT"}}}
#15 165.1 [install-peregrine 2026-08-13T17:13:39Z] Installing 'pagerender-server.ui.apps-1.0-SNAPSHOT.zip' (attempt 1 of 3)...
#15 165.2 [install-peregrine 2026-08-13T17:13:39Z] Installer response for 'pagerender-server.ui.apps-1.0-SNAPSHOT.zip' (HTTP 200): {"operation":"installation","status":"done","path":"/com.peregrine-cms/pagerender-server.ui.apps-1.0-SNAPSHOT.zip","package":{"definition":{"group":"com.peregrine-cms","name":"pagerender-server.ui.apps","version":"1.0-SNAPSHOT","jcr:description":"JCR Package containing Page Render Server content\n        and it service bundle.","lastUnpacked":"2026-08-13 17:13:39","includeVersions":false},"packageid":{"name":"pagerender-server.ui.apps","group":"com.peregrine-cms","version":"1.0-SNAPSHOT"}}}
#15 165.2 [install-peregrine 2026-08-13T17:13:39Z] OK: 'pagerender-server.ui.apps-1.0-SNAPSHOT.zip' installed, lastUnpacked=2026-08-13 17:13:39
#15 165.2 [install-peregrine 2026-08-13T17:13:39Z] Uploading package 'admin.ui.apps-1.0-SNAPSHOT.zip'...
#15 165.9 1. Testing Composum Package Manager on http://localhost:8080
#15 165.9 Checking Composum Package Manager.
#15 165.9 Service call:  http://localhost:8080/bin/cpm/package.json
#15 165.9 Uploading package /app/binaries/admin.ui.apps-1.0-SNAPSHOT.zip on http://localhost:8080
#15 165.9 0. Service call:  http://localhost:8080/bin/cpm/package.upload.json
#15 165.9 {"uri":{"protocol":"http:","slashes":true,"auth":null,"host":"localhost:8080","port":"8080","hostname":"localhost","hash":null,"search":null,"query":null,"pathname":"/bin/cpm/package.upload.json","path":"/bin/cpm/package.upload.json","href":"http://localhost:8080/bin/cpm/package.upload.json"},"method":"POST","headers":{"host":"localhost:8080","authorization":"Basic YWRtaW46YWRtaW4="}}
#15 165.9 Response: 200 : OK
#15 165.9 successful
#15 165.9 {"operation":"upload","status":"successful","path":"/com.peregrine-cms/admin.ui.apps-1.0-SNAPSHOT.zip","package":{"definition":{"group":"com.peregrine-cms","name":"admin.ui.apps","version":"1.0-SNAPSHOT","jcr:description":"This JCR Package provides the Admin UI for Peregrine CMS\n        but also installs the Admin Bundle.","includeVersions":false},"packageid":{"name":"admin.ui.apps","group":"com.peregrine-cms","version":"1.0-SNAPSHOT"}}}
#15 165.9 [install-peregrine 2026-08-13T17:13:39Z] Installing 'admin.ui.apps-1.0-SNAPSHOT.zip' (attempt 1 of 3)...
#15 166.9 [install-peregrine 2026-08-13T17:13:41Z] Installer response for 'admin.ui.apps-1.0-SNAPSHOT.zip' (HTTP 200): {"operation":"installation","status":"done","path":"/com.peregrine-cms/admin.ui.apps-1.0-SNAPSHOT.zip","package":{"definition":{"group":"com.peregrine-cms","name":"admin.ui.apps","version":"1.0-SNAPSHOT","jcr:description":"This JCR Package provides the Admin UI for Peregrine CMS\n        but also installs the Admin Bundle.","lastUnpacked":"2026-08-13 17:13:40","includeVersions":false},"packageid":{"name":"admin.ui.apps","group":"com.peregrine-cms","version":"1.0-SNAPSHOT"}}}
#15 167.0 [install-peregrine 2026-08-13T17:13:41Z] OK: 'admin.ui.apps-1.0-SNAPSHOT.zip' installed, lastUnpacked=2026-08-13 17:13:40
#15 167.0 [install-peregrine 2026-08-13T17:13:41Z] Uploading package 'admin.ui.materialize-1.0-SNAPSHOT.zip'...
#15 167.2 1. Testing Composum Package Manager on http://localhost:8080
#15 167.2 Checking Composum Package Manager.
#15 167.2 Service call:  http://localhost:8080/bin/cpm/package.json
#15 167.2 Uploading package /app/binaries/admin.ui.materialize-1.0-SNAPSHOT.zip on http://localhost:8080
#15 167.2 0. Service call:  http://localhost:8080/bin/cpm/package.upload.json
#15 167.2 {"uri":{"protocol":"http:","slashes":true,"auth":null,"host":"localhost:8080","port":"8080","hostname":"localhost","hash":null,"search":null,"query":null,"pathname":"/bin/cpm/package.upload.json","path":"/bin/cpm/package.upload.json","href":"http://localhost:8080/bin/cpm/package.upload.json"},"method":"POST","headers":{"host":"localhost:8080","authorization":"Basic YWRtaW46YWRtaW4="}}
#15 167.2 Response: 200 : OK
#15 167.2 successful
#15 167.2 {"operation":"upload","status":"successful","path":"/com.peregrine-cms/admin.ui.materialize-1.0-SNAPSHOT.zip","package":{"definition":{"group":"com.peregrine-cms","name":"admin.ui.materialize","version":"1.0-SNAPSHOT","jcr:description":"JCR Package for Peregrine CMS providing support for Materialize.","includeVersions":false},"packageid":{"name":"admin.ui.materialize","group":"com.peregrine-cms","version":"1.0-SNAPSHOT"}}}
#15 167.3 [install-peregrine 2026-08-13T17:13:41Z] Installing 'admin.ui.materialize-1.0-SNAPSHOT.zip' (attempt 1 of 3)...
#15 167.6 [install-peregrine 2026-08-13T17:13:41Z] Installer response for 'admin.ui.materialize-1.0-SNAPSHOT.zip' (HTTP 200): {"operation":"installation","status":"done","path":"/com.peregrine-cms/admin.ui.materialize-1.0-SNAPSHOT.zip","package":{"definition":{"group":"com.peregrine-cms","name":"admin.ui.materialize","version":"1.0-SNAPSHOT","jcr:description":"JCR Package for Peregrine CMS providing support for Materialize.","lastUnpacked":"2026-08-13 17:13:41","includeVersions":false},"packageid":{"name":"admin.ui.materialize","group":"com.peregrine-cms","version":"1.0-SNAPSHOT"}}}
#15 167.6 [install-peregrine 2026-08-13T17:13:41Z] OK: 'admin.ui.materialize-1.0-SNAPSHOT.zip' installed, lastUnpacked=2026-08-13 17:13:41
#15 167.6 [install-peregrine 2026-08-13T17:13:41Z] Uploading package 'admin.sling.ui.apps-1.0-SNAPSHOT.zip'...
#15 167.9 1. Testing Composum Package Manager on http://localhost:8080
#15 167.9 Checking Composum Package Manager.
#15 167.9 Service call:  http://localhost:8080/bin/cpm/package.json
#15 167.9 Uploading package /app/binaries/admin.sling.ui.apps-1.0-SNAPSHOT.zip on http://localhost:8080
#15 167.9 0. Service call:  http://localhost:8080/bin/cpm/package.upload.json
#15 167.9 {"uri":{"protocol":"http:","slashes":true,"auth":null,"host":"localhost:8080","port":"8080","hostname":"localhost","hash":null,"search":null,"query":null,"pathname":"/bin/cpm/package.upload.json","path":"/bin/cpm/package.upload.json","href":"http://localhost:8080/bin/cpm/package.upload.json"},"method":"POST","headers":{"host":"localhost:8080","authorization":"Basic YWRtaW46YWRtaW4="}}
#15 167.9 Response: 200 : OK
#15 167.9 successful
#15 167.9 {"operation":"upload","status":"successful","path":"/com.peregrine-cms/admin.sling.ui.apps-1.0-SNAPSHOT.zip","package":{"definition":{"group":"com.peregrine-cms","name":"admin.sling.ui.apps","version":"1.0-SNAPSHOT","jcr:description":"This JCR Package provides UI files for Admin on Sling.","includeVersions":false},"packageid":{"name":"admin.sling.ui.apps","group":"com.peregrine-cms","version":"1.0-SNAPSHOT"}}}
#15 167.9 [install-peregrine 2026-08-13T17:13:41Z] Installing 'admin.sling.ui.apps-1.0-SNAPSHOT.zip' (attempt 1 of 3)...
#15 168.0 [install-peregrine 2026-08-13T17:13:42Z] Installer response for 'admin.sling.ui.apps-1.0-SNAPSHOT.zip' (HTTP 200): {"operation":"installation","status":"done","path":"/com.peregrine-cms/admin.sling.ui.apps-1.0-SNAPSHOT.zip","package":{"definition":{"group":"com.peregrine-cms","name":"admin.sling.ui.apps","version":"1.0-SNAPSHOT","jcr:description":"This JCR Package provides UI files for Admin on Sling.","lastUnpacked":"2026-08-13 17:13:42","includeVersions":false},"packageid":{"name":"admin.sling.ui.apps","group":"com.peregrine-cms","version":"1.0-SNAPSHOT"}}}
#15 168.0 [install-peregrine 2026-08-13T17:13:42Z] OK: 'admin.sling.ui.apps-1.0-SNAPSHOT.zip' installed, lastUnpacked=2026-08-13 17:13:42
#15 168.0 [install-peregrine 2026-08-13T17:13:42Z] Uploading package 'example-vue.ui.apps-1.0-SNAPSHOT.zip'...
#15 168.3 1. Testing Composum Package Manager on http://localhost:8080
#15 168.3 Checking Composum Package Manager.
#15 168.3 Service call:  http://localhost:8080/bin/cpm/package.json
#15 168.3 Uploading package /app/binaries/example-vue.ui.apps-1.0-SNAPSHOT.zip on http://localhost:8080
#15 168.3 0. Service call:  http://localhost:8080/bin/cpm/package.upload.json
#15 168.3 {"uri":{"protocol":"http:","slashes":true,"auth":null,"host":"localhost:8080","port":"8080","hostname":"localhost","hash":null,"search":null,"query":null,"pathname":"/bin/cpm/package.upload.json","path":"/bin/cpm/package.upload.json","href":"http://localhost:8080/bin/cpm/package.upload.json"},"method":"POST","headers":{"host":"localhost:8080","authorization":"Basic YWRtaW46YWRtaW4="}}
#15 168.3 Response: 200 : OK
#15 168.3 successful
#15 168.3 {"operation":"upload","status":"successful","path":"/com.peregrine-cms.example/example-vue.ui.apps-1.0-SNAPSHOT.zip","package":{"definition":{"group":"com.peregrine-cms.example","name":"example-vue.ui.apps","version":"1.0-SNAPSHOT","jcr:description":"JCR Package for the Peregrine CMS example site","includeVersions":false},"packageid":{"name":"example-vue.ui.apps","group":"com.peregrine-cms.example","version":"1.0-SNAPSHOT"}}}
#15 168.3 [install-peregrine 2026-08-13T17:13:42Z] Installing 'example-vue.ui.apps-1.0-SNAPSHOT.zip' (attempt 1 of 3)...
#15 168.6 [install-peregrine 2026-08-13T17:13:42Z] Installer response for 'example-vue.ui.apps-1.0-SNAPSHOT.zip' (HTTP 200): {"operation":"installation","status":"done","path":"/com.peregrine-cms.example/example-vue.ui.apps-1.0-SNAPSHOT.zip","package":{"definition":{"group":"com.peregrine-cms.example","name":"example-vue.ui.apps","version":"1.0-SNAPSHOT","jcr:description":"JCR Package for the Peregrine CMS example site","lastUnpacked":"2026-08-13 17:13:42","includeVersions":false},"packageid":{"name":"example-vue.ui.apps","group":"com.peregrine-cms.example","version":"1.0-SNAPSHOT"}}}
#15 168.7 [install-peregrine 2026-08-13T17:13:42Z] OK: 'example-vue.ui.apps-1.0-SNAPSHOT.zip' installed, lastUnpacked=2026-08-13 17:13:42
#15 168.7 [install-peregrine 2026-08-13T17:13:42Z] Uploading package 'themeclean-ui.apps-1.0-SNAPSHOT.zip'...
#15 169.2 1. Testing Composum Package Manager on http://localhost:8080
#15 169.2 Checking Composum Package Manager.
#15 169.2 Service call:  http://localhost:8080/bin/cpm/package.json
#15 169.2 Uploading package /app/binaries/themeclean-ui.apps-1.0-SNAPSHOT.zip on http://localhost:8080
#15 169.2 0. Service call:  http://localhost:8080/bin/cpm/package.upload.json
#15 169.2 {"uri":{"protocol":"http:","slashes":true,"auth":null,"host":"localhost:8080","port":"8080","hostname":"localhost","hash":null,"search":null,"query":null,"pathname":"/bin/cpm/package.upload.json","path":"/bin/cpm/package.upload.json","href":"http://localhost:8080/bin/cpm/package.upload.json"},"method":"POST","headers":{"host":"localhost:8080","authorization":"Basic YWRtaW46YWRtaW4="}}
#15 169.2 Response: 200 : OK
#15 169.2 successful
#15 169.2 {"operation":"upload","status":"successful","path":"/themeclean/themeclean-ui.apps-1.0-SNAPSHOT.zip","package":{"definition":{"group":"themeclean","name":"themeclean-ui.apps","version":"1.0-SNAPSHOT","jcr:description":"This is an empty JCR Package where the JCR Content\n        can be deployed with.\n\n        This module is deployed with the\n        Profile \"autoInstallPackage\" which deploys both\n        this JCR Package as well as the core \"OSGi Bundle\".\n        If you add more modules to your project then you need\n        to add them to that profile and include here\n        as dependencies.","includeVersions":false},"packageid":{"name":"themeclean-ui.apps","group":"themeclean","version":"1.0-SNAPSHOT"}}}
#15 169.2 [install-peregrine 2026-08-13T17:13:43Z] Installing 'themeclean-ui.apps-1.0-SNAPSHOT.zip' (attempt 1 of 3)...
#15 170.2 [install-peregrine 2026-08-13T17:13:44Z] Installer response for 'themeclean-ui.apps-1.0-SNAPSHOT.zip' (HTTP 200): {"operation":"installation","status":"done","path":"/themeclean/themeclean-ui.apps-1.0-SNAPSHOT.zip","package":{"definition":{"group":"themeclean","name":"themeclean-ui.apps","version":"1.0-SNAPSHOT","jcr:description":"This is an empty JCR Package where the JCR Content\n        can be deployed with.\n\n        This module is deployed with the\n        Profile \"autoInstallPackage\" which deploys both\n        this JCR Package as well as the core \"OSGi Bundle\".\n        If you add more modules to your project then you need\n        to add them to that profile and include here\n        as dependencies.","lastUnpacked":"2026-08-13 17:13:44","includeVersions":false},"packageid":{"name":"themeclean-ui.apps","group":"themeclean","version":"1.0-SNAPSHOT"}}}
#15 170.2 [install-peregrine 2026-08-13T17:13:44Z] OK: 'themeclean-ui.apps-1.0-SNAPSHOT.zip' installed, lastUnpacked=2026-08-13 17:13:44
#15 170.2 [install-peregrine 2026-08-13T17:13:44Z] Uploading package 'themecleanflex.ui.apps-1.0-SNAPSHOT.zip'...
#15 170.7 1. Testing Composum Package Manager on http://localhost:8080
#15 170.7 Checking Composum Package Manager.
#15 170.7 Service call:  http://localhost:8080/bin/cpm/package.json
#15 170.7 Uploading package /app/binaries/themecleanflex.ui.apps-1.0-SNAPSHOT.zip on http://localhost:8080
#15 170.7 0. Service call:  http://localhost:8080/bin/cpm/package.upload.json
#15 170.7 {"uri":{"protocol":"http:","slashes":true,"auth":null,"host":"localhost:8080","port":"8080","hostname":"localhost","hash":null,"search":null,"query":null,"pathname":"/bin/cpm/package.upload.json","path":"/bin/cpm/package.upload.json","href":"http://localhost:8080/bin/cpm/package.upload.json"},"method":"POST","headers":{"host":"localhost:8080","authorization":"Basic YWRtaW46YWRtaW4="}}
#15 170.7 Response: 200 : OK
#15 170.7 successful
#15 170.7 {"operation":"upload","status":"successful","path":"/themeclean-flex/themecleanflex.ui.apps-1.0-SNAPSHOT.zip","package":{"definition":{"group":"themeclean-flex","name":"themecleanflex.ui.apps","version":"1.0-SNAPSHOT","jcr:description":"This is an empty JCR Package where the JCR Content\n        can be deployed with.\n\n        This module is deployed with the\n        Profile \"autoInstallPackage\" which deploys both\n        this JCR Package as well as the core \"OSGi Bundle\".\n        If you add more modules to your project then you need\n        to add them to that profile and include here\n        as dependencies.","includeVersions":false},"packageid":{"name":"themecleanflex.ui.apps","group":"themeclean-flex","version":"1.0-SNAPSHOT"}}}
#15 170.7 [install-peregrine 2026-08-13T17:13:44Z] Installing 'themecleanflex.ui.apps-1.0-SNAPSHOT.zip' (attempt 1 of 3)...
#15 173.9 [install-peregrine 2026-08-13T17:13:47Z] Installer response for 'themecleanflex.ui.apps-1.0-SNAPSHOT.zip' (HTTP 200): {"operation":"installation","status":"done","path":"/themeclean-flex/themecleanflex.ui.apps-1.0-SNAPSHOT.zip","package":{"definition":{"group":"themeclean-flex","name":"themecleanflex.ui.apps","version":"1.0-SNAPSHOT","jcr:description":"This is an empty JCR Package where the JCR Content\n        can be deployed with.\n\n        This module is deployed with the\n        Profile \"autoInstallPackage\" which deploys both\n        this JCR Package as well as the core \"OSGi Bundle\".\n        If you add more modules to your project then you need\n        to add them to that profile and include here\n        as dependencies.","lastUnpacked":"2026-08-13 17:13:47","includeVersions":false},"packageid":{"name":"themecleanflex.ui.apps","group":"themeclean-flex","version":"1.0-SNAPSHOT"}}}
#15 173.9 [install-peregrine 2026-08-13T17:13:47Z] OK: 'themecleanflex.ui.apps-1.0-SNAPSHOT.zip' installed, lastUnpacked=2026-08-13 17:13:47
#15 173.9 [install-peregrine 2026-08-13T17:13:47Z] Uploading package 'pagerender-vue3.ui.apps-1.0-SNAPSHOT.zip'...
#15 174.2 1. Testing Composum Package Manager on http://localhost:8080
#15 174.2 Checking Composum Package Manager.
#15 174.2 Service call:  http://localhost:8080/bin/cpm/package.json
#15 174.2 Uploading package /app/binaries/pagerender-vue3.ui.apps-1.0-SNAPSHOT.zip on http://localhost:8080
#15 174.2 0. Service call:  http://localhost:8080/bin/cpm/package.upload.json
#15 174.2 {"uri":{"protocol":"http:","slashes":true,"auth":null,"host":"localhost:8080","port":"8080","hostname":"localhost","hash":null,"search":null,"query":null,"pathname":"/bin/cpm/package.upload.json","path":"/bin/cpm/package.upload.json","href":"http://localhost:8080/bin/cpm/package.upload.json"},"method":"POST","headers":{"host":"localhost:8080","authorization":"Basic YWRtaW46YWRtaW4="}}
#15 174.2 Response: 200 : OK
#15 174.2 successful
#15 174.2 {"operation":"upload","status":"successful","path":"/com.peregrine-cms/pagerender-vue3.ui.apps-1.0-SNAPSHOT.zip","package":{"definition":{"group":"com.peregrine-cms","name":"pagerender-vue3.ui.apps","version":"1.0-SNAPSHOT","jcr:description":"JCR content package for Vue 3 Page Renderer","includeVersions":false},"packageid":{"name":"pagerender-vue3.ui.apps","group":"com.peregrine-cms","version":"1.0-SNAPSHOT"}}}
#15 174.2 [install-peregrine 2026-08-13T17:13:48Z] Installing 'pagerender-vue3.ui.apps-1.0-SNAPSHOT.zip' (attempt 1 of 3)...
#15 174.3 [install-peregrine 2026-08-13T17:13:48Z] Installer response for 'pagerender-vue3.ui.apps-1.0-SNAPSHOT.zip' (HTTP 200): {"operation":"installation","status":"done","path":"/com.peregrine-cms/pagerender-vue3.ui.apps-1.0-SNAPSHOT.zip","package":{"definition":{"group":"com.peregrine-cms","name":"pagerender-vue3.ui.apps","version":"1.0-SNAPSHOT","jcr:description":"JCR content package for Vue 3 Page Renderer","lastUnpacked":"2026-08-13 17:13:48","includeVersions":false},"packageid":{"name":"pagerender-vue3.ui.apps","group":"com.peregrine-cms","version":"1.0-SNAPSHOT"}}}
#15 174.3 [install-peregrine 2026-08-13T17:13:48Z] OK: 'pagerender-vue3.ui.apps-1.0-SNAPSHOT.zip' installed, lastUnpacked=2026-08-13 17:13:48
#15 174.3 [install-peregrine 2026-08-13T17:13:48Z] Uploading package 'bayviewthemevue3-ui.apps-1.0-SNAPSHOT.zip'...
#15 174.7 1. Testing Composum Package Manager on http://localhost:8080
#15 174.7 Checking Composum Package Manager.
#15 174.7 Service call:  http://localhost:8080/bin/cpm/package.json
#15 174.7 Uploading package /app/binaries/bayviewthemevue3-ui.apps-1.0-SNAPSHOT.zip on http://localhost:8080
#15 174.7 0. Service call:  http://localhost:8080/bin/cpm/package.upload.json
#15 174.7 {"uri":{"protocol":"http:","slashes":true,"auth":null,"host":"localhost:8080","port":"8080","hostname":"localhost","hash":null,"search":null,"query":null,"pathname":"/bin/cpm/package.upload.json","path":"/bin/cpm/package.upload.json","href":"http://localhost:8080/bin/cpm/package.upload.json"},"method":"POST","headers":{"host":"localhost:8080","authorization":"Basic YWRtaW46YWRtaW4="}}
#15 174.7 Response: 200 : OK
#15 174.7 successful
#15 174.7 {"operation":"upload","status":"successful","path":"/bayviewthemevue3/bayviewthemevue3-ui.apps-1.0-SNAPSHOT.zip","package":{"definition":{"group":"bayviewthemevue3","name":"bayviewthemevue3-ui.apps","version":"1.0-SNAPSHOT","jcr:description":"JCR content package for Bayview Theme (components, templates, felibs)","includeVersions":false},"packageid":{"name":"bayviewthemevue3-ui.apps","group":"bayviewthemevue3","version":"1.0-SNAPSHOT"}}}
#15 174.7 [install-peregrine 2026-08-13T17:13:48Z] Installing 'bayviewthemevue3-ui.apps-1.0-SNAPSHOT.zip' (attempt 1 of 3)...
#15 174.9 [install-peregrine 2026-08-13T17:13:48Z] Installer response for 'bayviewthemevue3-ui.apps-1.0-SNAPSHOT.zip' (HTTP 200): {"operation":"installation","status":"done","path":"/bayviewthemevue3/bayviewthemevue3-ui.apps-1.0-SNAPSHOT.zip","package":{"definition":{"group":"bayviewthemevue3","name":"bayviewthemevue3-ui.apps","version":"1.0-SNAPSHOT","jcr:description":"JCR content package for Bayview Theme (components, templates, felibs)","lastUnpacked":"2026-08-13 17:13:48","includeVersions":false},"packageid":{"name":"bayviewthemevue3-ui.apps","group":"bayviewthemevue3","version":"1.0-SNAPSHOT"}}}
#15 174.9 [install-peregrine 2026-08-13T17:13:49Z] OK: 'bayviewthemevue3-ui.apps-1.0-SNAPSHOT.zip' installed, lastUnpacked=2026-08-13 17:13:48
#15 174.9 [install-peregrine 2026-08-13T17:13:49Z] Uploading package 'pagerender-vanilla.ui.apps-1.0-SNAPSHOT.zip'...
#15 175.2 1. Testing Composum Package Manager on http://localhost:8080
#15 175.2 Checking Composum Package Manager.
#15 175.2 Service call:  http://localhost:8080/bin/cpm/package.json
#15 175.2 Uploading package /app/binaries/pagerender-vanilla.ui.apps-1.0-SNAPSHOT.zip on http://localhost:8080
#15 175.2 0. Service call:  http://localhost:8080/bin/cpm/package.upload.json
#15 175.2 {"uri":{"protocol":"http:","slashes":true,"auth":null,"host":"localhost:8080","port":"8080","hostname":"localhost","hash":null,"search":null,"query":null,"pathname":"/bin/cpm/package.upload.json","path":"/bin/cpm/package.upload.json","href":"http://localhost:8080/bin/cpm/package.upload.json"},"method":"POST","headers":{"host":"localhost:8080","authorization":"Basic YWRtaW46YWRtaW4="}}
#15 175.2 Response: 200 : OK
#15 175.2 successful
#15 175.2 {"operation":"upload","status":"successful","path":"/com.peregrine-cms/pagerender-vanilla.ui.apps-1.0-SNAPSHOT.zip","package":{"definition":{"group":"com.peregrine-cms","name":"pagerender-vanilla.ui.apps","version":"1.0-SNAPSHOT","jcr:description":"JCR content package for the Vanilla Page Renderer","includeVersions":false},"packageid":{"name":"pagerender-vanilla.ui.apps","group":"com.peregrine-cms","version":"1.0-SNAPSHOT"}}}
#15 175.2 [install-peregrine 2026-08-13T17:13:49Z] Installing 'pagerender-vanilla.ui.apps-1.0-SNAPSHOT.zip' (attempt 1 of 3)...
#15 175.3 [install-peregrine 2026-08-13T17:13:49Z] Installer response for 'pagerender-vanilla.ui.apps-1.0-SNAPSHOT.zip' (HTTP 200): {"operation":"installation","status":"done","path":"/com.peregrine-cms/pagerender-vanilla.ui.apps-1.0-SNAPSHOT.zip","package":{"definition":{"group":"com.peregrine-cms","name":"pagerender-vanilla.ui.apps","version":"1.0-SNAPSHOT","jcr:description":"JCR content package for the Vanilla Page Renderer","lastUnpacked":"2026-08-13 17:13:49","includeVersions":false},"packageid":{"name":"pagerender-vanilla.ui.apps","group":"com.peregrine-cms","version":"1.0-SNAPSHOT"}}}
#15 175.4 [install-peregrine 2026-08-13T17:13:49Z] OK: 'pagerender-vanilla.ui.apps-1.0-SNAPSHOT.zip' installed, lastUnpacked=2026-08-13 17:13:49
#15 175.4 [install-peregrine 2026-08-13T17:13:49Z] Uploading package 'adminv2.ui.apps-1.0-SNAPSHOT.zip'...
#15 175.7 1. Testing Composum Package Manager on http://localhost:8080
#15 175.7 Checking Composum Package Manager.
#15 175.7 Service call:  http://localhost:8080/bin/cpm/package.json
#15 175.7 Uploading package /app/binaries/adminv2.ui.apps-1.0-SNAPSHOT.zip on http://localhost:8080
#15 175.7 0. Service call:  http://localhost:8080/bin/cpm/package.upload.json
#15 175.7 {"uri":{"protocol":"http:","slashes":true,"auth":null,"host":"localhost:8080","port":"8080","hostname":"localhost","hash":null,"search":null,"query":null,"pathname":"/bin/cpm/package.upload.json","path":"/bin/cpm/package.upload.json","href":"http://localhost:8080/bin/cpm/package.upload.json"},"method":"POST","headers":{"host":"localhost:8080","authorization":"Basic YWRtaW46YWRtaW4="}}
#15 175.7 Response: 200 : OK
#15 175.7 successful
#15 175.7 {"operation":"upload","status":"successful","path":"/com.peregrine-cms/adminv2.ui.apps-1.0-SNAPSHOT.zip","package":{"definition":{"group":"com.peregrine-cms","name":"adminv2.ui.apps","version":"1.0-SNAPSHOT","jcr:description":"JCR content package for Peregrine Admin v2 (plain HTML/CSS/JS admin console)","includeVersions":false},"packageid":{"name":"adminv2.ui.apps","group":"com.peregrine-cms","version":"1.0-SNAPSHOT"}}}
#15 175.7 [install-peregrine 2026-08-13T17:13:49Z] Installing 'adminv2.ui.apps-1.0-SNAPSHOT.zip' (attempt 1 of 3)...
#15 175.8 [install-peregrine 2026-08-13T17:13:49Z] Installer response for 'adminv2.ui.apps-1.0-SNAPSHOT.zip' (HTTP 200): {"operation":"installation","status":"done","path":"/com.peregrine-cms/adminv2.ui.apps-1.0-SNAPSHOT.zip","package":{"definition":{"group":"com.peregrine-cms","name":"adminv2.ui.apps","version":"1.0-SNAPSHOT","jcr:description":"JCR content package for Peregrine Admin v2 (plain HTML/CSS/JS admin console)","lastUnpacked":"2026-08-13 17:13:49","includeVersions":false},"packageid":{"name":"adminv2.ui.apps","group":"com.peregrine-cms","version":"1.0-SNAPSHOT"}}}
#15 175.8 [install-peregrine 2026-08-13T17:13:49Z] OK: 'adminv2.ui.apps-1.0-SNAPSHOT.zip' installed, lastUnpacked=2026-08-13 17:13:49
#15 175.8 [install-peregrine 2026-08-13T17:13:49Z] All 14 packages installed and verified.
#15 175.8 [install-peregrine 2026-08-13T17:13:49Z] Stopping Sling (pid 12)...
#15 177.2 [INFO] Framework stopped
#15 177.8 [install-peregrine 2026-08-13T17:13:51Z] Sling stopped.
#15 DONE 178.0s

#16 [linux/amd64 stage-1 3/5] COPY --from=builder /app/scripts ./scripts
#16 CACHED

#17 [linux/arm64 stage-1 2/5] WORKDIR /app
#17 CACHED

#18 [linux/arm64 stage-1 3/5] COPY --from=builder /app/scripts ./scripts
#18 CACHED

#19 [linux/arm64 stage-1 4/5] COPY --from=builder /app/sling ./sling
#19 ...

#20 [linux/amd64 stage-1 4/5] COPY --from=builder /app/sling ./sling
#20 DONE 1.1s

#19 [linux/arm64 stage-1 4/5] COPY --from=builder /app/sling ./sling
#19 DONE 1.1s

#21 [linux/amd64 stage-1 5/5] RUN apt update -q     && apt install -q -y --no-install-recommends         jq         curl         libvips-tools     && apt clean -q -y     && apt autoremove --purge -q -y
#21 0.129 
#21 0.129 WARNING: apt does not have a stable CLI interface. Use with caution in scripts.
#21 0.129 
#21 0.269 Get:1 http://security.ubuntu.com/ubuntu jammy-security InRelease [129 kB]
#21 0.374 Get:2 http://archive.ubuntu.com/ubuntu jammy InRelease [270 kB]
#21 0.498 Get:3 http://security.ubuntu.com/ubuntu jammy-security/restricted amd64 Packages [7,557 kB]
#21 1.144 Get:4 http://archive.ubuntu.com/ubuntu jammy-updates InRelease [128 kB]
#21 1.290 Get:5 http://security.ubuntu.com/ubuntu jammy-security/universe amd64 Packages [1,314 kB]
#21 1.297 Get:6 http://archive.ubuntu.com/ubuntu jammy-backports InRelease [127 kB]
#21 1.426 Get:7 http://security.ubuntu.com/ubuntu jammy-security/multiverse amd64 Packages [84.1 kB]
#21 1.436 Get:8 http://security.ubuntu.com/ubuntu jammy-security/main amd64 Packages [4,195 kB]
#21 1.516 Get:9 http://archive.ubuntu.com/ubuntu jammy/main amd64 Packages [1,792 kB]
#21 2.133 Get:10 http://archive.ubuntu.com/ubuntu jammy/restricted amd64 Packages [164 kB]
#21 2.137 Get:11 http://archive.ubuntu.com/ubuntu jammy/multiverse amd64 Packages [266 kB]
#21 2.222 Get:12 http://archive.ubuntu.com/ubuntu jammy/universe amd64 Packages [17.5 MB]
#21 4.810 Get:13 http://archive.ubuntu.com/ubuntu jammy-updates/main amd64 Packages [4,532 kB]
#21 5.436 Get:14 http://archive.ubuntu.com/ubuntu jammy-updates/multiverse amd64 Packages [92.7 kB]
#21 5.451 Get:15 http://archive.ubuntu.com/ubuntu jammy-updates/restricted amd64 Packages [7,848 kB]
#21 6.731 Get:16 http://archive.ubuntu.com/ubuntu jammy-updates/universe amd64 Packages [1,616 kB]
#21 6.948 Get:17 http://archive.ubuntu.com/ubuntu jammy-backports/main amd64 Packages [82.8 kB]
#21 6.961 Get:18 http://archive.ubuntu.com/ubuntu jammy-backports/universe amd64 Packages [35.6 kB]
#21 7.003 Fetched 47.7 MB in 7s (6,961 kB/s)
#21 7.003 Reading package lists...
#21 7.849 Building dependency tree...
#21 8.032 Reading state information...
#21 8.059 2 packages can be upgraded. Run 'apt list --upgradable' to see them.
#21 8.062 
#21 8.062 WARNING: apt does not have a stable CLI interface. Use with caution in scripts.
#21 8.062 
#21 8.083 Reading package lists...
#21 8.907 Building dependency tree...
#21 9.081 Reading state information...
#21 9.267 The following additional packages will be installed:
#21 9.267   imagemagick-6-common libaec0 libaom3 libbsd0 libcairo-gobject2 libcairo2
#21 9.267   libcfitsio9 libcgif0 libcurl3-gnutls libcurl4 libdatrie1 libdav1d5
#21 9.267   libde265-0 libdeflate0 libexif12 libfftw3-double3 libfribidi0
#21 9.267   libgdk-pixbuf-2.0-0 libgdk-pixbuf2.0-common libglib2.0-0 libgomp1
#21 9.267   libgraphite2-3 libgsf-1-114 libgsf-1-common libharfbuzz0b libhdf5-103-1
#21 9.267   libheif1 libicu70 libilmbase25 libimagequant0 libjbig0 libjpeg-turbo8
#21 9.267   libjpeg8 libjq1 liblcms2-2 libldap-2.5-0 liblqr-1-0 libltdl7
#21 9.267   libmagickcore-6.q16-6 libmatio11 libmd0 libmpdec3 libnghttp2-14 libnspr4
#21 9.267   libnss3 libnuma1 libonig5 libopenexr25 libopenjp2-7 libopenslide0
#21 9.267   liborc-0.4-0 libpango-1.0-0 libpangocairo-1.0-0 libpangoft2-1.0-0
#21 9.267   libpixman-1-0 libpoppler-glib8 libpoppler118 libpsl5 libpython3-stdlib
#21 9.267   libpython3.10-minimal libpython3.10-stdlib libreadline8 librsvg2-2 librtmp1
#21 9.267   libsasl2-2 libsasl2-modules-db libsqlite3-0 libssh-4 libsz2 libthai-data
#21 9.267   libthai0 libtiff5 libvips42 libwebp7 libwebpdemux2 libwebpmux3 libx11-6
#21 9.267   libx11-data libx265-199 libxau6 libxcb-render0 libxcb-shm0 libxcb1 libxdmcp6
#21 9.267   libxext6 libxml2 libxrender1 media-types python3 python3-minimal python3.10
#21 9.267   python3.10-minimal readline-common shared-mime-info
#21 9.270 Suggested packages:
#21 9.270   libfftw3-bin libfftw3-dev liblcms2-utils libmagickcore-6.q16-6-extra
#21 9.270   librsvg2-bin libvips-dev python3-doc python3-tk python3-venv python3.10-venv
#21 9.270   python3.10-doc binfmt-support readline-doc
#21 9.270 Recommended packages:
#21 9.270   libgdk-pixbuf2.0-bin libglib2.0-data xdg-user-dirs libldap-common
#21 9.270   ghostscript gsfonts poppler-data publicsuffix librsvg2-common
#21 9.270   libsasl2-modules nip2 libvips-doc
#21 9.409 The following NEW packages will be installed:
#21 9.409   curl imagemagick-6-common jq libaec0 libaom3 libbsd0 libcairo-gobject2
#21 9.409   libcairo2 libcfitsio9 libcgif0 libcurl3-gnutls libcurl4 libdatrie1 libdav1d5
#21 9.409   libde265-0 libdeflate0 libexif12 libfftw3-double3 libfribidi0
#21 9.409   libgdk-pixbuf-2.0-0 libgdk-pixbuf2.0-common libglib2.0-0 libgomp1
#21 9.409   libgraphite2-3 libgsf-1-114 libgsf-1-common libharfbuzz0b libhdf5-103-1
#21 9.409   libheif1 libicu70 libilmbase25 libimagequant0 libjbig0 libjpeg-turbo8
#21 9.409   libjpeg8 libjq1 liblcms2-2 libldap-2.5-0 liblqr-1-0 libltdl7
#21 9.409   libmagickcore-6.q16-6 libmatio11 libmd0 libmpdec3 libnghttp2-14 libnspr4
#21 9.409   libnss3 libnuma1 libonig5 libopenexr25 libopenjp2-7 libopenslide0
#21 9.409   liborc-0.4-0 libpango-1.0-0 libpangocairo-1.0-0 libpangoft2-1.0-0
#21 9.409   libpixman-1-0 libpoppler-glib8 libpoppler118 libpsl5 libpython3-stdlib
#21 9.409   libpython3.10-minimal libpython3.10-stdlib libreadline8 librsvg2-2 librtmp1
#21 9.409   libsasl2-2 libsasl2-modules-db libsqlite3-0 libssh-4 libsz2 libthai-data
#21 9.409   libthai0 libtiff5 libvips-tools libvips42 libwebp7 libwebpdemux2 libwebpmux3
#21 9.409   libx11-6 libx11-data libx265-199 libxau6 libxcb-render0 libxcb-shm0 libxcb1
#21 9.410   libxdmcp6 libxext6 libxml2 libxrender1 media-types python3 python3-minimal
#21 9.410   python3.10 python3.10-minimal readline-common shared-mime-info
#21 9.632 0 upgraded, 97 newly installed, 0 to remove and 2 not upgraded.
#21 9.632 Need to get 42.6 MB of archives.
#21 9.632 After this operation, 155 MB of additional disk space will be used.
#21 9.632 Get:1 http://archive.ubuntu.com/ubuntu jammy-updates/main amd64 libpython3.10-minimal amd64 3.10.12-1~22.04.16 [817 kB]
#21 ...

#22 [linux/arm64 stage-1 5/5] RUN apt update -q     && apt install -q -y --no-install-recommends         jq         curl         libvips-tools     && apt clean -q -y     && apt autoremove --purge -q -y
#22 0.242 
#22 0.242 WARNING: apt does not have a stable CLI interface. Use with caution in scripts.
#22 0.242 
#22 0.585 Get:1 http://ports.ubuntu.com/ubuntu-ports jammy InRelease [270 kB]
#22 1.116 Get:2 http://ports.ubuntu.com/ubuntu-ports jammy-updates InRelease [128 kB]
#22 1.264 Get:3 http://ports.ubuntu.com/ubuntu-ports jammy-backports InRelease [127 kB]
#22 1.398 Get:4 http://ports.ubuntu.com/ubuntu-ports jammy-security InRelease [129 kB]
#22 2.664 Get:5 http://ports.ubuntu.com/ubuntu-ports jammy/main arm64 Packages [1,758 kB]
#22 3.327 Get:6 http://ports.ubuntu.com/ubuntu-ports jammy/multiverse arm64 Packages [224 kB]
#22 3.359 Get:7 http://ports.ubuntu.com/ubuntu-ports jammy/universe arm64 Packages [17.2 MB]
#22 6.919 Get:8 http://ports.ubuntu.com/ubuntu-ports jammy/restricted arm64 Packages [24.2 kB]
#22 7.012 Get:9 http://ports.ubuntu.com/ubuntu-ports jammy-updates/main arm64 Packages [4,338 kB]
#22 7.426 Get:10 http://ports.ubuntu.com/ubuntu-ports jammy-updates/restricted arm64 Packages [7,891 kB]
#22 8.088 Get:11 http://ports.ubuntu.com/ubuntu-ports jammy-updates/universe arm64 Packages [1,692 kB]
#22 8.229 Get:12 http://ports.ubuntu.com/ubuntu-ports jammy-updates/multiverse arm64 Packages [69.7 kB]
#22 8.236 Get:13 http://ports.ubuntu.com/ubuntu-ports jammy-backports/universe arm64 Packages [33.7 kB]
#22 8.237 Get:14 http://ports.ubuntu.com/ubuntu-ports jammy-backports/main arm64 Packages [82.4 kB]
#22 8.244 Get:15 http://ports.ubuntu.com/ubuntu-ports jammy-security/multiverse arm64 Packages [62.9 kB]
#22 8.249 Get:16 http://ports.ubuntu.com/ubuntu-ports jammy-security/main arm64 Packages [4,007 kB]
#22 8.588 Get:17 http://ports.ubuntu.com/ubuntu-ports jammy-security/universe arm64 Packages [1,397 kB]
#22 8.707 Get:18 http://ports.ubuntu.com/ubuntu-ports jammy-security/restricted arm64 Packages [7,588 kB]
#22 ...

#21 [linux/amd64 stage-1 5/5] RUN apt update -q     && apt install -q -y --no-install-recommends         jq         curl         libvips-tools     && apt clean -q -y     && apt autoremove --purge -q -y
#21 10.43 Get:2 http://archive.ubuntu.com/ubuntu jammy-updates/main amd64 python3.10-minimal amd64 3.10.12-1~22.04.16 [2,254 kB]
#21 10.86 Get:3 http://archive.ubuntu.com/ubuntu jammy-updates/main amd64 python3-minimal amd64 3.10.6-1~22.04.1 [24.3 kB]
#21 10.87 Get:4 http://archive.ubuntu.com/ubuntu jammy/main amd64 media-types all 7.0.0 [25.5 kB]
#21 10.87 Get:5 http://archive.ubuntu.com/ubuntu jammy/main amd64 libmpdec3 amd64 2.5.1-2build2 [86.8 kB]
#21 10.87 Get:6 http://archive.ubuntu.com/ubuntu jammy/main amd64 readline-common all 8.1.2-1 [53.5 kB]
#21 10.88 Get:7 http://archive.ubuntu.com/ubuntu jammy/main amd64 libreadline8 amd64 8.1.2-1 [153 kB]
#21 10.89 Get:8 http://archive.ubuntu.com/ubuntu jammy-updates/main amd64 libsqlite3-0 amd64 3.37.2-2ubuntu0.7 [643 kB]
#21 10.94 Get:9 http://archive.ubuntu.com/ubuntu jammy-updates/main amd64 libpython3.10-stdlib amd64 3.10.12-1~22.04.16 [1,850 kB]
#21 11.04 Get:10 http://archive.ubuntu.com/ubuntu jammy-updates/main amd64 python3.10 amd64 3.10.12-1~22.04.16 [508 kB]
#21 11.08 Get:11 http://archive.ubuntu.com/ubuntu jammy-updates/main amd64 libpython3-stdlib amd64 3.10.6-1~22.04.1 [6,812 B]
#21 11.08 Get:12 http://archive.ubuntu.com/ubuntu jammy-updates/main amd64 python3 amd64 3.10.6-1~22.04.1 [22.8 kB]
#21 11.08 Get:13 http://archive.ubuntu.com/ubuntu jammy-updates/main amd64 libgomp1 amd64 12.3.0-1ubuntu1~22.04.3 [127 kB]
#21 11.09 Get:14 http://archive.ubuntu.com/ubuntu jammy/main amd64 libfftw3-double3 amd64 3.3.8-2ubuntu8 [770 kB]
#21 11.56 Get:15 http://archive.ubuntu.com/ubuntu jammy-updates/universe amd64 libaom3 amd64 3.3.0-1ubuntu0.1 [1,748 kB]
#21 11.66 Get:16 http://archive.ubuntu.com/ubuntu jammy/universe amd64 libdav1d5 amd64 0.9.2-1 [463 kB]
#21 11.69 Get:17 http://archive.ubuntu.com/ubuntu jammy-updates/universe amd64 libde265-0 amd64 1.0.8-1ubuntu0.3 [290 kB]
#21 11.71 Get:18 http://archive.ubuntu.com/ubuntu jammy/main amd64 libnuma1 amd64 2.0.14-3ubuntu2 [22.5 kB]
#21 11.71 Get:19 http://archive.ubuntu.com/ubuntu jammy/universe amd64 libx265-199 amd64 3.5-2 [1,170 kB]
#21 11.80 Get:20 http://archive.ubuntu.com/ubuntu jammy/universe amd64 libheif1 amd64 1.12.0-2build1 [196 kB]
#21 11.82 Get:21 http://archive.ubuntu.com/ubuntu jammy-updates/main amd64 libjbig0 amd64 2.1-3.1ubuntu0.22.04.1 [29.2 kB]
#21 11.82 Get:22 http://archive.ubuntu.com/ubuntu jammy/main amd64 libjpeg-turbo8 amd64 2.1.2-0ubuntu1 [134 kB]
#21 11.82 Get:23 http://archive.ubuntu.com/ubuntu jammy/main amd64 libjpeg8 amd64 8c-2ubuntu10 [2,264 B]
#21 11.82 Get:24 http://archive.ubuntu.com/ubuntu jammy-updates/main amd64 liblcms2-2 amd64 2.12~rc1-2ubuntu0.1 [159 kB]
#21 11.83 Get:25 http://archive.ubuntu.com/ubuntu jammy-updates/main amd64 libglib2.0-0 amd64 2.72.4-0ubuntu2.9 [1,467 kB]
#21 11.94 Get:26 http://archive.ubuntu.com/ubuntu jammy/universe amd64 liblqr-1-0 amd64 0.4.2-2.1 [27.7 kB]
#21 11.95 Get:27 http://archive.ubuntu.com/ubuntu jammy/main amd64 libltdl7 amd64 2.4.6-15build2 [39.6 kB]
#21 11.95 Get:28 http://archive.ubuntu.com/ubuntu jammy-updates/main amd64 libopenjp2-7 amd64 2.4.0-6ubuntu0.5 [158 kB]
#21 11.96 Get:29 http://archive.ubuntu.com/ubuntu jammy/main amd64 libdeflate0 amd64 1.10-2 [70.9 kB]
#21 11.97 Get:30 http://archive.ubuntu.com/ubuntu jammy-updates/main amd64 libwebp7 amd64 1.2.2-2ubuntu0.22.04.2 [206 kB]
#21 11.98 Get:31 http://archive.ubuntu.com/ubuntu jammy-updates/main amd64 libtiff5 amd64 4.3.0-6ubuntu0.13 [185 kB]
#21 12.00 Get:32 http://archive.ubuntu.com/ubuntu jammy-updates/main amd64 libwebpdemux2 amd64 1.2.2-2ubuntu0.22.04.2 [9,964 B]
#21 12.00 Get:33 http://archive.ubuntu.com/ubuntu jammy-updates/main amd64 libwebpmux3 amd64 1.2.2-2ubuntu0.22.04.2 [20.5 kB]
#21 12.00 Get:34 http://archive.ubuntu.com/ubuntu jammy/main amd64 libxau6 amd64 1:1.0.9-1build5 [7,634 B]
#21 12.05 Get:35 http://archive.ubuntu.com/ubuntu jammy/main amd64 libmd0 amd64 1.0.4-1build1 [23.0 kB]
#21 12.05 Get:36 http://archive.ubuntu.com/ubuntu jammy/main amd64 libbsd0 amd64 0.11.5-1 [44.8 kB]
#21 12.05 Get:37 http://archive.ubuntu.com/ubuntu jammy/main amd64 libxdmcp6 amd64 1:1.1.3-0ubuntu5 [10.9 kB]
#21 12.06 Get:38 http://archive.ubuntu.com/ubuntu jammy/main amd64 libxcb1 amd64 1.14-3ubuntu3 [49.0 kB]
#21 12.07 Get:39 http://archive.ubuntu.com/ubuntu jammy-updates/main amd64 libx11-data all 2:1.7.5-1ubuntu0.3 [120 kB]
#21 12.08 Get:40 http://archive.ubuntu.com/ubuntu jammy-updates/main amd64 libx11-6 amd64 2:1.7.5-1ubuntu0.3 [667 kB]
#21 12.30 Get:41 http://archive.ubuntu.com/ubuntu jammy/main amd64 libxext6 amd64 2:1.3.4-1build1 [31.8 kB]
#21 12.30 Get:42 http://archive.ubuntu.com/ubuntu jammy/main amd64 libicu70 amd64 70.1-2 [10.6 MB]
#21 13.27 Get:43 http://archive.ubuntu.com/ubuntu jammy-updates/main amd64 libxml2 amd64 2.9.13+dfsg-1ubuntu0.12 [765 kB]
#21 13.30 Get:44 http://archive.ubuntu.com/ubuntu jammy-updates/universe amd64 imagemagick-6-common all 8:6.9.11.60+dfsg-1.3ubuntu0.22.04.5 [64.3 kB]
#21 13.30 Get:45 http://archive.ubuntu.com/ubuntu jammy-updates/universe amd64 libmagickcore-6.q16-6 amd64 8:6.9.11.60+dfsg-1.3ubuntu0.22.04.5 [1,795 kB]
#21 13.40 Get:46 http://archive.ubuntu.com/ubuntu jammy-updates/main amd64 libfribidi0 amd64 1.0.8-2ubuntu3.1 [26.1 kB]
#21 13.40 Get:47 http://archive.ubuntu.com/ubuntu jammy/main amd64 shared-mime-info amd64 2.1-2 [454 kB]
#21 13.41 Get:48 http://archive.ubuntu.com/ubuntu jammy-updates/main amd64 libnghttp2-14 amd64 1.43.0-1ubuntu0.4 [76.9 kB]
#21 13.41 Get:49 http://archive.ubuntu.com/ubuntu jammy/main amd64 libpsl5 amd64 0.21.0-1.2build2 [58.4 kB]
#21 13.41 Get:50 http://archive.ubuntu.com/ubuntu jammy-updates/main amd64 libsasl2-modules-db amd64 2.1.27+dfsg2-3ubuntu1.2 [20.5 kB]
#21 13.41 Get:51 http://archive.ubuntu.com/ubuntu jammy-updates/main amd64 libsasl2-2 amd64 2.1.27+dfsg2-3ubuntu1.2 [53.8 kB]
#21 13.42 Get:52 http://archive.ubuntu.com/ubuntu jammy-updates/main amd64 libldap-2.5-0 amd64 2.5.20+dfsg-0ubuntu0.22.04.1 [184 kB]
#21 13.43 Get:53 http://archive.ubuntu.com/ubuntu jammy/main amd64 librtmp1 amd64 2.4+20151223.gitfa8646d.1-2build4 [58.2 kB]
#21 13.44 Get:54 http://archive.ubuntu.com/ubuntu jammy-updates/main amd64 libssh-4 amd64 0.9.6-2ubuntu0.22.04.7 [187 kB]
#21 13.51 Get:55 http://archive.ubuntu.com/ubuntu jammy-updates/main amd64 libcurl4 amd64 7.81.0-1ubuntu1.25 [291 kB]
#21 13.53 Get:56 http://archive.ubuntu.com/ubuntu jammy-updates/main amd64 curl amd64 7.81.0-1ubuntu1.25 [194 kB]
#21 13.55 Get:57 http://archive.ubuntu.com/ubuntu jammy/main amd64 libonig5 amd64 6.9.7.1-2build1 [172 kB]
#21 13.56 Get:58 http://archive.ubuntu.com/ubuntu jammy-updates/main amd64 libjq1 amd64 1.6-2.1ubuntu3.2 [135 kB]
#21 13.57 Get:59 http://archive.ubuntu.com/ubuntu jammy-updates/main amd64 jq amd64 1.6-2.1ubuntu3.2 [52.5 kB]
#21 13.58 Get:60 http://archive.ubuntu.com/ubuntu jammy/universe amd64 libaec0 amd64 1.0.6-1 [20.1 kB]
#21 13.58 Get:61 http://archive.ubuntu.com/ubuntu jammy-updates/main amd64 libpixman-1-0 amd64 0.40.0-1ubuntu0.22.04.1 [264 kB]
#21 13.60 Get:62 http://archive.ubuntu.com/ubuntu jammy/main amd64 libxcb-render0 amd64 1.14-3ubuntu3 [16.4 kB]
#21 13.60 Get:63 http://archive.ubuntu.com/ubuntu jammy/main amd64 libxcb-shm0 amd64 1.14-3ubuntu3 [5,780 B]
#21 13.60 Get:64 http://archive.ubuntu.com/ubuntu jammy/main amd64 libxrender1 amd64 1:0.9.10-1build4 [19.7 kB]
#21 13.63 Get:65 http://archive.ubuntu.com/ubuntu jammy-updates/main amd64 libcairo2 amd64 1.16.0-5ubuntu2.1 [628 kB]
#21 13.68 Get:66 http://archive.ubuntu.com/ubuntu jammy-updates/main amd64 libcairo-gobject2 amd64 1.16.0-5ubuntu2.1 [19.5 kB]
#21 13.69 Get:67 http://archive.ubuntu.com/ubuntu jammy-updates/main amd64 libcurl3-gnutls amd64 7.81.0-1ubuntu1.25 [284 kB]
#21 13.71 Get:68 http://archive.ubuntu.com/ubuntu jammy/universe amd64 libcfitsio9 amd64 4.0.0-1 [519 kB]
#21 13.75 Get:69 http://archive.ubuntu.com/ubuntu jammy/universe amd64 libcgif0 amd64 0.2.0-1 [9,636 B]
#21 13.75 Get:70 http://archive.ubuntu.com/ubuntu jammy/main amd64 libdatrie1 amd64 0.2.13-2 [19.9 kB]
#21 13.76 Get:71 http://archive.ubuntu.com/ubuntu jammy-updates/main amd64 libexif12 amd64 0.6.24-1ubuntu0.22.04.1 [92.7 kB]
#21 13.76 Get:72 http://archive.ubuntu.com/ubuntu jammy-updates/main amd64 libgdk-pixbuf2.0-common all 2.42.8+dfsg-1ubuntu0.5 [5,560 B]
#21 13.76 Get:73 http://archive.ubuntu.com/ubuntu jammy-updates/main amd64 libgdk-pixbuf-2.0-0 amd64 2.42.8+dfsg-1ubuntu0.5 [148 kB]
#21 13.78 Get:74 http://archive.ubuntu.com/ubuntu jammy-updates/main amd64 libgraphite2-3 amd64 1.3.14-1ubuntu0.1 [71.6 kB]
#21 13.78 Get:75 http://archive.ubuntu.com/ubuntu jammy-updates/main amd64 libgsf-1-common all 1.14.47-1ubuntu0.1 [13.0 kB]
#21 13.79 Get:76 http://archive.ubuntu.com/ubuntu jammy-updates/main amd64 libgsf-1-114 amd64 1.14.47-1ubuntu0.1 [111 kB]
#21 13.81 Get:77 http://archive.ubuntu.com/ubuntu jammy-updates/main amd64 libharfbuzz0b amd64 2.7.4-1ubuntu3.2 [353 kB]
#21 13.86 Get:78 http://archive.ubuntu.com/ubuntu jammy/universe amd64 libsz2 amd64 1.0.6-1 [5,354 B]
#21 13.86 Get:79 http://archive.ubuntu.com/ubuntu jammy/universe amd64 libhdf5-103-1 amd64 1.10.7+repack-4ubuntu2 [1,295 kB]
#21 14.10 Get:80 http://archive.ubuntu.com/ubuntu jammy/universe amd64 libilmbase25 amd64 2.5.7-2 [175 kB]
#21 14.11 Get:81 http://archive.ubuntu.com/ubuntu jammy/main amd64 libimagequant0 amd64 2.17.0-1 [34.6 kB]
#21 14.11 Get:82 http://archive.ubuntu.com/ubuntu jammy/universe amd64 libmatio11 amd64 1.5.21-1 [112 kB]
#21 14.12 Get:83 http://archive.ubuntu.com/ubuntu jammy-updates/main amd64 libnspr4 amd64 2:4.35-0ubuntu0.22.04.1 [119 kB]
#21 14.13 Get:84 http://archive.ubuntu.com/ubuntu jammy-updates/main amd64 libnss3 amd64 2:3.98-0ubuntu0.22.04.4 [1,347 kB]
#21 14.23 Get:85 http://archive.ubuntu.com/ubuntu jammy/universe amd64 libopenexr25 amd64 2.5.7-1 [780 kB]
#21 14.29 Get:86 http://archive.ubuntu.com/ubuntu jammy/universe amd64 libopenslide0 amd64 3.4.1+dfsg-5build1 [89.8 kB]
#21 14.29 Get:87 http://archive.ubuntu.com/ubuntu jammy-updates/main amd64 liborc-0.4-0 amd64 1:0.4.32-2ubuntu0.1 [228 kB]
#21 14.31 Get:88 http://archive.ubuntu.com/ubuntu jammy/main amd64 libthai-data all 0.1.29-1build1 [162 kB]
#21 14.32 Get:89 http://archive.ubuntu.com/ubuntu jammy/main amd64 libthai0 amd64 0.1.29-1build1 [19.2 kB]
#21 14.32 Get:90 http://archive.ubuntu.com/ubuntu jammy-updates/main amd64 libpango-1.0-0 amd64 1.50.6+ds-2ubuntu1 [230 kB]
#21 14.34 Get:91 http://archive.ubuntu.com/ubuntu jammy-updates/main amd64 libpangoft2-1.0-0 amd64 1.50.6+ds-2ubuntu1 [54.0 kB]
#21 14.34 Get:92 http://archive.ubuntu.com/ubuntu jammy-updates/main amd64 libpangocairo-1.0-0 amd64 1.50.6+ds-2ubuntu1 [39.8 kB]
#21 14.35 Get:93 http://archive.ubuntu.com/ubuntu jammy-updates/main amd64 libpoppler118 amd64 22.02.0-2ubuntu0.13 [1,081 kB]
#21 14.45 Get:94 http://archive.ubuntu.com/ubuntu jammy-updates/main amd64 libpoppler-glib8 amd64 22.02.0-2ubuntu0.13 [134 kB]
#21 14.46 Get:95 http://archive.ubuntu.com/ubuntu jammy-updates/main amd64 librsvg2-2 amd64 2.52.5+dfsg-3ubuntu0.2 [2,974 kB]
#21 14.70 Get:96 http://archive.ubuntu.com/ubuntu jammy/universe amd64 libvips42 amd64 8.12.1-1build1 [1,242 kB]
#21 14.92 Get:97 http://archive.ubuntu.com/ubuntu jammy/universe amd64 libvips-tools amd64 8.12.1-1build1 [31.0 kB]
#21 15.06 debconf: delaying package configuration, since apt-utils is not installed
#21 15.08 Fetched 42.6 MB in 6s (7,739 kB/s)
#21 15.11 Selecting previously unselected package libpython3.10-minimal:amd64.
#21 15.11 (Reading database ... (Reading database ... 5%(Reading database ... 10%(Reading database ... 15%(Reading database ... 20%(Reading database ... 25%(Reading database ... 30%(Reading database ... 35%(Reading database ... 40%(Reading database ... 45%(Reading database ... 50%(Reading database ... 55%(Reading database ... 60%(Reading database ... 65%(Reading database ... 70%(Reading database ... 75%(Reading database ... 80%(Reading database ... 85%(Reading database ... 90%(Reading database ... 95%(Reading database ... 100%(Reading database ... 7865 files and directories currently installed.)
#21 15.13 Preparing to unpack .../libpython3.10-minimal_3.10.12-1~22.04.16_amd64.deb ...
#21 15.14 Unpacking libpython3.10-minimal:amd64 (3.10.12-1~22.04.16) ...
#21 15.20 Selecting previously unselected package python3.10-minimal.
#21 15.20 Preparing to unpack .../python3.10-minimal_3.10.12-1~22.04.16_amd64.deb ...
#21 15.21 Unpacking python3.10-minimal (3.10.12-1~22.04.16) ...
#21 15.25 Setting up libpython3.10-minimal:amd64 (3.10.12-1~22.04.16) ...
#21 15.27 Setting up python3.10-minimal (3.10.12-1~22.04.16) ...
#21 15.65 Selecting previously unselected package python3-minimal.
#21 15.65 (Reading database ... (Reading database ... 5%(Reading database ... 10%(Reading database ... 15%(Reading database ... 20%(Reading database ... 25%(Reading database ... 30%(Reading database ... 35%(Reading database ... 40%(Reading database ... 45%(Reading database ... 50%(Reading database ... 55%(Reading database ... 60%(Reading database ... 65%(Reading database ... 70%(Reading database ... 75%(Reading database ... 80%(Reading database ... 85%(Reading database ... 90%(Reading database ... 95%(Reading database ... 100%(Reading database ... 8161 files and directories currently installed.)
#21 15.65 Preparing to unpack .../0-python3-minimal_3.10.6-1~22.04.1_amd64.deb ...
#21 15.66 Unpacking python3-minimal (3.10.6-1~22.04.1) ...
#21 15.68 Selecting previously unselected package media-types.
#21 15.68 Preparing to unpack .../1-media-types_7.0.0_all.deb ...
#21 15.68 Unpacking media-types (7.0.0) ...
#21 15.71 Selecting previously unselected package libmpdec3:amd64.
#21 15.71 Preparing to unpack .../2-libmpdec3_2.5.1-2build2_amd64.deb ...
#21 15.71 Unpacking libmpdec3:amd64 (2.5.1-2build2) ...
#21 15.74 Selecting previously unselected package readline-common.
#21 15.74 Preparing to unpack .../3-readline-common_8.1.2-1_all.deb ...
#21 15.74 Unpacking readline-common (8.1.2-1) ...
#21 15.77 Selecting previously unselected package libreadline8:amd64.
#21 15.77 Preparing to unpack .../4-libreadline8_8.1.2-1_amd64.deb ...
#21 15.77 Unpacking libreadline8:amd64 (8.1.2-1) ...
#21 15.80 Selecting previously unselected package libsqlite3-0:amd64.
#21 15.80 Preparing to unpack .../5-libsqlite3-0_3.37.2-2ubuntu0.7_amd64.deb ...
#21 15.80 Unpacking libsqlite3-0:amd64 (3.37.2-2ubuntu0.7) ...
#21 15.83 Selecting previously unselected package libpython3.10-stdlib:amd64.
#21 15.83 Preparing to unpack .../6-libpython3.10-stdlib_3.10.12-1~22.04.16_amd64.deb ...
#21 15.83 Unpacking libpython3.10-stdlib:amd64 (3.10.12-1~22.04.16) ...
#21 15.89 Selecting previously unselected package python3.10.
#21 15.89 Preparing to unpack .../7-python3.10_3.10.12-1~22.04.16_amd64.deb ...
#21 15.90 Unpacking python3.10 (3.10.12-1~22.04.16) ...
#21 15.92 Selecting previously unselected package libpython3-stdlib:amd64.
#21 15.92 Preparing to unpack .../8-libpython3-stdlib_3.10.6-1~22.04.1_amd64.deb ...
#21 15.92 Unpacking libpython3-stdlib:amd64 (3.10.6-1~22.04.1) ...
#21 15.94 Setting up python3-minimal (3.10.6-1~22.04.1) ...
#21 16.06 Selecting previously unselected package python3.
#21 16.06 (Reading database ... (Reading database ... 5%(Reading database ... 10%(Reading database ... 15%(Reading database ... 20%(Reading database ... 25%(Reading database ... 30%(Reading database ... 35%(Reading database ... 40%(Reading database ... 45%(Reading database ... 50%(Reading database ... 55%(Reading database ... 60%(Reading database ... 65%(Reading database ... 70%(Reading database ... 75%(Reading database ... 80%(Reading database ... 85%(Reading database ... 90%(Reading database ... 95%(Reading database ... 100%(Reading database ... 8591 files and directories currently installed.)
#21 16.06 Preparing to unpack .../00-python3_3.10.6-1~22.04.1_amd64.deb ...
#21 16.07 Unpacking python3 (3.10.6-1~22.04.1) ...
#21 16.09 Selecting previously unselected package libgomp1:amd64.
#21 16.09 Preparing to unpack .../01-libgomp1_12.3.0-1ubuntu1~22.04.3_amd64.deb ...
#21 16.09 Unpacking libgomp1:amd64 (12.3.0-1ubuntu1~22.04.3) ...
#21 16.12 Selecting previously unselected package libfftw3-double3:amd64.
#21 16.12 Preparing to unpack .../02-libfftw3-double3_3.3.8-2ubuntu8_amd64.deb ...
#21 16.12 Unpacking libfftw3-double3:amd64 (3.3.8-2ubuntu8) ...
#21 16.18 Selecting previously unselected package libaom3:amd64.
#21 16.18 Preparing to unpack .../03-libaom3_3.3.0-1ubuntu0.1_amd64.deb ...
#21 16.19 Unpacking libaom3:amd64 (3.3.0-1ubuntu0.1) ...
#21 16.23 Selecting previously unselected package libdav1d5:amd64.
#21 16.23 Preparing to unpack .../04-libdav1d5_0.9.2-1_amd64.deb ...
#21 16.23 Unpacking libdav1d5:amd64 (0.9.2-1) ...
#21 16.26 Selecting previously unselected package libde265-0:amd64.
#21 16.26 Preparing to unpack .../05-libde265-0_1.0.8-1ubuntu0.3_amd64.deb ...
#21 16.26 Unpacking libde265-0:amd64 (1.0.8-1ubuntu0.3) ...
#21 16.28 Selecting previously unselected package libnuma1:amd64.
#21 16.28 Preparing to unpack .../06-libnuma1_2.0.14-3ubuntu2_amd64.deb ...
#21 16.29 Unpacking libnuma1:amd64 (2.0.14-3ubuntu2) ...
#21 16.31 Selecting previously unselected package libx265-199:amd64.
#21 16.31 Preparing to unpack .../07-libx265-199_3.5-2_amd64.deb ...
#21 16.31 Unpacking libx265-199:amd64 (3.5-2) ...
#21 16.37 Selecting previously unselected package libheif1:amd64.
#21 16.37 Preparing to unpack .../08-libheif1_1.12.0-2build1_amd64.deb ...
#21 16.38 Unpacking libheif1:amd64 (1.12.0-2build1) ...
#21 16.40 Selecting previously unselected package libjbig0:amd64.
#21 16.40 Preparing to unpack .../09-libjbig0_2.1-3.1ubuntu0.22.04.1_amd64.deb ...
#21 16.40 Unpacking libjbig0:amd64 (2.1-3.1ubuntu0.22.04.1) ...
#21 16.43 Selecting previously unselected package libjpeg-turbo8:amd64.
#21 16.43 Preparing to unpack .../10-libjpeg-turbo8_2.1.2-0ubuntu1_amd64.deb ...
#21 16.43 Unpacking libjpeg-turbo8:amd64 (2.1.2-0ubuntu1) ...
#21 16.45 Selecting previously unselected package libjpeg8:amd64.
#21 16.45 Preparing to unpack .../11-libjpeg8_8c-2ubuntu10_amd64.deb ...
#21 16.46 Unpacking libjpeg8:amd64 (8c-2ubuntu10) ...
#21 16.48 Selecting previously unselected package liblcms2-2:amd64.
#21 16.48 Preparing to unpack .../12-liblcms2-2_2.12~rc1-2ubuntu0.1_amd64.deb ...
#21 16.48 Unpacking liblcms2-2:amd64 (2.12~rc1-2ubuntu0.1) ...
#21 16.51 Selecting previously unselected package libglib2.0-0:amd64.
#21 16.51 Preparing to unpack .../13-libglib2.0-0_2.72.4-0ubuntu2.9_amd64.deb ...
#21 16.51 Unpacking libglib2.0-0:amd64 (2.72.4-0ubuntu2.9) ...
#21 16.56 Selecting previously unselected package liblqr-1-0:amd64.
#21 16.56 Preparing to unpack .../14-liblqr-1-0_0.4.2-2.1_amd64.deb ...
#21 16.56 Unpacking liblqr-1-0:amd64 (0.4.2-2.1) ...
#21 16.58 Selecting previously unselected package libltdl7:amd64.
#21 16.58 Preparing to unpack .../15-libltdl7_2.4.6-15build2_amd64.deb ...
#21 16.58 Unpacking libltdl7:amd64 (2.4.6-15build2) ...
#21 16.61 Selecting previously unselected package libopenjp2-7:amd64.
#21 16.61 Preparing to unpack .../16-libopenjp2-7_2.4.0-6ubuntu0.5_amd64.deb ...
#21 16.61 Unpacking libopenjp2-7:amd64 (2.4.0-6ubuntu0.5) ...
#21 16.64 Selecting previously unselected package libdeflate0:amd64.
#21 16.64 Preparing to unpack .../17-libdeflate0_1.10-2_amd64.deb ...
#21 16.64 Unpacking libdeflate0:amd64 (1.10-2) ...
#21 16.66 Selecting previously unselected package libwebp7:amd64.
#21 16.66 Preparing to unpack .../18-libwebp7_1.2.2-2ubuntu0.22.04.2_amd64.deb ...
#21 16.67 Unpacking libwebp7:amd64 (1.2.2-2ubuntu0.22.04.2) ...
#21 16.69 Selecting previously unselected package libtiff5:amd64.
#21 16.69 Preparing to unpack .../19-libtiff5_4.3.0-6ubuntu0.13_amd64.deb ...
#21 16.69 Unpacking libtiff5:amd64 (4.3.0-6ubuntu0.13) ...
#21 16.72 Selecting previously unselected package libwebpdemux2:amd64.
#21 16.72 Preparing to unpack .../20-libwebpdemux2_1.2.2-2ubuntu0.22.04.2_amd64.deb ...
#21 16.72 Unpacking libwebpdemux2:amd64 (1.2.2-2ubuntu0.22.04.2) ...
#21 16.75 Selecting previously unselected package libwebpmux3:amd64.
#21 16.75 Preparing to unpack .../21-libwebpmux3_1.2.2-2ubuntu0.22.04.2_amd64.deb ...
#21 16.75 Unpacking libwebpmux3:amd64 (1.2.2-2ubuntu0.22.04.2) ...
#21 16.77 Selecting previously unselected package libxau6:amd64.
#21 16.77 Preparing to unpack .../22-libxau6_1%3a1.0.9-1build5_amd64.deb ...
#21 16.78 Unpacking libxau6:amd64 (1:1.0.9-1build5) ...
#21 16.80 Selecting previously unselected package libmd0:amd64.
#21 16.80 Preparing to unpack .../23-libmd0_1.0.4-1build1_amd64.deb ...
#21 16.80 Unpacking libmd0:amd64 (1.0.4-1build1) ...
#21 16.83 Selecting previously unselected package libbsd0:amd64.
#21 16.83 Preparing to unpack .../24-libbsd0_0.11.5-1_amd64.deb ...
#21 16.83 Unpacking libbsd0:amd64 (0.11.5-1) ...
#21 16.85 Selecting previously unselected package libxdmcp6:amd64.
#21 16.85 Preparing to unpack .../25-libxdmcp6_1%3a1.1.3-0ubuntu5_amd64.deb ...
#21 16.86 Unpacking libxdmcp6:amd64 (1:1.1.3-0ubuntu5) ...
#21 16.88 Selecting previously unselected package libxcb1:amd64.
#21 16.88 Preparing to unpack .../26-libxcb1_1.14-3ubuntu3_amd64.deb ...
#21 16.88 Unpacking libxcb1:amd64 (1.14-3ubuntu3) ...
#21 16.90 Selecting previously unselected package libx11-data.
#21 16.90 Preparing to unpack .../27-libx11-data_2%3a1.7.5-1ubuntu0.3_all.deb ...
#21 16.90 Unpacking libx11-data (2:1.7.5-1ubuntu0.3) ...
#21 16.95 Selecting previously unselected package libx11-6:amd64.
#21 16.95 Preparing to unpack .../28-libx11-6_2%3a1.7.5-1ubuntu0.3_amd64.deb ...
#21 16.96 Unpacking libx11-6:amd64 (2:1.7.5-1ubuntu0.3) ...
#21 16.98 Selecting previously unselected package libxext6:amd64.
#21 16.98 Preparing to unpack .../29-libxext6_2%3a1.3.4-1build1_amd64.deb ...
#21 16.99 Unpacking libxext6:amd64 (2:1.3.4-1build1) ...
#21 17.01 Selecting previously unselected package libicu70:amd64.
#21 17.01 Preparing to unpack .../30-libicu70_70.1-2_amd64.deb ...
#21 17.01 Unpacking libicu70:amd64 (70.1-2) ...
#21 17.13 Selecting previously unselected package libxml2:amd64.
#21 17.13 Preparing to unpack .../31-libxml2_2.9.13+dfsg-1ubuntu0.12_amd64.deb ...
#21 17.14 Unpacking libxml2:amd64 (2.9.13+dfsg-1ubuntu0.12) ...
#21 17.16 Selecting previously unselected package imagemagick-6-common.
#21 17.17 Preparing to unpack .../32-imagemagick-6-common_8%3a6.9.11.60+dfsg-1.3ubuntu0.22.04.5_all.deb ...
#21 17.17 Unpacking imagemagick-6-common (8:6.9.11.60+dfsg-1.3ubuntu0.22.04.5) ...
#21 17.20 Selecting previously unselected package libmagickcore-6.q16-6:amd64.
#21 17.20 Preparing to unpack .../33-libmagickcore-6.q16-6_8%3a6.9.11.60+dfsg-1.3ubuntu0.22.04.5_amd64.deb ...
#21 17.20 Unpacking libmagickcore-6.q16-6:amd64 (8:6.9.11.60+dfsg-1.3ubuntu0.22.04.5) ...
#21 17.26 Selecting previously unselected package libfribidi0:amd64.
#21 17.26 Preparing to unpack .../34-libfribidi0_1.0.8-2ubuntu3.1_amd64.deb ...
#21 17.26 Unpacking libfribidi0:amd64 (1.0.8-2ubuntu3.1) ...
#21 17.28 Selecting previously unselected package shared-mime-info.
#21 17.28 Preparing to unpack .../35-shared-mime-info_2.1-2_amd64.deb ...
#21 17.29 Unpacking shared-mime-info (2.1-2) ...
#21 17.32 Selecting previously unselected package libnghttp2-14:amd64.
#21 17.32 Preparing to unpack .../36-libnghttp2-14_1.43.0-1ubuntu0.4_amd64.deb ...
#21 17.32 Unpacking libnghttp2-14:amd64 (1.43.0-1ubuntu0.4) ...
#21 17.35 Selecting previously unselected package libpsl5:amd64.
#21 17.35 Preparing to unpack .../37-libpsl5_0.21.0-1.2build2_amd64.deb ...
#21 17.35 Unpacking libpsl5:amd64 (0.21.0-1.2build2) ...
#21 17.37 Selecting previously unselected package libsasl2-modules-db:amd64.
#21 17.37 Preparing to unpack .../38-libsasl2-modules-db_2.1.27+dfsg2-3ubuntu1.2_amd64.deb ...
#21 17.38 Unpacking libsasl2-modules-db:amd64 (2.1.27+dfsg2-3ubuntu1.2) ...
#21 17.40 Selecting previously unselected package libsasl2-2:amd64.
#21 17.40 Preparing to unpack .../39-libsasl2-2_2.1.27+dfsg2-3ubuntu1.2_amd64.deb ...
#21 17.40 Unpacking libsasl2-2:amd64 (2.1.27+dfsg2-3ubuntu1.2) ...
#21 17.42 Selecting previously unselected package libldap-2.5-0:amd64.
#21 17.43 Preparing to unpack .../40-libldap-2.5-0_2.5.20+dfsg-0ubuntu0.22.04.1_amd64.deb ...
#21 17.43 Unpacking libldap-2.5-0:amd64 (2.5.20+dfsg-0ubuntu0.22.04.1) ...
#21 17.45 Selecting previously unselected package librtmp1:amd64.
#21 17.45 Preparing to unpack .../41-librtmp1_2.4+20151223.gitfa8646d.1-2build4_amd64.deb ...
#21 17.46 Unpacking librtmp1:amd64 (2.4+20151223.gitfa8646d.1-2build4) ...
#21 17.48 Selecting previously unselected package libssh-4:amd64.
#21 17.48 Preparing to unpack .../42-libssh-4_0.9.6-2ubuntu0.22.04.7_amd64.deb ...
#21 17.48 Unpacking libssh-4:amd64 (0.9.6-2ubuntu0.22.04.7) ...
#21 17.51 Selecting previously unselected package libcurl4:amd64.
#21 17.51 Preparing to unpack .../43-libcurl4_7.81.0-1ubuntu1.25_amd64.deb ...
#21 17.52 Unpacking libcurl4:amd64 (7.81.0-1ubuntu1.25) ...
#21 17.54 Selecting previously unselected package curl.
#21 17.54 Preparing to unpack .../44-curl_7.81.0-1ubuntu1.25_amd64.deb ...
#21 17.54 Unpacking curl (7.81.0-1ubuntu1.25) ...
#21 17.57 Selecting previously unselected package libonig5:amd64.
#21 17.57 Preparing to unpack .../45-libonig5_6.9.7.1-2build1_amd64.deb ...
#21 17.57 Unpacking libonig5:amd64 (6.9.7.1-2build1) ...
#21 17.59 Selecting previously unselected package libjq1:amd64.
#21 17.60 Preparing to unpack .../46-libjq1_1.6-2.1ubuntu3.2_amd64.deb ...
#21 17.60 Unpacking libjq1:amd64 (1.6-2.1ubuntu3.2) ...
#21 17.62 Selecting previously unselected package jq.
#21 17.62 Preparing to unpack .../47-jq_1.6-2.1ubuntu3.2_amd64.deb ...
#21 17.62 Unpacking jq (1.6-2.1ubuntu3.2) ...
#21 17.64 Selecting previously unselected package libaec0:amd64.
#21 17.64 Preparing to unpack .../48-libaec0_1.0.6-1_amd64.deb ...
#21 17.65 Unpacking libaec0:amd64 (1.0.6-1) ...
#21 17.67 Selecting previously unselected package libpixman-1-0:amd64.
#21 17.67 Preparing to unpack .../49-libpixman-1-0_0.40.0-1ubuntu0.22.04.1_amd64.deb ...
#21 17.67 Unpacking libpixman-1-0:amd64 (0.40.0-1ubuntu0.22.04.1) ...
#21 17.70 Selecting previously unselected package libxcb-render0:amd64.
#21 17.70 Preparing to unpack .../50-libxcb-render0_1.14-3ubuntu3_amd64.deb ...
#21 17.70 Unpacking libxcb-render0:amd64 (1.14-3ubuntu3) ...
#21 17.73 Selecting previously unselected package libxcb-shm0:amd64.
#21 17.73 Preparing to unpack .../51-libxcb-shm0_1.14-3ubuntu3_amd64.deb ...
#21 17.73 Unpacking libxcb-shm0:amd64 (1.14-3ubuntu3) ...
#21 17.76 Selecting previously unselected package libxrender1:amd64.
#21 17.76 Preparing to unpack .../52-libxrender1_1%3a0.9.10-1build4_amd64.deb ...
#21 17.76 Unpacking libxrender1:amd64 (1:0.9.10-1build4) ...
#21 17.78 Selecting previously unselected package libcairo2:amd64.
#21 17.78 Preparing to unpack .../53-libcairo2_1.16.0-5ubuntu2.1_amd64.deb ...
#21 17.79 Unpacking libcairo2:amd64 (1.16.0-5ubuntu2.1) ...
#21 17.81 Selecting previously unselected package libcairo-gobject2:amd64.
#21 17.81 Preparing to unpack .../54-libcairo-gobject2_1.16.0-5ubuntu2.1_amd64.deb ...
#21 17.82 Unpacking libcairo-gobject2:amd64 (1.16.0-5ubuntu2.1) ...
#21 17.84 Selecting previously unselected package libcurl3-gnutls:amd64.
#21 17.84 Preparing to unpack .../55-libcurl3-gnutls_7.81.0-1ubuntu1.25_amd64.deb ...
#21 17.85 Unpacking libcurl3-gnutls:amd64 (7.81.0-1ubuntu1.25) ...
#21 17.88 Selecting previously unselected package libcfitsio9:amd64.
#21 17.88 Preparing to unpack .../56-libcfitsio9_4.0.0-1_amd64.deb ...
#21 17.88 Unpacking libcfitsio9:amd64 (4.0.0-1) ...
#21 17.91 Selecting previously unselected package libcgif0.
#21 17.91 Preparing to unpack .../57-libcgif0_0.2.0-1_amd64.deb ...
#21 17.91 Unpacking libcgif0 (0.2.0-1) ...
#21 17.93 Selecting previously unselected package libdatrie1:amd64.
#21 17.93 Preparing to unpack .../58-libdatrie1_0.2.13-2_amd64.deb ...
#21 17.93 Unpacking libdatrie1:amd64 (0.2.13-2) ...
#21 17.96 Selecting previously unselected package libexif12:amd64.
#21 17.96 Preparing to unpack .../59-libexif12_0.6.24-1ubuntu0.22.04.1_amd64.deb ...
#21 17.96 Unpacking libexif12:amd64 (0.6.24-1ubuntu0.22.04.1) ...
#21 17.98 Selecting previously unselected package libgdk-pixbuf2.0-common.
#21 17.98 Preparing to unpack .../60-libgdk-pixbuf2.0-common_2.42.8+dfsg-1ubuntu0.5_all.deb ...
#21 17.99 Unpacking libgdk-pixbuf2.0-common (2.42.8+dfsg-1ubuntu0.5) ...
#21 18.01 Selecting previously unselected package libgdk-pixbuf-2.0-0:amd64.
#21 18.01 Preparing to unpack .../61-libgdk-pixbuf-2.0-0_2.42.8+dfsg-1ubuntu0.5_amd64.deb ...
#21 18.02 Unpacking libgdk-pixbuf-2.0-0:amd64 (2.42.8+dfsg-1ubuntu0.5) ...
#21 18.04 Selecting previously unselected package libgraphite2-3:amd64.
#21 18.05 Preparing to unpack .../62-libgraphite2-3_1.3.14-1ubuntu0.1_amd64.deb ...
#21 18.05 Unpacking libgraphite2-3:amd64 (1.3.14-1ubuntu0.1) ...
#21 18.07 Selecting previously unselected package libgsf-1-common.
#21 18.07 Preparing to unpack .../63-libgsf-1-common_1.14.47-1ubuntu0.1_all.deb ...
#21 18.07 Unpacking libgsf-1-common (1.14.47-1ubuntu0.1) ...
#21 18.10 Selecting previously unselected package libgsf-1-114:amd64.
#21 18.10 Preparing to unpack .../64-libgsf-1-114_1.14.47-1ubuntu0.1_amd64.deb ...
#21 18.10 Unpacking libgsf-1-114:amd64 (1.14.47-1ubuntu0.1) ...
#21 18.12 Selecting previously unselected package libharfbuzz0b:amd64.
#21 18.13 Preparing to unpack .../65-libharfbuzz0b_2.7.4-1ubuntu3.2_amd64.deb ...
#21 18.13 Unpacking libharfbuzz0b:amd64 (2.7.4-1ubuntu3.2) ...
#21 18.15 Selecting previously unselected package libsz2:amd64.
#21 18.15 Preparing to unpack .../66-libsz2_1.0.6-1_amd64.deb ...
#21 18.16 Unpacking libsz2:amd64 (1.0.6-1) ...
#21 18.18 Selecting previously unselected package libhdf5-103-1:amd64.
#21 18.18 Preparing to unpack .../67-libhdf5-103-1_1.10.7+repack-4ubuntu2_amd64.deb ...
#21 18.18 Unpacking libhdf5-103-1:amd64 (1.10.7+repack-4ubuntu2) ...
#21 18.22 Selecting previously unselected package libilmbase25:amd64.
#21 18.22 Preparing to unpack .../68-libilmbase25_2.5.7-2_amd64.deb ...
#21 18.22 Unpacking libilmbase25:amd64 (2.5.7-2) ...
#21 18.25 Selecting previously unselected package libimagequant0:amd64.
#21 18.25 Preparing to unpack .../69-libimagequant0_2.17.0-1_amd64.deb ...
#21 18.25 Unpacking libimagequant0:amd64 (2.17.0-1) ...
#21 18.28 Selecting previously unselected package libmatio11:amd64.
#21 18.28 Preparing to unpack .../70-libmatio11_1.5.21-1_amd64.deb ...
#21 18.28 Unpacking libmatio11:amd64 (1.5.21-1) ...
#21 18.30 Selecting previously unselected package libnspr4:amd64.
#21 18.30 Preparing to unpack .../71-libnspr4_2%3a4.35-0ubuntu0.22.04.1_amd64.deb ...
#21 18.31 Unpacking libnspr4:amd64 (2:4.35-0ubuntu0.22.04.1) ...
#21 18.33 Selecting previously unselected package libnss3:amd64.
#21 18.33 Preparing to unpack .../72-libnss3_2%3a3.98-0ubuntu0.22.04.4_amd64.deb ...
#21 18.33 Unpacking libnss3:amd64 (2:3.98-0ubuntu0.22.04.4) ...
#21 18.43 Selecting previously unselected package libopenexr25:amd64.
#21 18.44 Preparing to unpack .../73-libopenexr25_2.5.7-1_amd64.deb ...
#21 18.44 Unpacking libopenexr25:amd64 (2.5.7-1) ...
#21 18.47 Selecting previously unselected package libopenslide0.
#21 18.47 Preparing to unpack .../74-libopenslide0_3.4.1+dfsg-5build1_amd64.deb ...
#21 18.47 Unpacking libopenslide0 (3.4.1+dfsg-5build1) ...
#21 18.50 Selecting previously unselected package liborc-0.4-0:amd64.
#21 18.50 Preparing to unpack .../75-liborc-0.4-0_1%3a0.4.32-2ubuntu0.1_amd64.deb ...
#21 18.50 Unpacking liborc-0.4-0:amd64 (1:0.4.32-2ubuntu0.1) ...
#21 18.52 Selecting previously unselected package libthai-data.
#21 18.52 Preparing to unpack .../76-libthai-data_0.1.29-1build1_all.deb ...
#21 18.52 Unpacking libthai-data (0.1.29-1build1) ...
#21 18.55 Selecting previously unselected package libthai0:amd64.
#21 18.55 Preparing to unpack .../77-libthai0_0.1.29-1build1_amd64.deb ...
#21 18.55 Unpacking libthai0:amd64 (0.1.29-1build1) ...
#21 18.58 Selecting previously unselected package libpango-1.0-0:amd64.
#21 18.58 Preparing to unpack .../78-libpango-1.0-0_1.50.6+ds-2ubuntu1_amd64.deb ...
#21 18.58 Unpacking libpango-1.0-0:amd64 (1.50.6+ds-2ubuntu1) ...
#21 18.61 Selecting previously unselected package libpangoft2-1.0-0:amd64.
#21 18.61 Preparing to unpack .../79-libpangoft2-1.0-0_1.50.6+ds-2ubuntu1_amd64.deb ...
#21 18.61 Unpacking libpangoft2-1.0-0:amd64 (1.50.6+ds-2ubuntu1) ...
#21 18.63 Selecting previously unselected package libpangocairo-1.0-0:amd64.
#21 18.63 Preparing to unpack .../80-libpangocairo-1.0-0_1.50.6+ds-2ubuntu1_amd64.deb ...
#21 18.64 Unpacking libpangocairo-1.0-0:amd64 (1.50.6+ds-2ubuntu1) ...
#21 18.66 Selecting previously unselected package libpoppler118:amd64.
#21 18.66 Preparing to unpack .../81-libpoppler118_22.02.0-2ubuntu0.13_amd64.deb ...
#21 18.66 Unpacking libpoppler118:amd64 (22.02.0-2ubuntu0.13) ...
#21 18.70 Selecting previously unselected package libpoppler-glib8:amd64.
#21 18.70 Preparing to unpack .../82-libpoppler-glib8_22.02.0-2ubuntu0.13_amd64.deb ...
#21 18.70 Unpacking libpoppler-glib8:amd64 (22.02.0-2ubuntu0.13) ...
#21 18.72 Selecting previously unselected package librsvg2-2:amd64.
#21 18.72 Preparing to unpack .../83-librsvg2-2_2.52.5+dfsg-3ubuntu0.2_amd64.deb ...
#21 18.73 Unpacking librsvg2-2:amd64 (2.52.5+dfsg-3ubuntu0.2) ...
#21 18.79 Selecting previously unselected package libvips42:amd64.
#21 18.79 Preparing to unpack .../84-libvips42_8.12.1-1build1_amd64.deb ...
#21 18.79 Unpacking libvips42:amd64 (8.12.1-1build1) ...
#21 18.82 Selecting previously unselected package libvips-tools.
#21 18.82 Preparing to unpack .../85-libvips-tools_8.12.1-1build1_amd64.deb ...
#21 18.82 Unpacking libvips-tools (8.12.1-1build1) ...
#21 18.85 Setting up media-types (7.0.0) ...
#21 18.86 Setting up libgsf-1-common (1.14.47-1ubuntu0.1) ...
#21 18.86 Setting up libgraphite2-3:amd64 (1.3.14-1ubuntu0.1) ...
#21 18.87 Setting up liblcms2-2:amd64 (2.12~rc1-2ubuntu0.1) ...
#21 18.88 Setting up libpixman-1-0:amd64 (0.40.0-1ubuntu0.22.04.1) ...
#21 18.89 Setting up libaom3:amd64 (3.3.0-1ubuntu0.1) ...
#21 18.90 Setting up libxau6:amd64 (1:1.0.9-1build5) ...
#21 18.90 Setting up imagemagick-6-common (8:6.9.11.60+dfsg-1.3ubuntu0.22.04.5) ...
#21 18.95 Setting up libpsl5:amd64 (0.21.0-1.2build2) ...
#21 18.96 Setting up libcgif0 (0.2.0-1) ...
#21 18.96 Setting up libdatrie1:amd64 (0.2.13-2) ...
#21 18.97 Setting up libglib2.0-0:amd64 (2.72.4-0ubuntu2.9) ...
#21 18.98 No schema files found: doing nothing.
#21 18.99 Setting up libsqlite3-0:amd64 (3.37.2-2ubuntu0.7) ...
#21 18.99 Setting up libgdk-pixbuf2.0-common (2.42.8+dfsg-1ubuntu0.5) ...
#21 19.00 Setting up libnghttp2-14:amd64 (1.43.0-1ubuntu0.4) ...
#21 19.01 Setting up libdeflate0:amd64 (1.10-2) ...
#21 19.02 Setting up libilmbase25:amd64 (2.5.7-2) ...
#21 19.03 Setting up libgomp1:amd64 (12.3.0-1ubuntu1~22.04.3) ...
#21 19.03 Setting up libjbig0:amd64 (2.1-3.1ubuntu0.22.04.1) ...
#21 19.04 Setting up libaec0:amd64 (1.0.6-1) ...
#21 19.05 Setting up libsasl2-modules-db:amd64 (2.1.27+dfsg2-3ubuntu1.2) ...
#21 19.06 Setting up libopenexr25:amd64 (2.5.7-1) ...
#21 19.06 Setting up libx11-data (2:1.7.5-1ubuntu0.3) ...
#21 19.07 Setting up libnspr4:amd64 (2:4.35-0ubuntu0.22.04.1) ...
#21 19.08 Setting up librtmp1:amd64 (2.4+20151223.gitfa8646d.1-2build4) ...
#21 19.09 Setting up libfribidi0:amd64 (1.0.8-2ubuntu3.1) ...
#21 19.10 Setting up libexif12:amd64 (0.6.24-1ubuntu0.22.04.1) ...
#21 19.10 Setting up libimagequant0:amd64 (2.17.0-1) ...
#21 19.11 Setting up liborc-0.4-0:amd64 (1:0.4.32-2ubuntu0.1) ...
#21 19.12 Setting up libjpeg-turbo8:amd64 (2.1.2-0ubuntu1) ...
#21 19.13 Setting up libltdl7:amd64 (2.4.6-15build2) ...
#21 19.14 Setting up libfftw3-double3:amd64 (3.3.8-2ubuntu8) ...
#21 19.14 Setting up libsasl2-2:amd64 (2.1.27+dfsg2-3ubuntu1.2) ...
#21 19.15 Setting up libssh-4:amd64 (0.9.6-2ubuntu0.22.04.7) ...
#21 19.16 Setting up libwebp7:amd64 (1.2.2-2ubuntu0.22.04.2) ...
#21 19.17 Setting up libnuma1:amd64 (2.0.14-3ubuntu2) ...
#21 19.17 Setting up libmd0:amd64 (1.0.4-1build1) ...
#21 19.18 Setting up liblqr-1-0:amd64 (0.4.2-2.1) ...
#21 19.19 Setting up libmpdec3:amd64 (2.5.1-2build2) ...
#21 19.20 Setting up libopenjp2-7:amd64 (2.4.0-6ubuntu0.5) ...
#21 19.21 Setting up libharfbuzz0b:amd64 (2.7.4-1ubuntu3.2) ...
#21 19.21 Setting up libthai-data (0.1.29-1build1) ...
#21 19.22 Setting up libdav1d5:amd64 (0.9.2-1) ...
#21 19.23 Setting up libde265-0:amd64 (1.0.8-1ubuntu0.3) ...
#21 19.24 Setting up libwebpmux3:amd64 (1.2.2-2ubuntu0.22.04.2) ...
#21 19.24 Setting up libbsd0:amd64 (0.11.5-1) ...
#21 19.25 Setting up readline-common (8.1.2-1) ...
#21 19.26 Setting up libonig5:amd64 (6.9.7.1-2build1) ...
#21 19.28 Setting up libsz2:amd64 (1.0.6-1) ...
#21 19.28 Setting up libicu70:amd64 (70.1-2) ...
#21 19.29 Setting up libjpeg8:amd64 (8c-2ubuntu10) ...
#21 19.30 Setting up libxdmcp6:amd64 (1:1.1.3-0ubuntu5) ...
#21 19.31 Setting up libxcb1:amd64 (1.14-3ubuntu3) ...
#21 19.31 Setting up libxcb-render0:amd64 (1.14-3ubuntu3) ...
#21 19.32 Setting up libjq1:amd64 (1.6-2.1ubuntu3.2) ...
#21 19.33 Setting up libwebpdemux2:amd64 (1.2.2-2ubuntu0.22.04.2) ...
#21 19.34 Setting up libreadline8:amd64 (8.1.2-1) ...
#21 19.35 Setting up libnss3:amd64 (2:3.98-0ubuntu0.22.04.4) ...
#21 19.36 Setting up libxcb-shm0:amd64 (1.14-3ubuntu3) ...
#21 19.36 Setting up libldap-2.5-0:amd64 (2.5.20+dfsg-0ubuntu0.22.04.1) ...
#21 19.37 Setting up libpython3.10-stdlib:amd64 (3.10.12-1~22.04.16) ...
#21 19.38 Setting up libthai0:amd64 (0.1.29-1build1) ...
#21 19.39 Setting up libx265-199:amd64 (3.5-2) ...
#21 19.40 Setting up jq (1.6-2.1ubuntu3.2) ...
#21 19.40 Setting up libcurl4:amd64 (7.81.0-1ubuntu1.25) ...
#21 19.41 Setting up libx11-6:amd64 (2:1.7.5-1ubuntu0.3) ...
#21 19.42 Setting up libtiff5:amd64 (4.3.0-6ubuntu0.13) ...
#21 19.43 Setting up curl (7.81.0-1ubuntu1.25) ...
#21 19.43 Setting up libxml2:amd64 (2.9.13+dfsg-1ubuntu0.12) ...
#21 19.44 Setting up libpython3-stdlib:amd64 (3.10.6-1~22.04.1) ...
#21 19.45 Setting up python3.10 (3.10.12-1~22.04.16) ...
#21 19.84 Setting up libxrender1:amd64 (1:0.9.10-1build4) ...
#21 19.87 Setting up libpango-1.0-0:amd64 (1.50.6+ds-2ubuntu1) ...
#21 19.88 Setting up libheif1:amd64 (1.12.0-2build1) ...
#21 19.89 Setting up libxext6:amd64 (2:1.3.4-1build1) ...
#21 19.90 Setting up libcurl3-gnutls:amd64 (7.81.0-1ubuntu1.25) ...
#21 19.90 Setting up python3 (3.10.6-1~22.04.1) ...
#21 19.91 running python rtupdate hooks for python3.10...
#21 19.91 running python post-rtupdate hooks for python3.10...
#21 19.96 Setting up libcairo2:amd64 (1.16.0-5ubuntu2.1) ...
#21 19.97 Setting up libgsf-1-114:amd64 (1.14.47-1ubuntu0.1) ...
#21 19.99 Setting up libcfitsio9:amd64 (4.0.0-1) ...
#21 19.99 Setting up libpoppler118:amd64 (22.02.0-2ubuntu0.13) ...
#21 20.00 Setting up libmagickcore-6.q16-6:amd64 (8:6.9.11.60+dfsg-1.3ubuntu0.22.04.5) ...
#21 20.01 Setting up shared-mime-info (2.1-2) ...
#21 21.34 Setting up libhdf5-103-1:amd64 (1.10.7+repack-4ubuntu2) ...
#21 21.35 Setting up libgdk-pixbuf-2.0-0:amd64 (2.42.8+dfsg-1ubuntu0.5) ...
#21 21.36 Setting up libcairo-gobject2:amd64 (1.16.0-5ubuntu2.1) ...
#21 21.37 Setting up libpangoft2-1.0-0:amd64 (1.50.6+ds-2ubuntu1) ...
#21 21.38 Setting up libopenslide0 (3.4.1+dfsg-5build1) ...
#21 21.39 Setting up libpangocairo-1.0-0:amd64 (1.50.6+ds-2ubuntu1) ...
#21 21.39 Setting up libpoppler-glib8:amd64 (22.02.0-2ubuntu0.13) ...
#21 21.40 Setting up librsvg2-2:amd64 (2.52.5+dfsg-3ubuntu0.2) ...
#21 21.41 Setting up libmatio11:amd64 (1.5.21-1) ...
#21 21.42 Setting up libvips42:amd64 (8.12.1-1build1) ...
#21 21.43 Setting up libvips-tools (8.12.1-1build1) ...
#21 21.43 Processing triggers for libc-bin (2.35-0ubuntu3.14) ...
#21 21.51 
#21 21.51 WARNING: apt does not have a stable CLI interface. Use with caution in scripts.
#21 21.51 
#21 21.51 
#21 21.51 WARNING: apt does not have a stable CLI interface. Use with caution in scripts.
#21 21.51 
#21 21.53 Reading package lists...
#21 22.29 Building dependency tree...
#21 22.46 Reading state information...
#21 22.67 0 upgraded, 0 newly installed, 0 to remove and 2 not upgraded.
#21 DONE 22.9s

#22 [linux/arm64 stage-1 5/5] RUN apt update -q     && apt install -q -y --no-install-recommends         jq         curl         libvips-tools     && apt clean -q -y     && apt autoremove --purge -q -y
#22 13.12 Fetched 47.0 MB in 13s (3,709 kB/s)
#22 13.12 Reading package lists...
#22 21.55 Building dependency tree...
#22 22.26 Reading state information...
#22 22.35 2 packages can be upgraded. Run 'apt list --upgradable' to see them.
#22 22.42 
#22 22.42 WARNING: apt does not have a stable CLI interface. Use with caution in scripts.
#22 22.42 
#22 22.79 Reading package lists...
#22 30.95 Building dependency tree...
#22 31.67 Reading state information...
#22 32.53 The following additional packages will be installed:
#22 32.53   imagemagick-6-common libaec0 libaom3 libbsd0 libcairo-gobject2 libcairo2
#22 32.53   libcfitsio9 libcgif0 libcurl3-gnutls libcurl4 libdatrie1 libdav1d5
#22 32.53   libde265-0 libdeflate0 libexif12 libfftw3-double3 libfribidi0
#22 32.53   libgdk-pixbuf-2.0-0 libgdk-pixbuf2.0-common libglib2.0-0 libgomp1
#22 32.53   libgraphite2-3 libgsf-1-114 libgsf-1-common libharfbuzz0b libhdf5-103-1
#22 32.53   libheif1 libicu70 libilmbase25 libimagequant0 libjbig0 libjpeg-turbo8
#22 32.53   libjpeg8 libjq1 liblcms2-2 libldap-2.5-0 liblqr-1-0 libltdl7
#22 32.53   libmagickcore-6.q16-6 libmatio11 libmd0 libmpdec3 libnghttp2-14 libnspr4
#22 32.53   libnss3 libnuma1 libonig5 libopenexr25 libopenjp2-7 libopenslide0
#22 32.53   liborc-0.4-0 libpango-1.0-0 libpangocairo-1.0-0 libpangoft2-1.0-0
#22 32.53   libpixman-1-0 libpoppler-glib8 libpoppler118 libpsl5 libpython3-stdlib
#22 32.53   libpython3.10-minimal libpython3.10-stdlib libreadline8 librsvg2-2 librtmp1
#22 32.53   libsasl2-2 libsasl2-modules-db libsqlite3-0 libssh-4 libsz2 libthai-data
#22 32.53   libthai0 libtiff5 libvips42 libwebp7 libwebpdemux2 libwebpmux3 libx11-6
#22 32.53   libx11-data libx265-199 libxau6 libxcb-render0 libxcb-shm0 libxcb1 libxdmcp6
#22 32.53   libxext6 libxml2 libxrender1 media-types python3 python3-minimal python3.10
#22 32.53   python3.10-minimal readline-common shared-mime-info
#22 32.54 Suggested packages:
#22 32.54   libfftw3-bin libfftw3-dev liblcms2-utils libmagickcore-6.q16-6-extra
#22 32.54   librsvg2-bin libvips-dev python3-doc python3-tk python3-venv python3.10-venv
#22 32.54   python3.10-doc binfmt-support readline-doc
#22 32.54 Recommended packages:
#22 32.54   libgdk-pixbuf2.0-bin libglib2.0-data xdg-user-dirs libldap-common
#22 32.54   ghostscript gsfonts poppler-data publicsuffix librsvg2-common
#22 32.54   libsasl2-modules nip2 libvips-doc
#22 34.64 The following NEW packages will be installed:
#22 34.64   curl imagemagick-6-common jq libaec0 libaom3 libbsd0 libcairo-gobject2
#22 34.64   libcairo2 libcfitsio9 libcgif0 libcurl3-gnutls libcurl4 libdatrie1 libdav1d5
#22 34.64   libde265-0 libdeflate0 libexif12 libfftw3-double3 libfribidi0
#22 34.64   libgdk-pixbuf-2.0-0 libgdk-pixbuf2.0-common libglib2.0-0 libgomp1
#22 34.64   libgraphite2-3 libgsf-1-114 libgsf-1-common libharfbuzz0b libhdf5-103-1
#22 34.64   libheif1 libicu70 libilmbase25 libimagequant0 libjbig0 libjpeg-turbo8
#22 34.64   libjpeg8 libjq1 liblcms2-2 libldap-2.5-0 liblqr-1-0 libltdl7
#22 34.64   libmagickcore-6.q16-6 libmatio11 libmd0 libmpdec3 libnghttp2-14 libnspr4
#22 34.64   libnss3 libnuma1 libonig5 libopenexr25 libopenjp2-7 libopenslide0
#22 34.64   liborc-0.4-0 libpango-1.0-0 libpangocairo-1.0-0 libpangoft2-1.0-0
#22 34.64   libpixman-1-0 libpoppler-glib8 libpoppler118 libpsl5 libpython3-stdlib
#22 34.64   libpython3.10-minimal libpython3.10-stdlib libreadline8 librsvg2-2 librtmp1
#22 34.64   libsasl2-2 libsasl2-modules-db libsqlite3-0 libssh-4 libsz2 libthai-data
#22 34.64   libthai0 libtiff5 libvips-tools libvips42 libwebp7 libwebpdemux2 libwebpmux3
#22 34.64   libx11-6 libx11-data libx265-199 libxau6 libxcb-render0 libxcb-shm0 libxcb1
#22 34.64   libxdmcp6 libxext6 libxml2 libxrender1 media-types python3 python3-minimal
#22 34.64   python3.10 python3.10-minimal readline-common shared-mime-info
#22 34.89 0 upgraded, 97 newly installed, 0 to remove and 2 not upgraded.
#22 34.89 Need to get 40.1 MB of archives.
#22 34.89 After this operation, 132 MB of additional disk space will be used.
#22 34.89 Get:1 http://ports.ubuntu.com/ubuntu-ports jammy-updates/main arm64 libpython3.10-minimal arm64 3.10.12-1~22.04.16 [814 kB]
#22 35.15 Get:2 http://ports.ubuntu.com/ubuntu-ports jammy-updates/main arm64 python3.10-minimal arm64 3.10.12-1~22.04.16 [2,245 kB]
#22 35.34 Get:3 http://ports.ubuntu.com/ubuntu-ports jammy-updates/main arm64 python3-minimal arm64 3.10.6-1~22.04.1 [24.3 kB]
#22 35.35 Get:4 http://ports.ubuntu.com/ubuntu-ports jammy/main arm64 media-types all 7.0.0 [25.5 kB]
#22 35.35 Get:5 http://ports.ubuntu.com/ubuntu-ports jammy/main arm64 libmpdec3 arm64 2.5.1-2build2 [89.0 kB]
#22 35.35 Get:6 http://ports.ubuntu.com/ubuntu-ports jammy/main arm64 readline-common all 8.1.2-1 [53.5 kB]
#22 35.36 Get:7 http://ports.ubuntu.com/ubuntu-ports jammy/main arm64 libreadline8 arm64 8.1.2-1 [153 kB]
#22 35.37 Get:8 http://ports.ubuntu.com/ubuntu-ports jammy-updates/main arm64 libsqlite3-0 arm64 3.37.2-2ubuntu0.7 [636 kB]
#22 35.42 Get:9 http://ports.ubuntu.com/ubuntu-ports jammy-updates/main arm64 libpython3.10-stdlib arm64 3.10.12-1~22.04.16 [1,849 kB]
#22 35.58 Get:10 http://ports.ubuntu.com/ubuntu-ports jammy-updates/main arm64 python3.10 arm64 3.10.12-1~22.04.16 [508 kB]
#22 35.62 Get:11 http://ports.ubuntu.com/ubuntu-ports jammy-updates/main arm64 libpython3-stdlib arm64 3.10.6-1~22.04.1 [6,812 B]
#22 35.62 Get:12 http://ports.ubuntu.com/ubuntu-ports jammy-updates/main arm64 python3 arm64 3.10.6-1~22.04.1 [22.8 kB]
#22 35.62 Get:13 http://ports.ubuntu.com/ubuntu-ports jammy-updates/main arm64 libgomp1 arm64 12.3.0-1ubuntu1~22.04.3 [124 kB]
#22 35.63 Get:14 http://ports.ubuntu.com/ubuntu-ports jammy/main arm64 libfftw3-double3 arm64 3.3.8-2ubuntu8 [326 kB]
#22 35.66 Get:15 http://ports.ubuntu.com/ubuntu-ports jammy-updates/universe arm64 libaom3 arm64 3.3.0-1ubuntu0.1 [1,415 kB]
#22 35.79 Get:16 http://ports.ubuntu.com/ubuntu-ports jammy/universe arm64 libdav1d5 arm64 0.9.2-1 [313 kB]
#22 35.81 Get:17 http://ports.ubuntu.com/ubuntu-ports jammy-updates/universe arm64 libde265-0 arm64 1.0.8-1ubuntu0.3 [264 kB]
#22 35.84 Get:18 http://ports.ubuntu.com/ubuntu-ports jammy/main arm64 libnuma1 arm64 2.0.14-3ubuntu2 [22.4 kB]
#22 35.84 Get:19 http://ports.ubuntu.com/ubuntu-ports jammy/universe arm64 libx265-199 arm64 3.5-2 [699 kB]
#22 35.90 Get:20 http://ports.ubuntu.com/ubuntu-ports jammy/universe arm64 libheif1 arm64 1.12.0-2build1 [184 kB]
#22 35.91 Get:21 http://ports.ubuntu.com/ubuntu-ports jammy-updates/main arm64 libjbig0 arm64 2.1-3.1ubuntu0.22.04.1 [29.1 kB]
#22 35.92 Get:22 http://ports.ubuntu.com/ubuntu-ports jammy/main arm64 libjpeg-turbo8 arm64 2.1.2-0ubuntu1 [129 kB]
#22 35.93 Get:23 http://ports.ubuntu.com/ubuntu-ports jammy/main arm64 libjpeg8 arm64 8c-2ubuntu10 [2,264 B]
#22 35.93 Get:24 http://ports.ubuntu.com/ubuntu-ports jammy-updates/main arm64 liblcms2-2 arm64 2.12~rc1-2ubuntu0.1 [158 kB]
#22 35.94 Get:25 http://ports.ubuntu.com/ubuntu-ports jammy-updates/main arm64 libglib2.0-0 arm64 2.72.4-0ubuntu2.9 [1,435 kB]
#22 36.06 Get:26 http://ports.ubuntu.com/ubuntu-ports jammy/universe arm64 liblqr-1-0 arm64 0.4.2-2.1 [22.5 kB]
#22 36.07 Get:27 http://ports.ubuntu.com/ubuntu-ports jammy/main arm64 libltdl7 arm64 2.4.6-15build2 [39.5 kB]
#22 36.07 Get:28 http://ports.ubuntu.com/ubuntu-ports jammy-updates/main arm64 libopenjp2-7 arm64 2.4.0-6ubuntu0.5 [155 kB]
#22 36.08 Get:29 http://ports.ubuntu.com/ubuntu-ports jammy/main arm64 libdeflate0 arm64 1.10-2 [69.1 kB]
#22 36.08 Get:30 http://ports.ubuntu.com/ubuntu-ports jammy-updates/main arm64 libwebp7 arm64 1.2.2-2ubuntu0.22.04.2 [193 kB]
#22 36.10 Get:31 http://ports.ubuntu.com/ubuntu-ports jammy-updates/main arm64 libtiff5 arm64 4.3.0-6ubuntu0.13 [181 kB]
#22 36.12 Get:32 http://ports.ubuntu.com/ubuntu-ports jammy-updates/main arm64 libwebpdemux2 arm64 1.2.2-2ubuntu0.22.04.2 [10.0 kB]
#22 36.12 Get:33 http://ports.ubuntu.com/ubuntu-ports jammy-updates/main arm64 libwebpmux3 arm64 1.2.2-2ubuntu0.22.04.2 [20.9 kB]
#22 36.12 Get:34 http://ports.ubuntu.com/ubuntu-ports jammy/main arm64 libxau6 arm64 1:1.0.9-1build5 [7,624 B]
#22 36.15 Get:35 http://ports.ubuntu.com/ubuntu-ports jammy/main arm64 libmd0 arm64 1.0.4-1build1 [23.8 kB]
#22 36.15 Get:36 http://ports.ubuntu.com/ubuntu-ports jammy/main arm64 libbsd0 arm64 0.11.5-1 [43.7 kB]
#22 36.15 Get:37 http://ports.ubuntu.com/ubuntu-ports jammy/main arm64 libxdmcp6 arm64 1:1.1.3-0ubuntu5 [10.8 kB]
#22 36.16 Get:38 http://ports.ubuntu.com/ubuntu-ports jammy/main arm64 libxcb1 arm64 1.14-3ubuntu3 [49.0 kB]
#22 36.16 Get:39 http://ports.ubuntu.com/ubuntu-ports jammy-updates/main arm64 libx11-data all 2:1.7.5-1ubuntu0.3 [120 kB]
#22 36.20 Get:40 http://ports.ubuntu.com/ubuntu-ports jammy-updates/main arm64 libx11-6 arm64 2:1.7.5-1ubuntu0.3 [661 kB]
#22 36.26 Get:41 http://ports.ubuntu.com/ubuntu-ports jammy/main arm64 libxext6 arm64 2:1.3.4-1build1 [31.1 kB]
#22 36.26 Get:42 http://ports.ubuntu.com/ubuntu-ports jammy/main arm64 libicu70 arm64 70.1-2 [10.5 MB]
#22 37.15 Get:43 http://ports.ubuntu.com/ubuntu-ports jammy-updates/main arm64 libxml2 arm64 2.9.13+dfsg-1ubuntu0.12 [729 kB]
#22 37.21 Get:44 http://ports.ubuntu.com/ubuntu-ports jammy-updates/universe arm64 imagemagick-6-common all 8:6.9.11.60+dfsg-1.3ubuntu0.22.04.5 [64.3 kB]
#22 37.22 Get:45 http://ports.ubuntu.com/ubuntu-ports jammy-updates/universe arm64 libmagickcore-6.q16-6 arm64 8:6.9.11.60+dfsg-1.3ubuntu0.22.04.5 [1,695 kB]
#22 37.36 Get:46 http://ports.ubuntu.com/ubuntu-ports jammy-updates/main arm64 libfribidi0 arm64 1.0.8-2ubuntu3.1 [26.4 kB]
#22 37.36 Get:47 http://ports.ubuntu.com/ubuntu-ports jammy/main arm64 shared-mime-info arm64 2.1-2 [453 kB]
#22 37.40 Get:48 http://ports.ubuntu.com/ubuntu-ports jammy-updates/main arm64 libnghttp2-14 arm64 1.43.0-1ubuntu0.4 [76.2 kB]
#22 37.41 Get:49 http://ports.ubuntu.com/ubuntu-ports jammy/main arm64 libpsl5 arm64 0.21.0-1.2build2 [58.3 kB]
#22 37.41 Get:50 http://ports.ubuntu.com/ubuntu-ports jammy-updates/main arm64 libsasl2-modules-db arm64 2.1.27+dfsg2-3ubuntu1.2 [21.1 kB]
#22 37.41 Get:51 http://ports.ubuntu.com/ubuntu-ports jammy-updates/main arm64 libsasl2-2 arm64 2.1.27+dfsg2-3ubuntu1.2 [55.6 kB]
#22 37.42 Get:52 http://ports.ubuntu.com/ubuntu-ports jammy-updates/main arm64 libldap-2.5-0 arm64 2.5.20+dfsg-0ubuntu0.22.04.1 [182 kB]
#22 37.43 Get:53 http://ports.ubuntu.com/ubuntu-ports jammy/main arm64 librtmp1 arm64 2.4+20151223.gitfa8646d.1-2build4 [59.2 kB]
#22 37.44 Get:54 http://ports.ubuntu.com/ubuntu-ports jammy-updates/main arm64 libssh-4 arm64 0.9.6-2ubuntu0.22.04.7 [186 kB]
#22 37.45 Get:55 http://ports.ubuntu.com/ubuntu-ports jammy-updates/main arm64 libcurl4 arm64 7.81.0-1ubuntu1.25 [285 kB]
#22 37.47 Get:56 http://ports.ubuntu.com/ubuntu-ports jammy-updates/main arm64 curl arm64 7.81.0-1ubuntu1.25 [190 kB]
#22 37.49 Get:57 http://ports.ubuntu.com/ubuntu-ports jammy/main arm64 libonig5 arm64 6.9.7.1-2build1 [169 kB]
#22 37.50 Get:58 http://ports.ubuntu.com/ubuntu-ports jammy-updates/main arm64 libjq1 arm64 1.6-2.1ubuntu3.2 [127 kB]
#22 37.51 Get:59 http://ports.ubuntu.com/ubuntu-ports jammy-updates/main arm64 jq arm64 1.6-2.1ubuntu3.2 [52.1 kB]
#22 37.52 Get:60 http://ports.ubuntu.com/ubuntu-ports jammy/universe arm64 libaec0 arm64 1.0.6-1 [19.5 kB]
#22 37.52 Get:61 http://ports.ubuntu.com/ubuntu-ports jammy-updates/main arm64 libpixman-1-0 arm64 0.40.0-1ubuntu0.22.04.1 [160 kB]
#22 37.53 Get:62 http://ports.ubuntu.com/ubuntu-ports jammy/main arm64 libxcb-render0 arm64 1.14-3ubuntu3 [16.2 kB]
#22 37.54 Get:63 http://ports.ubuntu.com/ubuntu-ports jammy/main arm64 libxcb-shm0 arm64 1.14-3ubuntu3 [5,848 B]
#22 37.54 Get:64 http://ports.ubuntu.com/ubuntu-ports jammy/main arm64 libxrender1 arm64 1:0.9.10-1build4 [18.8 kB]
#22 37.54 Get:65 http://ports.ubuntu.com/ubuntu-ports jammy-updates/main arm64 libcairo2 arm64 1.16.0-5ubuntu2.1 [613 kB]
#22 37.59 Get:66 http://ports.ubuntu.com/ubuntu-ports jammy-updates/main arm64 libcairo-gobject2 arm64 1.16.0-5ubuntu2.1 [19.4 kB]
#22 37.59 Get:67 http://ports.ubuntu.com/ubuntu-ports jammy-updates/main arm64 libcurl3-gnutls arm64 7.81.0-1ubuntu1.25 [280 kB]
#22 37.61 Get:68 http://ports.ubuntu.com/ubuntu-ports jammy/universe arm64 libcfitsio9 arm64 4.0.0-1 [497 kB]
#22 37.66 Get:69 http://ports.ubuntu.com/ubuntu-ports jammy/universe arm64 libcgif0 arm64 0.2.0-1 [9,078 B]
#22 37.66 Get:70 http://ports.ubuntu.com/ubuntu-ports jammy/main arm64 libdatrie1 arm64 0.2.13-2 [19.8 kB]
#22 37.66 Get:71 http://ports.ubuntu.com/ubuntu-ports jammy-updates/main arm64 libexif12 arm64 0.6.24-1ubuntu0.22.04.1 [91.3 kB]
#22 37.67 Get:72 http://ports.ubuntu.com/ubuntu-ports jammy-updates/main arm64 libgdk-pixbuf2.0-common all 2.42.8+dfsg-1ubuntu0.5 [5,560 B]
#22 37.67 Get:73 http://ports.ubuntu.com/ubuntu-ports jammy-updates/main arm64 libgdk-pixbuf-2.0-0 arm64 2.42.8+dfsg-1ubuntu0.5 [143 kB]
#22 37.68 Get:74 http://ports.ubuntu.com/ubuntu-ports jammy-updates/main arm64 libgraphite2-3 arm64 1.3.14-1ubuntu0.1 [69.2 kB]
#22 37.69 Get:75 http://ports.ubuntu.com/ubuntu-ports jammy-updates/main arm64 libgsf-1-common all 1.14.47-1ubuntu0.1 [13.0 kB]
#22 37.69 Get:76 http://ports.ubuntu.com/ubuntu-ports jammy-updates/main arm64 libgsf-1-114 arm64 1.14.47-1ubuntu0.1 [108 kB]
#22 37.70 Get:77 http://ports.ubuntu.com/ubuntu-ports jammy-updates/main arm64 libharfbuzz0b arm64 2.7.4-1ubuntu3.2 [353 kB]
#22 37.73 Get:78 http://ports.ubuntu.com/ubuntu-ports jammy/universe arm64 libsz2 arm64 1.0.6-1 [5,144 B]
#22 37.73 Get:79 http://ports.ubuntu.com/ubuntu-ports jammy/universe arm64 libhdf5-103-1 arm64 1.10.7+repack-4ubuntu2 [1,207 kB]
#22 37.83 Get:80 http://ports.ubuntu.com/ubuntu-ports jammy/universe arm64 libilmbase25 arm64 2.5.7-2 [169 kB]
#22 37.84 Get:81 http://ports.ubuntu.com/ubuntu-ports jammy/main arm64 libimagequant0 arm64 2.17.0-1 [34.4 kB]
#22 37.84 Get:82 http://ports.ubuntu.com/ubuntu-ports jammy/universe arm64 libmatio11 arm64 1.5.21-1 [104 kB]
#22 37.85 Get:83 http://ports.ubuntu.com/ubuntu-ports jammy-updates/main arm64 libnspr4 arm64 2:4.35-0ubuntu0.22.04.1 [116 kB]
#22 37.86 Get:84 http://ports.ubuntu.com/ubuntu-ports jammy-updates/main arm64 libnss3 arm64 2:3.98-0ubuntu0.22.04.4 [1,237 kB]
#22 37.97 Get:85 http://ports.ubuntu.com/ubuntu-ports jammy/universe arm64 libopenexr25 arm64 2.5.7-1 [723 kB]
#22 38.03 Get:86 http://ports.ubuntu.com/ubuntu-ports jammy/universe arm64 libopenslide0 arm64 3.4.1+dfsg-5build1 [86.7 kB]
#22 38.04 Get:87 http://ports.ubuntu.com/ubuntu-ports jammy-updates/main arm64 liborc-0.4-0 arm64 1:0.4.32-2ubuntu0.1 [222 kB]
#22 38.06 Get:88 http://ports.ubuntu.com/ubuntu-ports jammy/main arm64 libthai-data all 0.1.29-1build1 [162 kB]
#22 38.07 Get:89 http://ports.ubuntu.com/ubuntu-ports jammy/main arm64 libthai0 arm64 0.1.29-1build1 [18.4 kB]
#22 38.07 Get:90 http://ports.ubuntu.com/ubuntu-ports jammy-updates/main arm64 libpango-1.0-0 arm64 1.50.6+ds-2ubuntu1 [225 kB]
#22 38.09 Get:91 http://ports.ubuntu.com/ubuntu-ports jammy-updates/main arm64 libpangoft2-1.0-0 arm64 1.50.6+ds-2ubuntu1 [52.0 kB]
#22 38.09 Get:92 http://ports.ubuntu.com/ubuntu-ports jammy-updates/main arm64 libpangocairo-1.0-0 arm64 1.50.6+ds-2ubuntu1 [37.8 kB]
#22 38.10 Get:93 http://ports.ubuntu.com/ubuntu-ports jammy-updates/main arm64 libpoppler118 arm64 22.02.0-2ubuntu0.13 [1,038 kB]
#22 38.18 Get:94 http://ports.ubuntu.com/ubuntu-ports jammy-updates/main arm64 libpoppler-glib8 arm64 22.02.0-2ubuntu0.13 [128 kB]
#22 38.20 Get:95 http://ports.ubuntu.com/ubuntu-ports jammy-updates/main arm64 librsvg2-2 arm64 2.52.5+dfsg-3ubuntu0.2 [2,765 kB]
#22 38.43 Get:96 http://ports.ubuntu.com/ubuntu-ports jammy/universe arm64 libvips42 arm64 8.12.1-1build1 [1,192 kB]
#22 38.53 Get:97 http://ports.ubuntu.com/ubuntu-ports jammy/universe arm64 libvips-tools arm64 8.12.1-1build1 [31.8 kB]
#22 39.22 debconf: delaying package configuration, since apt-utils is not installed
#22 39.36 Fetched 40.1 MB in 4s (10.4 MB/s)
#22 39.52 Selecting previously unselected package libpython3.10-minimal:arm64.
#22 39.52 (Reading database ... (Reading database ... 5%(Reading database ... 10%(Reading database ... 15%(Reading database ... 20%(Reading database ... 25%(Reading database ... 30%(Reading database ... 35%(Reading database ... 40%(Reading database ... 45%(Reading database ... 50%(Reading database ... 55%(Reading database ... 60%(Reading database ... 65%(Reading database ... 70%(Reading database ... 75%(Reading database ... 80%(Reading database ... 85%(Reading database ... 90%(Reading database ... 95%(Reading database ... 100%(Reading database ... 7977 files and directories currently installed.)
#22 39.56 Preparing to unpack .../libpython3.10-minimal_3.10.12-1~22.04.16_arm64.deb ...
#22 39.57 Unpacking libpython3.10-minimal:arm64 (3.10.12-1~22.04.16) ...
#22 39.85 Selecting previously unselected package python3.10-minimal.
#22 39.85 Preparing to unpack .../python3.10-minimal_3.10.12-1~22.04.16_arm64.deb ...
#22 39.93 Unpacking python3.10-minimal (3.10.12-1~22.04.16) ...
#22 40.14 Setting up libpython3.10-minimal:arm64 (3.10.12-1~22.04.16) ...
#22 40.18 Setting up python3.10-minimal (3.10.12-1~22.04.16) ...
#22 43.66 Selecting previously unselected package python3-minimal.
#22 43.66 (Reading database ... (Reading database ... 5%(Reading database ... 10%(Reading database ... 15%(Reading database ... 20%(Reading database ... 25%(Reading database ... 30%(Reading database ... 35%(Reading database ... 40%(Reading database ... 45%(Reading database ... 50%(Reading database ... 55%(Reading database ... 60%(Reading database ... 65%(Reading database ... 70%(Reading database ... 75%(Reading database ... 80%(Reading database ... 85%(Reading database ... 90%(Reading database ... 95%(Reading database ... 100%(Reading database ... 8273 files and directories currently installed.)
#22 43.68 Preparing to unpack .../0-python3-minimal_3.10.6-1~22.04.1_arm64.deb ...
#22 43.68 Unpacking python3-minimal (3.10.6-1~22.04.1) ...
#22 43.88 Selecting previously unselected package media-types.
#22 43.88 Preparing to unpack .../1-media-types_7.0.0_all.deb ...
#22 43.88 Unpacking media-types (7.0.0) ...
#22 44.06 Selecting previously unselected package libmpdec3:arm64.
#22 44.06 Preparing to unpack .../2-libmpdec3_2.5.1-2build2_arm64.deb ...
#22 44.07 Unpacking libmpdec3:arm64 (2.5.1-2build2) ...
#22 44.25 Selecting previously unselected package readline-common.
#22 44.25 Preparing to unpack .../3-readline-common_8.1.2-1_all.deb ...
#22 44.26 Unpacking readline-common (8.1.2-1) ...
#22 44.43 Selecting previously unselected package libreadline8:arm64.
#22 44.43 Preparing to unpack .../4-libreadline8_8.1.2-1_arm64.deb ...
#22 44.44 Unpacking libreadline8:arm64 (8.1.2-1) ...
#22 44.62 Selecting previously unselected package libsqlite3-0:arm64.
#22 44.62 Preparing to unpack .../5-libsqlite3-0_3.37.2-2ubuntu0.7_arm64.deb ...
#22 44.63 Unpacking libsqlite3-0:arm64 (3.37.2-2ubuntu0.7) ...
#22 44.83 Selecting previously unselected package libpython3.10-stdlib:arm64.
#22 44.84 Preparing to unpack .../6-libpython3.10-stdlib_3.10.12-1~22.04.16_arm64.deb ...
#22 44.84 Unpacking libpython3.10-stdlib:arm64 (3.10.12-1~22.04.16) ...
#22 45.11 Selecting previously unselected package python3.10.
#22 45.11 Preparing to unpack .../7-python3.10_3.10.12-1~22.04.16_arm64.deb ...
#22 45.11 Unpacking python3.10 (3.10.12-1~22.04.16) ...
#22 45.28 Selecting previously unselected package libpython3-stdlib:arm64.
#22 45.29 Preparing to unpack .../8-libpython3-stdlib_3.10.6-1~22.04.1_arm64.deb ...
#22 45.29 Unpacking libpython3-stdlib:arm64 (3.10.6-1~22.04.1) ...
#22 45.41 Setting up python3-minimal (3.10.6-1~22.04.1) ...
#22 46.93 Selecting previously unselected package python3.
#22 46.93 (Reading database ... (Reading database ... 5%(Reading database ... 10%(Reading database ... 15%(Reading database ... 20%(Reading database ... 25%(Reading database ... 30%(Reading database ... 35%(Reading database ... 40%(Reading database ... 45%(Reading database ... 50%(Reading database ... 55%(Reading database ... 60%(Reading database ... 65%(Reading database ... 70%(Reading database ... 75%(Reading database ... 80%(Reading database ... 85%(Reading database ... 90%(Reading database ... 95%(Reading database ... 100%(Reading database ... 8703 files and directories currently installed.)
#22 46.95 Preparing to unpack .../00-python3_3.10.6-1~22.04.1_arm64.deb ...
#22 47.03 Unpacking python3 (3.10.6-1~22.04.1) ...
#22 47.23 Selecting previously unselected package libgomp1:arm64.
#22 47.24 Preparing to unpack .../01-libgomp1_12.3.0-1ubuntu1~22.04.3_arm64.deb ...
#22 47.24 Unpacking libgomp1:arm64 (12.3.0-1ubuntu1~22.04.3) ...
#22 47.43 Selecting previously unselected package libfftw3-double3:arm64.
#22 47.43 Preparing to unpack .../02-libfftw3-double3_3.3.8-2ubuntu8_arm64.deb ...
#22 47.43 Unpacking libfftw3-double3:arm64 (3.3.8-2ubuntu8) ...
#22 47.69 Selecting previously unselected package libaom3:arm64.
#22 47.69 Preparing to unpack .../03-libaom3_3.3.0-1ubuntu0.1_arm64.deb ...
#22 47.70 Unpacking libaom3:arm64 (3.3.0-1ubuntu0.1) ...
#22 47.91 Selecting previously unselected package libdav1d5:arm64.
#22 47.91 Preparing to unpack .../04-libdav1d5_0.9.2-1_arm64.deb ...
#22 47.91 Unpacking libdav1d5:arm64 (0.9.2-1) ...
#22 48.09 Selecting previously unselected package libde265-0:arm64.
#22 48.09 Preparing to unpack .../05-libde265-0_1.0.8-1ubuntu0.3_arm64.deb ...
#22 48.10 Unpacking libde265-0:arm64 (1.0.8-1ubuntu0.3) ...
#22 48.28 Selecting previously unselected package libnuma1:arm64.
#22 48.28 Preparing to unpack .../06-libnuma1_2.0.14-3ubuntu2_arm64.deb ...
#22 48.28 Unpacking libnuma1:arm64 (2.0.14-3ubuntu2) ...
#22 48.47 Selecting previously unselected package libx265-199:arm64.
#22 48.47 Preparing to unpack .../07-libx265-199_3.5-2_arm64.deb ...
#22 48.48 Unpacking libx265-199:arm64 (3.5-2) ...
#22 48.68 Selecting previously unselected package libheif1:arm64.
#22 48.68 Preparing to unpack .../08-libheif1_1.12.0-2build1_arm64.deb ...
#22 48.68 Unpacking libheif1:arm64 (1.12.0-2build1) ...
#22 48.86 Selecting previously unselected package libjbig0:arm64.
#22 48.86 Preparing to unpack .../09-libjbig0_2.1-3.1ubuntu0.22.04.1_arm64.deb ...
#22 48.86 Unpacking libjbig0:arm64 (2.1-3.1ubuntu0.22.04.1) ...
#22 49.04 Selecting previously unselected package libjpeg-turbo8:arm64.
#22 49.04 Preparing to unpack .../10-libjpeg-turbo8_2.1.2-0ubuntu1_arm64.deb ...
#22 49.04 Unpacking libjpeg-turbo8:arm64 (2.1.2-0ubuntu1) ...
#22 49.21 Selecting previously unselected package libjpeg8:arm64.
#22 49.22 Preparing to unpack .../11-libjpeg8_8c-2ubuntu10_arm64.deb ...
#22 49.22 Unpacking libjpeg8:arm64 (8c-2ubuntu10) ...
#22 49.39 Selecting previously unselected package liblcms2-2:arm64.
#22 49.39 Preparing to unpack .../12-liblcms2-2_2.12~rc1-2ubuntu0.1_arm64.deb ...
#22 49.40 Unpacking liblcms2-2:arm64 (2.12~rc1-2ubuntu0.1) ...
#22 49.59 Selecting previously unselected package libglib2.0-0:arm64.
#22 49.59 Preparing to unpack .../13-libglib2.0-0_2.72.4-0ubuntu2.9_arm64.deb ...
#22 49.60 Unpacking libglib2.0-0:arm64 (2.72.4-0ubuntu2.9) ...
#22 49.83 Selecting previously unselected package liblqr-1-0:arm64.
#22 49.83 Preparing to unpack .../14-liblqr-1-0_0.4.2-2.1_arm64.deb ...
#22 49.83 Unpacking liblqr-1-0:arm64 (0.4.2-2.1) ...
#22 50.03 Selecting previously unselected package libltdl7:arm64.
#22 50.03 Preparing to unpack .../15-libltdl7_2.4.6-15build2_arm64.deb ...
#22 50.03 Unpacking libltdl7:arm64 (2.4.6-15build2) ...
#22 50.20 Selecting previously unselected package libopenjp2-7:arm64.
#22 50.20 Preparing to unpack .../16-libopenjp2-7_2.4.0-6ubuntu0.5_arm64.deb ...
#22 50.21 Unpacking libopenjp2-7:arm64 (2.4.0-6ubuntu0.5) ...
#22 50.38 Selecting previously unselected package libdeflate0:arm64.
#22 50.38 Preparing to unpack .../17-libdeflate0_1.10-2_arm64.deb ...
#22 50.38 Unpacking libdeflate0:arm64 (1.10-2) ...
#22 50.56 Selecting previously unselected package libwebp7:arm64.
#22 50.56 Preparing to unpack .../18-libwebp7_1.2.2-2ubuntu0.22.04.2_arm64.deb ...
#22 50.56 Unpacking libwebp7:arm64 (1.2.2-2ubuntu0.22.04.2) ...
#22 50.74 Selecting previously unselected package libtiff5:arm64.
#22 50.74 Preparing to unpack .../19-libtiff5_4.3.0-6ubuntu0.13_arm64.deb ...
#22 50.74 Unpacking libtiff5:arm64 (4.3.0-6ubuntu0.13) ...
#22 50.92 Selecting previously unselected package libwebpdemux2:arm64.
#22 50.92 Preparing to unpack .../20-libwebpdemux2_1.2.2-2ubuntu0.22.04.2_arm64.deb ...
#22 50.93 Unpacking libwebpdemux2:arm64 (1.2.2-2ubuntu0.22.04.2) ...
#22 51.10 Selecting previously unselected package libwebpmux3:arm64.
#22 51.10 Preparing to unpack .../21-libwebpmux3_1.2.2-2ubuntu0.22.04.2_arm64.deb ...
#22 51.11 Unpacking libwebpmux3:arm64 (1.2.2-2ubuntu0.22.04.2) ...
#22 51.29 Selecting previously unselected package libxau6:arm64.
#22 51.30 Preparing to unpack .../22-libxau6_1%3a1.0.9-1build5_arm64.deb ...
#22 51.30 Unpacking libxau6:arm64 (1:1.0.9-1build5) ...
#22 51.48 Selecting previously unselected package libmd0:arm64.
#22 51.48 Preparing to unpack .../23-libmd0_1.0.4-1build1_arm64.deb ...
#22 51.48 Unpacking libmd0:arm64 (1.0.4-1build1) ...
#22 51.66 Selecting previously unselected package libbsd0:arm64.
#22 51.66 Preparing to unpack .../24-libbsd0_0.11.5-1_arm64.deb ...
#22 51.66 Unpacking libbsd0:arm64 (0.11.5-1) ...
#22 51.83 Selecting previously unselected package libxdmcp6:arm64.
#22 51.83 Preparing to unpack .../25-libxdmcp6_1%3a1.1.3-0ubuntu5_arm64.deb ...
#22 51.83 Unpacking libxdmcp6:arm64 (1:1.1.3-0ubuntu5) ...
#22 52.01 Selecting previously unselected package libxcb1:arm64.
#22 52.01 Preparing to unpack .../26-libxcb1_1.14-3ubuntu3_arm64.deb ...
#22 52.01 Unpacking libxcb1:arm64 (1.14-3ubuntu3) ...
#22 52.19 Selecting previously unselected package libx11-data.
#22 52.20 Preparing to unpack .../27-libx11-data_2%3a1.7.5-1ubuntu0.3_all.deb ...
#22 52.20 Unpacking libx11-data (2:1.7.5-1ubuntu0.3) ...
#22 52.44 Selecting previously unselected package libx11-6:arm64.
#22 52.44 Preparing to unpack .../28-libx11-6_2%3a1.7.5-1ubuntu0.3_arm64.deb ...
#22 52.44 Unpacking libx11-6:arm64 (2:1.7.5-1ubuntu0.3) ...
#22 52.63 Selecting previously unselected package libxext6:arm64.
#22 52.64 Preparing to unpack .../29-libxext6_2%3a1.3.4-1build1_arm64.deb ...
#22 52.64 Unpacking libxext6:arm64 (2:1.3.4-1build1) ...
#22 52.84 Selecting previously unselected package libicu70:arm64.
#22 52.85 Preparing to unpack .../30-libicu70_70.1-2_arm64.deb ...
#22 52.85 Unpacking libicu70:arm64 (70.1-2) ...
#22 53.31 Selecting previously unselected package libxml2:arm64.
#22 53.31 Preparing to unpack .../31-libxml2_2.9.13+dfsg-1ubuntu0.12_arm64.deb ...
#22 53.31 Unpacking libxml2:arm64 (2.9.13+dfsg-1ubuntu0.12) ...
#22 53.51 Selecting previously unselected package imagemagick-6-common.
#22 53.51 Preparing to unpack .../32-imagemagick-6-common_8%3a6.9.11.60+dfsg-1.3ubuntu0.22.04.5_all.deb ...
#22 53.52 Unpacking imagemagick-6-common (8:6.9.11.60+dfsg-1.3ubuntu0.22.04.5) ...
#22 53.71 Selecting previously unselected package libmagickcore-6.q16-6:arm64.
#22 53.71 Preparing to unpack .../33-libmagickcore-6.q16-6_8%3a6.9.11.60+dfsg-1.3ubuntu0.22.04.5_arm64.deb ...
#22 53.71 Unpacking libmagickcore-6.q16-6:arm64 (8:6.9.11.60+dfsg-1.3ubuntu0.22.04.5) ...
#22 53.98 Selecting previously unselected package libfribidi0:arm64.
#22 53.98 Preparing to unpack .../34-libfribidi0_1.0.8-2ubuntu3.1_arm64.deb ...
#22 53.98 Unpacking libfribidi0:arm64 (1.0.8-2ubuntu3.1) ...
#22 54.16 Selecting previously unselected package shared-mime-info.
#22 54.16 Preparing to unpack .../35-shared-mime-info_2.1-2_arm64.deb ...
#22 54.16 Unpacking shared-mime-info (2.1-2) ...
#22 54.35 Selecting previously unselected package libnghttp2-14:arm64.
#22 54.36 Preparing to unpack .../36-libnghttp2-14_1.43.0-1ubuntu0.4_arm64.deb ...
#22 54.36 Unpacking libnghttp2-14:arm64 (1.43.0-1ubuntu0.4) ...
#22 54.54 Selecting previously unselected package libpsl5:arm64.
#22 54.54 Preparing to unpack .../37-libpsl5_0.21.0-1.2build2_arm64.deb ...
#22 54.54 Unpacking libpsl5:arm64 (0.21.0-1.2build2) ...
#22 54.72 Selecting previously unselected package libsasl2-modules-db:arm64.
#22 54.72 Preparing to unpack .../38-libsasl2-modules-db_2.1.27+dfsg2-3ubuntu1.2_arm64.deb ...
#22 54.73 Unpacking libsasl2-modules-db:arm64 (2.1.27+dfsg2-3ubuntu1.2) ...
#22 54.91 Selecting previously unselected package libsasl2-2:arm64.
#22 54.91 Preparing to unpack .../39-libsasl2-2_2.1.27+dfsg2-3ubuntu1.2_arm64.deb ...
#22 54.91 Unpacking libsasl2-2:arm64 (2.1.27+dfsg2-3ubuntu1.2) ...
#22 55.09 Selecting previously unselected package libldap-2.5-0:arm64.
#22 55.09 Preparing to unpack .../40-libldap-2.5-0_2.5.20+dfsg-0ubuntu0.22.04.1_arm64.deb ...
#22 55.09 Unpacking libldap-2.5-0:arm64 (2.5.20+dfsg-0ubuntu0.22.04.1) ...
#22 55.27 Selecting previously unselected package librtmp1:arm64.
#22 55.27 Preparing to unpack .../41-librtmp1_2.4+20151223.gitfa8646d.1-2build4_arm64.deb ...
#22 55.27 Unpacking librtmp1:arm64 (2.4+20151223.gitfa8646d.1-2build4) ...
#22 55.45 Selecting previously unselected package libssh-4:arm64.
#22 55.45 Preparing to unpack .../42-libssh-4_0.9.6-2ubuntu0.22.04.7_arm64.deb ...
#22 55.45 Unpacking libssh-4:arm64 (0.9.6-2ubuntu0.22.04.7) ...
#22 55.66 Selecting previously unselected package libcurl4:arm64.
#22 55.66 Preparing to unpack .../43-libcurl4_7.81.0-1ubuntu1.25_arm64.deb ...
#22 55.66 Unpacking libcurl4:arm64 (7.81.0-1ubuntu1.25) ...
#22 55.85 Selecting previously unselected package curl.
#22 55.86 Preparing to unpack .../44-curl_7.81.0-1ubuntu1.25_arm64.deb ...
#22 55.86 Unpacking curl (7.81.0-1ubuntu1.25) ...
#22 56.04 Selecting previously unselected package libonig5:arm64.
#22 56.04 Preparing to unpack .../45-libonig5_6.9.7.1-2build1_arm64.deb ...
#22 56.05 Unpacking libonig5:arm64 (6.9.7.1-2build1) ...
#22 56.23 Selecting previously unselected package libjq1:arm64.
#22 56.23 Preparing to unpack .../46-libjq1_1.6-2.1ubuntu3.2_arm64.deb ...
#22 56.23 Unpacking libjq1:arm64 (1.6-2.1ubuntu3.2) ...
#22 56.40 Selecting previously unselected package jq.
#22 56.40 Preparing to unpack .../47-jq_1.6-2.1ubuntu3.2_arm64.deb ...
#22 56.41 Unpacking jq (1.6-2.1ubuntu3.2) ...
#22 56.58 Selecting previously unselected package libaec0:arm64.
#22 56.58 Preparing to unpack .../48-libaec0_1.0.6-1_arm64.deb ...
#22 56.58 Unpacking libaec0:arm64 (1.0.6-1) ...
#22 56.77 Selecting previously unselected package libpixman-1-0:arm64.
#22 56.77 Preparing to unpack .../49-libpixman-1-0_0.40.0-1ubuntu0.22.04.1_arm64.deb ...
#22 56.77 Unpacking libpixman-1-0:arm64 (0.40.0-1ubuntu0.22.04.1) ...
#22 56.95 Selecting previously unselected package libxcb-render0:arm64.
#22 56.95 Preparing to unpack .../50-libxcb-render0_1.14-3ubuntu3_arm64.deb ...
#22 56.96 Unpacking libxcb-render0:arm64 (1.14-3ubuntu3) ...
#22 57.14 Selecting previously unselected package libxcb-shm0:arm64.
#22 57.14 Preparing to unpack .../51-libxcb-shm0_1.14-3ubuntu3_arm64.deb ...
#22 57.15 Unpacking libxcb-shm0:arm64 (1.14-3ubuntu3) ...
#22 57.33 Selecting previously unselected package libxrender1:arm64.
#22 57.33 Preparing to unpack .../52-libxrender1_1%3a0.9.10-1build4_arm64.deb ...
#22 57.33 Unpacking libxrender1:arm64 (1:0.9.10-1build4) ...
#22 57.50 Selecting previously unselected package libcairo2:arm64.
#22 57.51 Preparing to unpack .../53-libcairo2_1.16.0-5ubuntu2.1_arm64.deb ...
#22 57.51 Unpacking libcairo2:arm64 (1.16.0-5ubuntu2.1) ...
#22 57.69 Selecting previously unselected package libcairo-gobject2:arm64.
#22 57.70 Preparing to unpack .../54-libcairo-gobject2_1.16.0-5ubuntu2.1_arm64.deb ...
#22 57.70 Unpacking libcairo-gobject2:arm64 (1.16.0-5ubuntu2.1) ...
#22 57.89 Selecting previously unselected package libcurl3-gnutls:arm64.
#22 57.89 Preparing to unpack .../55-libcurl3-gnutls_7.81.0-1ubuntu1.25_arm64.deb ...
#22 57.89 Unpacking libcurl3-gnutls:arm64 (7.81.0-1ubuntu1.25) ...
#22 58.07 Selecting previously unselected package libcfitsio9:arm64.
#22 58.08 Preparing to unpack .../56-libcfitsio9_4.0.0-1_arm64.deb ...
#22 58.08 Unpacking libcfitsio9:arm64 (4.0.0-1) ...
#22 58.27 Selecting previously unselected package libcgif0.
#22 58.28 Preparing to unpack .../57-libcgif0_0.2.0-1_arm64.deb ...
#22 58.28 Unpacking libcgif0 (0.2.0-1) ...
#22 58.46 Selecting previously unselected package libdatrie1:arm64.
#22 58.46 Preparing to unpack .../58-libdatrie1_0.2.13-2_arm64.deb ...
#22 58.47 Unpacking libdatrie1:arm64 (0.2.13-2) ...
#22 58.64 Selecting previously unselected package libexif12:arm64.
#22 58.64 Preparing to unpack .../59-libexif12_0.6.24-1ubuntu0.22.04.1_arm64.deb ...
#22 58.64 Unpacking libexif12:arm64 (0.6.24-1ubuntu0.22.04.1) ...
#22 58.82 Selecting previously unselected package libgdk-pixbuf2.0-common.
#22 58.82 Preparing to unpack .../60-libgdk-pixbuf2.0-common_2.42.8+dfsg-1ubuntu0.5_all.deb ...
#22 58.83 Unpacking libgdk-pixbuf2.0-common (2.42.8+dfsg-1ubuntu0.5) ...
#22 59.01 Selecting previously unselected package libgdk-pixbuf-2.0-0:arm64.
#22 59.01 Preparing to unpack .../61-libgdk-pixbuf-2.0-0_2.42.8+dfsg-1ubuntu0.5_arm64.deb ...
#22 59.01 Unpacking libgdk-pixbuf-2.0-0:arm64 (2.42.8+dfsg-1ubuntu0.5) ...
#22 59.21 Selecting previously unselected package libgraphite2-3:arm64.
#22 59.21 Preparing to unpack .../62-libgraphite2-3_1.3.14-1ubuntu0.1_arm64.deb ...
#22 59.21 Unpacking libgraphite2-3:arm64 (1.3.14-1ubuntu0.1) ...
#22 59.37 Selecting previously unselected package libgsf-1-common.
#22 59.38 Preparing to unpack .../63-libgsf-1-common_1.14.47-1ubuntu0.1_all.deb ...
#22 59.38 Unpacking libgsf-1-common (1.14.47-1ubuntu0.1) ...
#22 59.56 Selecting previously unselected package libgsf-1-114:arm64.
#22 59.56 Preparing to unpack .../64-libgsf-1-114_1.14.47-1ubuntu0.1_arm64.deb ...
#22 59.56 Unpacking libgsf-1-114:arm64 (1.14.47-1ubuntu0.1) ...
#22 59.75 Selecting previously unselected package libharfbuzz0b:arm64.
#22 59.75 Preparing to unpack .../65-libharfbuzz0b_2.7.4-1ubuntu3.2_arm64.deb ...
#22 59.76 Unpacking libharfbuzz0b:arm64 (2.7.4-1ubuntu3.2) ...
#22 59.94 Selecting previously unselected package libsz2:arm64.
#22 59.94 Preparing to unpack .../66-libsz2_1.0.6-1_arm64.deb ...
#22 59.94 Unpacking libsz2:arm64 (1.0.6-1) ...
#22 60.12 Selecting previously unselected package libhdf5-103-1:arm64.
#22 60.12 Preparing to unpack .../67-libhdf5-103-1_1.10.7+repack-4ubuntu2_arm64.deb ...
#22 60.13 Unpacking libhdf5-103-1:arm64 (1.10.7+repack-4ubuntu2) ...
#22 60.34 Selecting previously unselected package libilmbase25:arm64.
#22 60.34 Preparing to unpack .../68-libilmbase25_2.5.7-2_arm64.deb ...
#22 60.34 Unpacking libilmbase25:arm64 (2.5.7-2) ...
#22 60.52 Selecting previously unselected package libimagequant0:arm64.
#22 60.52 Preparing to unpack .../69-libimagequant0_2.17.0-1_arm64.deb ...
#22 60.53 Unpacking libimagequant0:arm64 (2.17.0-1) ...
#22 60.69 Selecting previously unselected package libmatio11:arm64.
#22 60.69 Preparing to unpack .../70-libmatio11_1.5.21-1_arm64.deb ...
#22 60.69 Unpacking libmatio11:arm64 (1.5.21-1) ...
#22 60.87 Selecting previously unselected package libnspr4:arm64.
#22 60.88 Preparing to unpack .../71-libnspr4_2%3a4.35-0ubuntu0.22.04.1_arm64.deb ...
#22 60.88 Unpacking libnspr4:arm64 (2:4.35-0ubuntu0.22.04.1) ...
#22 61.06 Selecting previously unselected package libnss3:arm64.
#22 61.06 Preparing to unpack .../72-libnss3_2%3a3.98-0ubuntu0.22.04.4_arm64.deb ...
#22 61.06 Unpacking libnss3:arm64 (2:3.98-0ubuntu0.22.04.4) ...
#22 61.52 Selecting previously unselected package libopenexr25:arm64.
#22 61.52 Preparing to unpack .../73-libopenexr25_2.5.7-1_arm64.deb ...
#22 61.53 Unpacking libopenexr25:arm64 (2.5.7-1) ...
#22 61.72 Selecting previously unselected package libopenslide0.
#22 61.72 Preparing to unpack .../74-libopenslide0_3.4.1+dfsg-5build1_arm64.deb ...
#22 61.73 Unpacking libopenslide0 (3.4.1+dfsg-5build1) ...
#22 61.92 Selecting previously unselected package liborc-0.4-0:arm64.
#22 61.92 Preparing to unpack .../75-liborc-0.4-0_1%3a0.4.32-2ubuntu0.1_arm64.deb ...
#22 61.93 Unpacking liborc-0.4-0:arm64 (1:0.4.32-2ubuntu0.1) ...
#22 62.11 Selecting previously unselected package libthai-data.
#22 62.11 Preparing to unpack .../76-libthai-data_0.1.29-1build1_all.deb ...
#22 62.11 Unpacking libthai-data (0.1.29-1build1) ...
#22 62.31 Selecting previously unselected package libthai0:arm64.
#22 62.31 Preparing to unpack .../77-libthai0_0.1.29-1build1_arm64.deb ...
#22 62.32 Unpacking libthai0:arm64 (0.1.29-1build1) ...
#22 62.51 Selecting previously unselected package libpango-1.0-0:arm64.
#22 62.51 Preparing to unpack .../78-libpango-1.0-0_1.50.6+ds-2ubuntu1_arm64.deb ...
#22 62.51 Unpacking libpango-1.0-0:arm64 (1.50.6+ds-2ubuntu1) ...
#22 62.69 Selecting previously unselected package libpangoft2-1.0-0:arm64.
#22 62.70 Preparing to unpack .../79-libpangoft2-1.0-0_1.50.6+ds-2ubuntu1_arm64.deb ...
#22 62.70 Unpacking libpangoft2-1.0-0:arm64 (1.50.6+ds-2ubuntu1) ...
#22 62.88 Selecting previously unselected package libpangocairo-1.0-0:arm64.
#22 62.88 Preparing to unpack .../80-libpangocairo-1.0-0_1.50.6+ds-2ubuntu1_arm64.deb ...
#22 62.88 Unpacking libpangocairo-1.0-0:arm64 (1.50.6+ds-2ubuntu1) ...
#22 63.07 Selecting previously unselected package libpoppler118:arm64.
#22 63.07 Preparing to unpack .../81-libpoppler118_22.02.0-2ubuntu0.13_arm64.deb ...
#22 63.07 Unpacking libpoppler118:arm64 (22.02.0-2ubuntu0.13) ...
#22 63.31 Selecting previously unselected package libpoppler-glib8:arm64.
#22 63.31 Preparing to unpack .../82-libpoppler-glib8_22.02.0-2ubuntu0.13_arm64.deb ...
#22 63.31 Unpacking libpoppler-glib8:arm64 (22.02.0-2ubuntu0.13) ...
#22 63.49 Selecting previously unselected package librsvg2-2:arm64.
#22 63.49 Preparing to unpack .../83-librsvg2-2_2.52.5+dfsg-3ubuntu0.2_arm64.deb ...
#22 63.50 Unpacking librsvg2-2:arm64 (2.52.5+dfsg-3ubuntu0.2) ...
#22 63.78 Selecting previously unselected package libvips42:arm64.
#22 63.78 Preparing to unpack .../84-libvips42_8.12.1-1build1_arm64.deb ...
#22 63.78 Unpacking libvips42:arm64 (8.12.1-1build1) ...
#22 63.99 Selecting previously unselected package libvips-tools.
#22 63.99 Preparing to unpack .../85-libvips-tools_8.12.1-1build1_arm64.deb ...
#22 64.00 Unpacking libvips-tools (8.12.1-1build1) ...
#22 64.13 Setting up media-types (7.0.0) ...
#22 64.15 Setting up libgsf-1-common (1.14.47-1ubuntu0.1) ...
#22 64.16 Setting up libgraphite2-3:arm64 (1.3.14-1ubuntu0.1) ...
#22 64.17 Setting up liblcms2-2:arm64 (2.12~rc1-2ubuntu0.1) ...
#22 64.18 Setting up libpixman-1-0:arm64 (0.40.0-1ubuntu0.22.04.1) ...
#22 64.19 Setting up libaom3:arm64 (3.3.0-1ubuntu0.1) ...
#22 64.19 Setting up libxau6:arm64 (1:1.0.9-1build5) ...
#22 64.20 Setting up imagemagick-6-common (8:6.9.11.60+dfsg-1.3ubuntu0.22.04.5) ...
#22 64.25 Setting up libpsl5:arm64 (0.21.0-1.2build2) ...
#22 64.26 Setting up libcgif0 (0.2.0-1) ...
#22 64.27 Setting up libdatrie1:arm64 (0.2.13-2) ...
#22 64.28 Setting up libglib2.0-0:arm64 (2.72.4-0ubuntu2.9) ...
#22 64.38 No schema files found: doing nothing.
#22 64.41 Setting up libsqlite3-0:arm64 (3.37.2-2ubuntu0.7) ...
#22 64.42 Setting up libgdk-pixbuf2.0-common (2.42.8+dfsg-1ubuntu0.5) ...
#22 64.43 Setting up libnghttp2-14:arm64 (1.43.0-1ubuntu0.4) ...
#22 64.44 Setting up libdeflate0:arm64 (1.10-2) ...
#22 64.45 Setting up libilmbase25:arm64 (2.5.7-2) ...
#22 64.46 Setting up libgomp1:arm64 (12.3.0-1ubuntu1~22.04.3) ...
#22 64.47 Setting up libjbig0:arm64 (2.1-3.1ubuntu0.22.04.1) ...
#22 64.48 Setting up libaec0:arm64 (1.0.6-1) ...
#22 64.49 Setting up libsasl2-modules-db:arm64 (2.1.27+dfsg2-3ubuntu1.2) ...
#22 64.50 Setting up libopenexr25:arm64 (2.5.7-1) ...
#22 64.50 Setting up libx11-data (2:1.7.5-1ubuntu0.3) ...
#22 64.51 Setting up libnspr4:arm64 (2:4.35-0ubuntu0.22.04.1) ...
#22 64.52 Setting up librtmp1:arm64 (2.4+20151223.gitfa8646d.1-2build4) ...
#22 64.53 Setting up libfribidi0:arm64 (1.0.8-2ubuntu3.1) ...
#22 64.54 Setting up libexif12:arm64 (0.6.24-1ubuntu0.22.04.1) ...
#22 64.55 Setting up libimagequant0:arm64 (2.17.0-1) ...
#22 64.56 Setting up liborc-0.4-0:arm64 (1:0.4.32-2ubuntu0.1) ...
#22 64.57 Setting up libjpeg-turbo8:arm64 (2.1.2-0ubuntu1) ...
#22 64.58 Setting up libltdl7:arm64 (2.4.6-15build2) ...
#22 64.59 Setting up libfftw3-double3:arm64 (3.3.8-2ubuntu8) ...
#22 64.60 Setting up libsasl2-2:arm64 (2.1.27+dfsg2-3ubuntu1.2) ...
#22 64.61 Setting up libssh-4:arm64 (0.9.6-2ubuntu0.22.04.7) ...
#22 64.62 Setting up libwebp7:arm64 (1.2.2-2ubuntu0.22.04.2) ...
#22 64.63 Setting up libnuma1:arm64 (2.0.14-3ubuntu2) ...
#22 64.64 Setting up libmd0:arm64 (1.0.4-1build1) ...
#22 64.65 Setting up liblqr-1-0:arm64 (0.4.2-2.1) ...
#22 64.66 Setting up libmpdec3:arm64 (2.5.1-2build2) ...
#22 64.66 Setting up libopenjp2-7:arm64 (2.4.0-6ubuntu0.5) ...
#22 64.67 Setting up libharfbuzz0b:arm64 (2.7.4-1ubuntu3.2) ...
#22 64.68 Setting up libthai-data (0.1.29-1build1) ...
#22 64.69 Setting up libdav1d5:arm64 (0.9.2-1) ...
#22 64.70 Setting up libde265-0:arm64 (1.0.8-1ubuntu0.3) ...
#22 64.71 Setting up libwebpmux3:arm64 (1.2.2-2ubuntu0.22.04.2) ...
#22 64.72 Setting up libbsd0:arm64 (0.11.5-1) ...
#22 64.72 Setting up readline-common (8.1.2-1) ...
#22 64.79 Setting up libonig5:arm64 (6.9.7.1-2build1) ...
#22 64.80 Setting up libsz2:arm64 (1.0.6-1) ...
#22 64.81 Setting up libicu70:arm64 (70.1-2) ...
#22 64.81 Setting up libjpeg8:arm64 (8c-2ubuntu10) ...
#22 64.82 Setting up libxdmcp6:arm64 (1:1.1.3-0ubuntu5) ...
#22 64.83 Setting up libxcb1:arm64 (1.14-3ubuntu3) ...
#22 64.84 Setting up libxcb-render0:arm64 (1.14-3ubuntu3) ...
#22 64.85 Setting up libjq1:arm64 (1.6-2.1ubuntu3.2) ...
#22 64.86 Setting up libwebpdemux2:arm64 (1.2.2-2ubuntu0.22.04.2) ...
#22 64.87 Setting up libreadline8:arm64 (8.1.2-1) ...
#22 64.88 Setting up libnss3:arm64 (2:3.98-0ubuntu0.22.04.4) ...
#22 64.88 Setting up libxcb-shm0:arm64 (1.14-3ubuntu3) ...
#22 64.89 Setting up libldap-2.5-0:arm64 (2.5.20+dfsg-0ubuntu0.22.04.1) ...
#22 64.90 Setting up libpython3.10-stdlib:arm64 (3.10.12-1~22.04.16) ...
#22 64.91 Setting up libthai0:arm64 (0.1.29-1build1) ...
#22 64.92 Setting up libx265-199:arm64 (3.5-2) ...
#22 64.93 Setting up jq (1.6-2.1ubuntu3.2) ...
#22 64.94 Setting up libcurl4:arm64 (7.81.0-1ubuntu1.25) ...
#22 64.95 Setting up libx11-6:arm64 (2:1.7.5-1ubuntu0.3) ...
#22 64.96 Setting up libtiff5:arm64 (4.3.0-6ubuntu0.13) ...
#22 64.97 Setting up curl (7.81.0-1ubuntu1.25) ...
#22 64.98 Setting up libxml2:arm64 (2.9.13+dfsg-1ubuntu0.12) ...
#22 64.98 Setting up libpython3-stdlib:arm64 (3.10.6-1~22.04.1) ...
#22 64.99 Setting up python3.10 (3.10.12-1~22.04.16) ...
#22 68.41 Setting up libxrender1:arm64 (1:0.9.10-1build4) ...
#22 68.42 Setting up libpango-1.0-0:arm64 (1.50.6+ds-2ubuntu1) ...
#22 68.43 Setting up libheif1:arm64 (1.12.0-2build1) ...
#22 68.44 Setting up libxext6:arm64 (2:1.3.4-1build1) ...
#22 68.45 Setting up libcurl3-gnutls:arm64 (7.81.0-1ubuntu1.25) ...
#22 68.46 Setting up python3 (3.10.6-1~22.04.1) ...
#22 68.57 running python rtupdate hooks for python3.10...
#22 68.57 running python post-rtupdate hooks for python3.10...
#22 69.45 Setting up libcairo2:arm64 (1.16.0-5ubuntu2.1) ...
#22 69.46 Setting up libgsf-1-114:arm64 (1.14.47-1ubuntu0.1) ...
#22 69.48 Setting up libcfitsio9:arm64 (4.0.0-1) ...
#22 69.49 Setting up libpoppler118:arm64 (22.02.0-2ubuntu0.13) ...
#22 69.50 Setting up libmagickcore-6.q16-6:arm64 (8:6.9.11.60+dfsg-1.3ubuntu0.22.04.5) ...
#22 69.51 Setting up shared-mime-info (2.1-2) ...
#22 71.81 Setting up libhdf5-103-1:arm64 (1.10.7+repack-4ubuntu2) ...
#22 71.82 Setting up libgdk-pixbuf-2.0-0:arm64 (2.42.8+dfsg-1ubuntu0.5) ...
#22 71.98 Setting up libcairo-gobject2:arm64 (1.16.0-5ubuntu2.1) ...
#22 71.99 Setting up libpangoft2-1.0-0:arm64 (1.50.6+ds-2ubuntu1) ...
#22 71.99 Setting up libopenslide0 (3.4.1+dfsg-5build1) ...
#22 72.00 Setting up libpangocairo-1.0-0:arm64 (1.50.6+ds-2ubuntu1) ...
#22 72.01 Setting up libpoppler-glib8:arm64 (22.02.0-2ubuntu0.13) ...
#22 72.02 Setting up librsvg2-2:arm64 (2.52.5+dfsg-3ubuntu0.2) ...
#22 72.03 Setting up libmatio11:arm64 (1.5.21-1) ...
#22 72.04 Setting up libvips42:arm64 (8.12.1-1build1) ...
#22 72.05 Setting up libvips-tools (8.12.1-1build1) ...
#22 72.06 Processing triggers for libc-bin (2.35-0ubuntu3.14) ...
#22 72.36 
#22 72.36 WARNING: apt does not have a stable CLI interface. Use with caution in scripts.
#22 72.36 
#22 72.43 
#22 72.43 WARNING: apt does not have a stable CLI interface. Use with caution in scripts.
#22 72.43 
#22 72.72 Reading package lists...
#22 80.90 Building dependency tree...
#22 81.66 Reading state information...
#22 82.51 0 upgraded, 0 newly installed, 0 to remove and 2 not upgraded.
#22 DONE 82.6s

#23 exporting to image
#23 exporting layers
#23 exporting layers 9.1s done
#23 exporting manifest sha256:da49ddaf3e25fb453d8fbab2953a81c6ca6c6150dce361de55add49d578fe35c 0.0s done
#23 exporting config sha256:54748e5d44430cedd214181084cb631bf0bd4cb137c23c544578730c1df6a3a6 done
#23 exporting attestation manifest sha256:e1344e3abf2db2cdae6675ef3cef09b4ece19aea3209473af69a8ea6b649dc23 0.0s done
#23 exporting manifest sha256:6da8d828976cacc6c92ed47e5e717974406899fd4267686bd39a0d4ff71a1295 done
#23 exporting config sha256:965e5b8d830b125fdbb913bbe333e7a68803120c93a5c16f0527308cf00e01c5 done
#23 exporting attestation manifest sha256:cb18cf3f16bf634d621b5023a5e081a1af53722ee03befe379fcd6b94fbe927d 0.0s done
#23 exporting manifest list sha256:b1a58d77a39a6bb644a376f1f13dc4fc9f7ab069350642034f9085876c70c814 done
#23 pushing layers
#23 ...

#24 [auth] peregrinecms/peregrine-cms:pull,push token for registry-1.docker.io
#24 DONE 0.0s

#23 exporting to image
#23 pushing layers 58.2s done
#23 pushing manifest for docker.io/peregrinecms/peregrine-cms:develop-java25-node20-sling14@sha256:b1a58d77a39a6bb644a376f1f13dc4fc9f7ab069350642034f9085876c70c814
#23 pushing manifest for docker.io/peregrinecms/peregrine-cms:develop-java25-node20-sling14@sha256:b1a58d77a39a6bb644a376f1f13dc4fc9f7ab069350642034f9085876c70c814 4.1s done
#23 DONE 71.6s

 [33m1 warning found (use docker --debug to expand):
[0m - JSONArgsRecommended: JSON arguments recommended for ENTRYPOINT to prevent unintended behavior related to OS signals (line 51)
